单词,美式音标,中文翻译,例句,例句翻译
reproduce,",riprə'dus",v. 复制；再生；生殖；使…在脑海中重现,The turtles return to the coast to reproduce.,海龟回到岸上繁殖。
independent,'ɪndɪ'pɛndənt,adj. 独立的；单独的；无党派的；不受约束的；n. 独立自主者；无党派者,There are plans to split the corporation into a number of smaller independent companies.,有计划要把这家大企业分割成一些独立的小公司。
trait,tret,n. 特性，特点；品质；少许,The study found that some alcoholics had clear personality traits showing up early in childhood.,这项研究发现一些酗酒者早在孩童时就表现出明显的个性特征。
levy,'lɛvi,n. 征收；征兵，征税；v. 征收（税等）；征集（兵等）,...an annual levy on all drivers.,…向所有司机征收的年税。
atmosphere,'ætməsfɪr,n. 气氛；大气；空气,The hotel had a lovely relaxed atmosphere .,那家宾馆的气氛轻松愉快。
defer,dɪ'fɝ,v. 推迟；延期；服从；n. (Defer)人名；(法)德费,The committee deferred their decision .,委员会延期作出决定。
ambition,æm'bɪʃən,n. 野心，雄心；抱负，志向；v. 追求；有…野心,He was young and full of ambition.,他年轻，而且雄心勃勃。
contemporary,kən'tɛmpərɛri,n. 同时代的人；同时期的东西；adj. 当代的；同时代的；属于同一时期的,"Like most of my contemporaries, I grew up in a vastly different world.",像我同时代的大多数人一样，我在一个非常不同的世界里长大。
attempt,ə'tɛmpt,n. 企图，试图；攻击；v. 企图，试图；尝试,He made no attempt to hide his anger.,他毫不掩饰自己的愤怒。
besides,bɪ'saɪdz,adv. 此外；而且；prep. 除…之外,"I need the money. And besides, when I agree to do something, I do it.",我需要这笔钱，而且，我一旦答应做什么事情就会做到。
gradual,'ɡrædʒuəl,adj. 逐渐的；平缓的；n. 弥撒升阶圣歌集,There has been a gradual change in climate.,气候渐渐发生了变化。
sense,sɛns,n. 感觉，功能；观念；道理；理智；v. 感觉到；检测,"Cats have a very acute sense of hearing (= very good, so that they can hear even the smallest sound ) .",猫的听觉非常敏锐。
convince,kən'vɪns,v. 说服；使确信，使信服,"Her arguments didn’t convince everyone, but changes were made.",她的论点不能说服每个人，但还是引起了一些变化。
imply,ɪm'plai,v. 意味；暗示；隐含,an implied threat,隐含的威胁
bloom,blum,n. 花；青春；旺盛；v. 使开花；使茂盛,beautiful red blooms,美丽的红花
prescribe,prɪ'skraɪb,v. 规定；开药方,What punishment does the law prescribe for this crime?,法律规定这种罪行应受何处罚？
parallel,'pærəlɛl,n. 平行线；对比；v. 使…与…平行；adj. 平行的；类似的，相同的,...the area south of the 38th parallel.,…38度纬线以南的地区。
absolute,'æbsəlut,adj. 绝对的；完全的；专制的；n. 绝对；绝对事物,I have absolute confidence in her.,我对她充满信心。
critic,'krɪtɪk,n. 批评家，评论家；爱挑剔的人,Mather was a film critic for many years.,马瑟做过多年的电影评论家。
stern,stɝn,n. 船尾；末端；adj. 严厉的；坚定的,It is placed in the stern of a boat.,它被放在船尾。
achieve,ə'tʃiv,v. 取得；获得；实现；成功,Frances achieved very good exam results.,弗朗西丝考试取得了优异成绩。
evil,'ivl,adj. 邪恶的；不幸的；有害的；讨厌的；n. 罪恶，邪恶；不幸,an evil dictator responsible for the deaths of millions,应对数百万人之死负责的邪恶独裁者
freeze,friz,v. 冻结；冷冻；僵硬；n. 冻结；凝固,The lake had frozen overnight.,湖上一夜之间就结了冰。
spontaneous,spɑn'tenɪəs,adj. 自发的；自然的；无意识的,The crowd gave a spontaneous cheer.,人群自发地欢呼起来。
stare,stɛr,v. 凝视，盯着看；显眼；n. 凝视；注视,She sat there staring into space (= looking for a long time at nothing ) .,她坐在那里，出神地凝视前方。
actually,'æktʃuəli,adv. 实际上；事实上,"I’ve known Barbara for years. Since we were babies, actually.",我认识芭芭拉很多年了，实际上我们从小就认识。
moisture,'mɔɪstʃɚ,n. 水分；湿度；潮湿；降雨量,Plants use their roots to absorb moisture from the soil.,植物利用根从土壤中吸收水分。
subject,ˈsʌbdʒekt,n. 主题；科目；[语] 主语；国民；adj. 服从的；易患…的；受制于…的；v. 使…隶属；使屈从于…,Paul has strong opinions on most subjects.,保罗在大多数问题上观点激烈。
comedy,'kɑmədi,n. 喜剧；喜剧性；有趣的事情,a career in stand-up comedy,单口喜剧表演职业
scarcely,'skɛrsli,adv. 几乎不，简直不；简直没有,The city had scarcely changed in 20 years.,这座城市20年中几乎没有什么改变。
recession,rɪ'sɛʃən,n. 衰退；不景气；后退；凹处,the economic recession of the early 1980s,20世纪80年代初的经济衰退
draft,dræft,n. 汇票；草稿；选派；（尤指房间、烟囱、炉子等供暖系统中的）（小股）气流；v. 起草；制定；征募；adj. 初步画出或（写出）的；（设计、草图、提纲或版本）正在起草中的，草拟的；以草稿形式的；草图的,the rough draft of his new novel,他的新小说的草稿
advance,əd'væns,n. 发展；前进；增长；预付款；v. 提出；预付；使……前进；将……提前；adj. 预先的；先行的,a major advance,一项重大进展
loom,lum,n. 织布机；若隐若现的景象；v. 可怕地出现；朦胧地出现；隐约可见,"Vincent loomed over me, as pale and grey as a tombstone.",文森特赫然出现在我面前，脸色苍白阴沉得像块墓碑。
pursue,pə'sʊ,v. 继续；从事；追赶；纠缠,She plans to pursue a career in politics.,她计划从政。
embody,ɪm'bɑdi,v. 体现，使具体化；具体表达；n. (Embody)人名；(英)恩博迪,She embodies everything I admire in a teacher.,她具备了我所钦佩的教师该具备的一切素质。
sacrifice,'sækrɪfaɪs,n. 牺牲；祭品；供奉；v. 牺牲；献祭；亏本出售,The minister stressed the need for economic sacrifice.,部长强调了在经济上作出牺牲的必要性。
superstition,",supɚ'stɪʃən",n. 迷信,the old superstition that walking under a ladder is unlucky,认为从梯子下面穿过不吉利的古老迷信
depart,dɪ'pɑrt,v. 离开；出发，起程；违反；去世；adj. 逝世的,Flights by Air Europe depart Gatwick on Tuesdays.,欧洲航空公司的航班每逢周二从盖特威克机场起飞。
certificate,"sɚˈtɪfɪkɪt; (for v.,) sɚˈtɪfɪˌket",v. 发给证明书；以证书形式授权给…；用证书批准；n. 证书；执照，文凭,a degree certificate,学位证书
documentary,'dɑkjə'mɛntri,adj. 记录的；文件的；记实的；n. 纪录片,documentary films,纪录影片
current,kɝ​ənt,adj. 现在的；流通的，通用的；最近的；草写的；n. （水，气，电）流；趋势；涌流,Current thinking suggests that toxins only have a small part to play in the build-up of cellulite.,流行的观点认为毒素只对脂肪团形成起很小的作用。
convert,kən'vɝt,v. 使转变；转换…；使…改变信仰；n. 皈依者；改变宗教信仰者,a 19th-century converted barn,由19世纪谷仓改建的房子
scorn,skɔrn,n. 轻蔑；嘲笑；藐视的对象；v. 轻蔑；藐视；不屑做,Researchers greeted the proposal with scorn.,研究者们对这个提议报以轻蔑的态度。
performance,pɚ'fɔrməns,n. 性能；绩效；表演；执行；表现,This evening’s performance will begin at 8.00 pm.,今晚的演出8点开始。
fluctuate,'flʌktʃʊ'et,v. 波动；涨落；动摇,Insect populations fluctuate wildly from year to year.,昆虫的数量每年变化很大。
deadly,'dɛdli,adj. 致命的；非常的；死一般的；adv. 非常；如死一般地,a deadly poison,致命的毒药
applicant,'æplɪkənt,n. 申请人，申请者；请求者,We have had lots of applicants for these positions.,对这些职位我们已有了很多申请人。
grind,ɡraɪnd,v. 磨碎；磨快；n. 磨；苦工作,a stone for grinding knives and scissors,磨刀剪的石头
prestige,prɛ'stidʒ,n. 威望，声望；声誉,The king wanted to enhance his prestige through war.,国王想通过战争来提高自己的威信。
literally,'lɪtərəli,adv. 照字面地；逐字地；不夸张地；正确地；简直,Dad was literally blazing with anger.,爸爸简直是火冒三丈。
acclaim,ə'klem,v. 称赞；为…喝彩，向…欢呼；n. 欢呼，喝彩；称赞,His work was acclaimed by art critics.,他的作品得到艺术评论家的推崇。
involve,ɪn'vɑlv,v. 包含；牵涉；使陷于；潜心于,What will the job involve?,这份工作包括什么？
comparative,kəm'pærətɪv,adj. 比较的；相当的；n. 比较级；对手,"After a lifetime of poverty, his last few years were spent in comparable comfort.",他穷了一辈子，最后几年还算过得比较舒适。
agent,'edʒənt,n. 代理人，代理商；药剂；特工；vt. 由…作中介；由…代理；adj. 代理的,Our agent in Rio deals with all our Brazilian business.,我们在里约热内卢的业务代表处理我们在巴西的全部业务。
concentrate,'kɑnsn'tret,v. 集中；浓缩；全神贯注；聚集；n. 浓缩，精选；浓缩液,Now please concentrate.,现在请集中注意力。
compound,'kɑmpaʊnd,n. [化学] 化合物；混合物；复合词；adj. 复合的；混合的；v. 合成；混合；恶化，加重；和解，妥协,man-made organic compounds,人造有机化合物
delegate,"ˈdɛləgɪt; (for v.,) ˈdɛləˌgeɪt",v. 委派…为代表；n. 代表,Officials have now been delegated to start work on a draft settlement.,官员们现已被委派开始准备一份拟定协议。
sensible,'sɛnsəbl,adj. 明智的; 通情达理的; 合乎情理的; 意识到的，能感觉到的;；n. 可感觉到的东西; 敏感的人;,She seems very sensible.,她好像很明智。
multiple,'mʌltəpl,adj. 多重的；多样的；许多的；n. 倍数；[电] 并联,Baxter was rushed to the hospital with multiple stab wounds.,巴克斯特因多处刺伤被紧急送往医院。
facility,fə'sɪləti,n. 设施；设备；容易；灵巧,What recreational facilities are now available?,什么娱乐设施现在是可用的？
craft,kræft,n. 工艺；手艺；太空船；v. 精巧地制作,traditional rural crafts,传统的乡村手工艺
tragedy,'trædʒədi,n. 悲剧；灾难；惨案,The tragedy happened as they were returning home from a night out.,悲剧发生在他们夜里外出归来的路上。
rot,rɑt,n. 腐烂；腐败；腐坏；v. 腐烂；腐败；堕落；int. （表示厌恶、蔑视、烦恼等）胡说；糟了,the smell of rot,腐烂的气味
negligible,'nɛɡlɪdʒəbl,adj. 微不足道的，可以忽略的,The damage done to his property was negligible.,对他财产造成的损失微不足道。
undergo,",ʌndɚ'ɡo",v. 经历，经受；忍受,The country has undergone massive changes recently.,这个国家最近经历了巨大的变化。
blush,blʌʃ,v. 脸红；感到惭愧；n. 脸红；红色；羞愧,Wilson saw she was watching him and blushed.,威尔逊看到她在注视着自己，不由得脸红了。
obscure,əb'skjʊr,adj. 昏暗的，朦胧的；晦涩的，不清楚的；隐蔽的；不著名的，无名的；v. 使…模糊不清，掩盖；隐藏；使难理解；n. 某种模糊的或不清楚的东西,an obscure poet,名不见经传的诗人
cooperate,koʊˈɑːpəreɪt,v. 合作，配合；协力,They agreed to co-operate with Brazil on a programme to protect the rain forests.,他们同意和巴西合作进行一个保护热带雨林的项目。
sue,su,v. 控告；请求；n. (Sue)人名；(日)末(名)；(法)休；(英)休(女子教名Susan、Susanna的昵称),"If the builders don’t fulfil their side of the contract, we’ll sue.",如果建筑商不履行合同，我们就要提出起诉。
item,'aɪtəm,n. 条款，项目；一则；一件商品（或物品）；adj. 又，同上；v. 记下；逐条列出,He opened the cardboard box and took out each item.,他打开纸板箱把里面的物品一一拿出来。
interrupt,'ɪntə'rʌpt,v. 中断；打断；插嘴；妨碍；n. 中断,Will you stop interrupting me!,别打断我的话！
rage,redʒ,n. 愤怒；狂暴，肆虐；情绪激动；v. 大怒，发怒；流行，风行,"Sobbing with rage, Carol was taken to the hospital.",卡罗尔气得呜呜哭，被送往医院。
oblige,ə'blaɪdʒ,v. 迫使；强制；赐，施恩惠；责成；义务,"The storm got worse and worse. Finally, I was obliged to abandon the car and continue on foot.",暴风雨越来越猛烈。最终，我被迫弃车徒步前行。
proof,pruf,n. 证明；证据；校样；考验；验证；试验；adj. 防…的；不能透入的；证明用的；耐…的；v. 试验；校对；使不被穿透,There is no proof that the document is authentic.,没有证据证明这份文件是真的。
scholar,'skɑlɚ,n. 学者；奖学金获得者,a Shakespearean scholar,研究莎士比亚的学者
conclude,kən'klud,v. 推断；决定，作结论；结束,"When the investigation is concluded, the results will be sent to the US Attorney’s office.",等到调查结束后，结果会被送到联邦检察官办公室。
assess,ə'sɛs,v. 评定；估价；对…征税,The test was to assess aptitude rather than academic achievement.,该测试将评估能力而不是学业成绩。
manufacture,'mænjə'fæktʃɚ,n. 制造；产品；制造业；v. 制造；加工；捏造,Cost will determine the methods of manufacture.,成本将决定生产方法。
different,'dɪfrənt,adj. 不同的；个别的，与众不同的,The place looks completely different now.,这地方现在完全变了。
eager,'igɚ,adj. 渴望的；热切的；热心的；n. (Eager)人名；(英)伊格,He’s a bright kid and eager to learn.,他是个聪明的孩子，热爱学习。
erupt,ɪ'rʌpt,v. 爆发；喷出；发疹；长牙,Violence erupted after police shot a student during the demonstration.,警察向示威人群中的一名学生开枪，暴乱随之发生。
president,'prɛzɪdənt,n. 总统；董事长；校长；主席,President Bush,布什总统
precaution,prɪ'kɔʃən,n. 预防，警惕；预防措施；vt. 警惕；预先警告,Fire precautions were neglected.,防火措施被忽视了。
explore,ɪk'splɔr,v. 探索；探测；探险,Management need to explore ways of improving office security.,管理层需要探讨如何加强办事处的安全措施。
volunteer,",vɑlən'tɪr",n. 志愿者；志愿兵；adj. 志愿的；v. 自愿,Most of the relief work was done by volunteers.,大部分救援工作都由志愿人员完成。
decelerate,",di'sɛləret",v. 减速，降低速度,...the sensation of the train decelerating.,... 火车减速的感觉。
excessive,ɪkˈsɛsɪv,adj. 过多的，极度的；过分的,his excessive drinking,他的酗酒
resemble,rɪ'zɛmbl,v. 类似，像,It’s amazing how closely Brian and Steve resemble each other.,布赖恩和史蒂夫真是惊人地相像。
bid,bɪd,v. 投标；出价；表示；吩咐；n. 出价；叫牌；努力争取,She wanted to bid for it.,她想出价买下它。
remedy,'rɛmədi,v. 补救；治疗；纠正；n. 补救；治疗；赔偿,"To remedy the situation, the water must be chemically treated.",为了改善这种情况，水必须进行化学处理。
stem,stɛm,n. 干；茎；船首；血统；v. 阻止；除去…的茎；给…装柄,long-stemmed wine glasses,高脚酒杯
prolong,prəˈlɑːŋ,v. 延长；拖延,I was trying to think of some way to prolong the conversation.,我在想方设法拖长这次谈话。
doubtful,'daʊtfəl,adj. 可疑的；令人生疑的；疑心的；不能确定的,Prospects for a lasting peace remain doubtful.,持久和平的前景难料。
confuse,kən'fjʊz,v. 使混乱；使困惑,I understand the text but the diagrams are confusing me.,文字我理解，但是图表把我弄糊涂了。
economical,",ɛkə'nɑmɪkl",adj. 经济的；节约的；合算的,A small car is more economical to run.,开小型汽车比较省油。
adolescent,",ædə'lɛsnt",adj. 青春期的；未成熟的；n. 青少年,It is important that an adolescent boy should have an adult in whom he can confide.,一个青春期男孩应该有一个他能倾吐心声的成年人，这是很重要的。
accomplished,ə'kɑmplɪʃt,adj. 完成的；熟练的，有技巧的；有修养的；有学问的,,
arrange,ə'rendʒ,v. 安排；排列；整理,Contact your local branch to arrange an appointment.,请联络当地分部安排预约。
stale,stel,adj. 陈腐的；不新鲜的；v. 变陈旧；撒尿；变得不新鲜；n. 尿,French bread goes stale (= becomes stale ) very quickly.,法式面包极易变味。
instantaneous,",ɪnstən'tenɪəs",adj. 瞬间的；即时的；猝发的,modern methods of instantaneous communication,现代的即时通信方法
enhance,ɪn'hæns,v. 提高；加强；增加,Good lighting will enhance any room.,良好的照明能给房间增色不少。
transplant,træns'plænt,v. 移植；迁移；使移居；n. 移植；移植器官；被移植物；移居者,The operation to transplant a kidney is now fairly routine.,移植肾脏的手术如今相当常见。
monotonous,mə'nɑtənəs,adj. 单调的，无抑扬顿挫的；无变化的,a monotonous diet,单调的饮食
urge,ɝdʒ,v. 力劝，催促；驱策，推进；n. 强烈的欲望，迫切要求；推动力,The charity urged quick action.,慈善机构敦促迅速采取行动。
grieve,griv,v. 使悲伤，使苦恼；n. (Grieve)人名；(英)格里夫,"My aunt, it grieves me to say, gets things confused.",我的姑妈，说起来我很难过，她有点颠三倒四的。
catalogue,'kætəlɔɡ,n. 目录；（美）大学情况一览；v. 把…编入目录,a mail order catalog,邮购商品目录
contradict,'kɑntrə'dɪkt,v. 反驳；否定；与…矛盾；与…抵触,"Deborah opened her mouth to contradict, but closed it again.",黛博拉张口想要反驳，但又把嘴闭上了。
delicate,ˈdɛlɪkɪt,adj. 微妙的；精美的，雅致的；柔和的；易碎的；纤弱的；清淡可口的,There’s something I have to speak to you about – it’s a delicate matter .,我有件事要跟你讲——是一件需要谨慎处理的事。
dispute,'dɪs'pjʊt,v. 辩论；怀疑；阻止；抗拒；n. 辩论；争吵,What happened next is hotly disputed .,关于后来发生了什么，争论很激烈。
overlook,",ovɚ'lʊk",v. 忽略；俯瞰；远眺；检查；高耸于…之上；n. 忽视；眺望,It is easy to overlook a small detail like that.,那样的小细节很容易被忽略。
survive,sɚ'vaɪv,v. 幸存；生还；幸免于；比活得长,Only 12 of the 140 passengers survived.,140 名乘客中只有 12 人生还。
implication,'ɪmplɪ'keʃən,n. 含义；暗示；牵连，卷入；可能的结果，影响,This election has profound implications for the future of U.S. democracy.,对于美国民主的未来而言，这次选举影响深远。
create,krɪ'et,v. 创造，创作；造成,Some people believe the universe was created by a big explosion.,有些人认为宇宙是通过一次大爆炸创造出来的。
reveal,rɪ'vil,v. 显示；透露；揭露；泄露；n. 揭露；暴露；门侧，窗侧,He may be prosecuted for revealing secrets about the security agency.,他可能因泄露安全部门的机密而被起诉。
vain,ven,adj. 徒劳的；自负的；无结果的；无用的,Men can be just as vain as women.,男人有时会和女人一样虚荣。
expertise,'ɛkspɝ'tiz,n. 专门知识；专门技术；专家的意见,She was not an accountant and didn't have the expertise to verify all of the financial details.,她不是会计，不具有核查所有这些财政细目的专业知识。
valid,'vælɪd,adj. 有效的；有根据的；合法的；正当的,a valid credit card,有效信用卡
embassy,'ɛmbəsi,n. 大使馆；大使馆全体人员,the American Embassy in Paris,美国驻巴黎大使馆
appetite,'æpɪtaɪt,n. 食欲；嗜好,Her husband always had a huge appetite.,她丈夫向来胃口极大。
auction,'ɔkʃən,v. 拍卖；竞卖；n. 拍卖,Eight drawings by French artist Jean Cocteau will be auctioned next week.,法国艺术家让·科克托的8幅画作将在下周拍卖。
particular,pɚ'tɪkjəlɚ,adj. 特别的；详细的；独有的；挑剔的；n. 详细说明；个别项目,"In this particular case, no one else was involved.",这件事没有其他人牵涉其中。
divert,dɪˈvɚt,v. 转移；使…欢娱；使…转向；n. (Divert)人名；(法)迪韦尔,Remember to divert your phone when you are out of the office.,你不在办公室的时候要记得设定电话转移。
satire,'sætaɪɚ,n. 讽刺；讽刺文学，讽刺作品,the characteristic use of satire in Jonson’s work,琼森作品中讽刺手法的独到运用
envious,'ɛnvɪəs,adj. 羡慕的；嫉妒的,envious looks,妒忌的神色
forth,fɔrθ,adv. 向前，向外；自…以后；n. (Forth)人名；(德)福特；(英)福思,"The house was still burning, pouring forth thick black smoke.",房子仍在燃烧，冒出浓浓的黑烟。
regard,rɪ'ɡɑrd,n. 注意；尊重；问候；凝视；v. 注重，考虑；看待；尊敬；把…看作；与…有关,My husband sends his regards .,我丈夫向你问好。
blur,blɝ,v. 涂污；使…模糊不清；使暗淡；玷污；n. 污迹；模糊不清的事物,The street lights were blurred by the fog.,街灯在迷雾的笼罩下十分昏暗。
bless,blɛs,v. 祝福；保佑；赞美；n. (Bless)人名；(英、意、德、匈)布莱斯,He’s always willing to help. Bless him!,他一向乐于助人，愿上帝保佑他！
segregate,'sɛɡrɪɡet,v. 使隔离；使分离；在…实行种族隔离,A large detachment of police was used to segregate the two rival camps of protesters.,一大队分遣警察被派来隔离两群敌对的抗议者。
substitute,'sʌbstɪtut,n. 代用品；代替者；v. 替代,Germany brought on a substitute at half time.,德国队在比赛半场时换上一名替补队员。
resentful,rɪ'zɛntfl,adj. 充满忿恨的；厌恶的,At first I felt very resentful and angry about losing my job.,"起初,我对丢掉工作感到非常怨恨和恼怒。"
racism,'resɪzəm,n. 种族主义，种族歧视；人种偏见,The government has promised to continue the fight against racism.,政府已承诺继续打击种族歧视。
elaborate,ɪ'læbəret,adj. 精心制作的；详尽的；煞费苦心的；v. 精心制作；详细阐述；从简单成分合成（复杂有机物）,pure silks embroidered with elaborate patterns,绣有精美图案的真丝衣服
collaborate,kə'læbəret,v. 合作；勾结，通敌,Much later he collaborated with his son Michael on the English translation of a text on food production.,后来他和儿子迈克尔合作，把一个有关食品生产的文本翻译成英语。
destruction,dɪ'strʌkʃən,n. 破坏，毁灭；摧毁,"{""COLLOINEXA"":[""weapons of mass destruction""]}",大规模杀伤性武器
painful,'penfl,adj. 痛苦的；疼痛的；令人不快的,stiff painful joints,僵硬疼痛的关节
fatigue,fə'tig,n. 疲劳，疲乏；杂役；v. 使疲劳；使心智衰弱；adj. 疲劳的,"{""COLLOINEXA"":[""metal fatigue""]}",金属疲劳
aboard,ə'bɔrd,adv. 在飞机上；[船] 在船上；在火车上；prep. 在…上,"The plane crashed, killing all 200 people aboard.",飞机失事，机上200人全部遇难。
deteriorate,dɪ'tɪrɪəret,v. 恶化，变坏,Ethel’s health has deteriorated.,埃塞尔的健康状况恶化了。
scatter,'skætɚ,v. 分散，散开；散射；n. 分散；散播，撒播,The sound of gunfire made the crowd scatter in all directions.,枪声使人群四散奔逃。
withstand,wɪð'stænd,v. 抵挡；禁得起；反抗,The Chancellor has withstood the criticism and held firm.,总理顶住批评，坚持立场。
apply,ə'plaɪ,v. 申请；涂，敷；应用,We need to apply for planning permission to build a garage.,我们建车库需要申请规划许可。
farewell,",fɛr'wɛl",n. 告别，辞别；再见；再会；int. 别了！（常含有永别或不容易再见面的意思）；再会！；adj. 告别的,Mourners gathered to bid farewell to the victims of the plane tragedy.,哀悼者来向空难受害者告别。
electronic,ɪˌlekˈtrɑːnɪk,adj. 电子的；n. 电子电路；电子器件,electronic games,电子游戏
orient,'orɪənt,v. 使适应；确定方向；使朝东；n. 东方；东方诸国；adj. 东方的,"She looked at the street names, trying to orient herself.",她看看街名，试图确定自己的方位。
tractor,'træktɚ,n. 拖拉机；牵引机,Iron-ox is another name for tractor.,铁牛是拖拉机的别名。
eligible,'ɛlɪdʒəbl,adj. 合格的，合适的；符合条件的；有资格当选的；n. 合格者；适任者；有资格者,Stephen was regarded as an eligible bachelor.,斯蒂芬被认为是一个钻石王老五。
flare,flɛr,v. 使闪耀；使张开；用发光信号发出；使外倾；n. 加剧，恶化；底部展开；（鼻孔）张开的意思；闪光，闪耀；耀斑；爆发；照明弹,Tempers flared and harsh words were exchanged.,人们大动肝火，对骂起来。
damp,dæmp,v. 使潮湿；使阻尼；使沮丧，抑制；n. 潮湿，湿气；adj. 潮湿的,Damp had stained the walls.,墙上留下了潮湿的痕迹。
frequency,'frikwənsi,n. 频率；频繁,Side effects from prescribed drugs are being reported with increasing frequency (= more and more often ) .,处方药的副作用正越来越频繁地被报道出来。
tend,tɛnd,v. 趋向，倾向；照料，照顾,Sofia was in the bedroom tending to her son.,索菲娅在卧室里照料她的儿子。
applaud,ə'plɔd,v. 赞同；称赞；向…喝彩,I applaud the decision to install more security cameras.,我极力赞成安装更多监控摄像机的决定。
capture,'kæptʃɚ,"v. 俘获；夺得；捕捉，拍摄,录制；n. 捕获；战利品，俘虏",Government troops have succeeded in capturing the rebel leader.,政府军已经成功抓获叛乱分子的头目。
plot,plɑt,n. 情节；图；阴谋；v. 密谋；绘图；划分；标绘,The court heard how she and her lover hatched a plot (= planned a plot ) to kill her husband.,法庭听取了她和情人密谋杀害她丈夫的案情。
consume,kənˈsum,v. 消耗，消费；使…著迷；挥霍,Only 27% of the paper we consume is recycled.,我们消耗的纸张只有 27% 得到回收利用。
lease,lis,n. 租约；租期；租赁物；租赁权；v. 出租；租得,The landlord refused to renew his lease.,房东拒绝和他续签租约。
boom,buːm,v. 使兴旺；发隆隆声；n. 繁荣；吊杆；隆隆声,Guns boomed in the distance.,远处大炮隆隆作响。
addition,ə'dɪʃən,n. 添加；[数] 加法；增加物,This is a fine book; a worthy addition to the series.,这是一本好书——是对这套丛书有价值的增补。
complex,"kəm'plɛks; 'kɑm,plɛks",adj. 复杂的；合成的；n. 复合体；综合设施,a complex system of highways,复杂的公路网
flee,fli,v. 逃走；消失，消散,His attackers turned and fled.,袭击他的人转身逃走了。
coincide,",koɪn'saɪd",v. 一致，符合；同时发生,"When our vacations coincided, we often holidayed together.",我们的假期要是凑巧赶在一起，我们常常会一同去度假。
treasure,'trɛʒɚ,n. 财富，财产；财宝；珍品；v. 珍爱；珍藏,The Book of Kells is Trinity College’s greatest treasure.,《凯尔经》是三一学院的镇院之宝。
overflow,",ovɚ'flo",v. 溢出；泛滥；充溢；n. 充满，洋溢；泛滥；超值；溢值,The drains flooded and water overflowed down the main street.,下水道被淹，水溢到了大街上。
criminal,'krɪmɪnl,n. 罪犯；adj. 刑事的；犯罪的；罪恶的,Police have described the man as a violent and dangerous criminal.,警方形容那名男子是个凶暴而危险的罪犯。
notable,'notəbl,adj. 值得注意的，显著的；著名的；n. 名人，显要人物,"Every country in the world signed the treaty, with one notable exception - the United States.",全世界每个国家都签署了那份条约，只有一个国家反其道而行之，就是美国。
recipe,'rɛsəpi,n. 食谱；[临床] 处方；秘诀；烹饪法,a recipe book,一本烹饪书
eccentric,ɪk'sɛntrɪk,adj. 古怪的，反常的；n. 古怪的人,His eccentric behaviour lost him his job.,他古怪的行为使他丢了工作。
posture,'pɑstʃɚ,n. 姿势；态度；情形；v. 摆姿势,her upright posture,她笔挺的姿势
trial,'traɪəl,n. 试验；审讯；努力；磨炼；adj. 试验的；审讯的,a new drug that is undergoing clinical trials,正在接受临床试验的一种新药
scold,skold,v. 责骂；叱责；n. 责骂；爱责骂的人,"Do not scold the puppy, but simply and firmly say ‘no’.",不要责骂小狗，但要干脆利落地说“不”。
adopt,ə'dɑpt,v. 采取；接受；收养；正式通过,Sally was adopted when she was four.,莎莉四岁时被人收养。
import,'ɪmpɔt,n. 进口，进口货；输入；意思，含义；重要性；v. 输入，进口；含…的意思,,
engagement,ɪn'ɡedʒmənt,n. 婚约；约会；交战；诺言,Their engagement was announced in the paper.,他们订婚的消息在报上公布了。
undertake,",ʌndɚ'tek",v. 承担，保证；从事；同意；试图,He undertook to pay the money back in six months.,他保证在六个月之内还钱。
grab,ɡræb,v. 攫取；霸占；将…深深吸引；n. 攫取；霸占；夺取之物,I grabbed my bag and ran off.,我抓起我的包就跑。
innocent,'ɪnəsnt,adj. 无辜的；无罪的；无知的；n. 天真的人；笨蛋,Nobody would believe that I was innocent.,没人肯相信我是清白的。
humour,'hju:mə,n. 幽默（等于humor）；诙谐；v. 迁就；使满足,his humour and charm,他的幽默感和魅力
erode,ɪ'rod,v. 腐蚀，侵蚀,The cliffs are being constantly eroded by heavy seas.,悬崖正不断受到汹涌海浪的侵蚀。
establish,ɪˈstæblɪʃ,v. 建立；创办；安置,The city of Boerne was established by German settlers in the 1840s.,博恩市是德国移民于19世纪40年代建立的。
layman,'lemən,n. 外行；门外汉；俗人；一般信徒,To the layman (= laymen in general ) all these plants look pretty similar.,对外行的人来说，这些植物看起来都很相似。
undermine,'ʌndɚ'maɪn,v. 破坏，渐渐破坏；挖掘地基,The continued fighting threatens to undermine efforts to negotiate an agreement.,持续的战斗有可能破坏通过谈判达成协议的努力。
individualism,",ɪndɪ'vɪdʒuəlɪzəm",n. 个人主义；利己主义；个人特征,Capitalism encourages competition and individualism.,资本主义鼓励竞争，提倡个人主义。
appearance,ə'pɪrəns,n. 外貌，外观；出现，露面,He was always criticising his wife’s appearance.,他老是批评妻子的外表。
transcend,træn'sɛnd,v. 胜过，超越,The desire for peace transcended political differences.,对和平的渴望超越了政治分歧。
ignite,ɪɡ'naɪt,v. 点燃；使燃烧；使激动,The petrol tank suddenly ignited.,油箱突然着火了。
annual,'ænjuəl,adj. 年度的；每年的；n. 年刊，年鉴；一年生植物,The school trip has become an annual event.,学校组织的旅行成了一年一度的活动。
dissolve,dɪ'zɑlv,v. 使溶解；使分解；使液化；n. 叠化画面；画面的溶暗,Stir until the sugar dissolves.,一直搅拌到糖溶解掉。
signal,'sɪgnl,n. 信号；暗号；导火线；v. 标志；用信号通知；表示；adj. 显著的；作为信号的,At a prearranged signal the lights went out.,预定的信号一发出，灯就全灭了。
script,skrɪpt,n. 脚本；手迹；书写用的字母；v. 把…改编为剧本,a diary entry written in neat black script,用工整的黑色字写下的一则日记
genuine,'dʒɛnjʊɪn,adj. 真实的，真正的；诚恳的,‘Did he really?’ Her surprise seemed genuine.,“他真的这样？”她好像是真的惊讶。
sweat,swɛt,v. 使出汗；流出；使干苦活；剥削；藉出汗减轻；焦急地期待；n. 汗；水珠；焦急；苦差使,I was sweating a lot despite the air conditioning.,尽管开着空调，我仍是满头大汗。
modify,'mɑdɪfaɪ,v. 修改，修饰；更改,The feedback will be used to modify the course for next year.,这些反馈意见将用于修改明年的课程。
exact,ɪɡ'zækt,adj. 准确的，精密的；精确的；v. 要求；强求；急需,Police are still investigating the exact cause of the accident.,警方还在调查这起事故的确切原因。
adjoin,ə'dʒɔɪn,v. 毗连，邻接,A vacant plot of land adjoins his house.,有一块空地紧挨着他家。
terrify,ˈtɛrəˌfaɪ,v. 恐吓；使恐怖；使害怕,Her husband’s violence terrified her.,丈夫的暴力行为让她感到害怕。
boycott,'bɔɪkɑt,v. 联合抵制；拒绝参加；n. 联合抵制,We boycott all products tested on animals.,我们抵制所有拿动物做试验的产品。
alarm,ə'lɑrm,n. 闹钟；警报，警告器；惊慌；v. 警告；使惊恐,I forgot to set the burglar alarm.,我忘记打开防盗警报器了。
bold,bold,adj. 大胆的，英勇的；黑体的；厚颜无耻的；险峻的；n. (Bold)人名；(英、德、罗、捷、瑞典)博尔德,"In a surprisingly bold move , he is threatening court action against the company.",他出人意料地做出一个大胆举动，威胁要起诉这家公司。
rent,rɛnt,n. 租金；v. 出租；租用；租借,I pay the rent at the beginning of every month.,我每逢月初交付房租。
blame,blem,v. 责备；归咎于；n. 责备；责任；过失,Don’t blame me – it’s not my fault.,别来怪我——又不是我的错。
anniversary,",ænɪ'vɝsəri",n. 周年纪念日,Jack and Kim celebrated their twentieth wedding anniversary in January.,1月，杰克和金庆祝了他们的结婚20周年纪念日。
advocate,ˈædvəkeɪt；-et,v. 提倡，主张，拥护；n. 提倡者；支持者；律师,Extremists were openly advocating violence.,极端主义者公开鼓吹使用暴力。
exceed,ɪk'sid,v. 超过；胜过,Working hours must not exceed 42 hours a week.,工作时间每周不得超过42小时。
endure,ɪn'dʊr,v. 忍耐；容忍,It seemed impossible that anyone could endure such pain.,似乎谁都不可能忍受这样的疼痛。
pesticide,'pɛstɪsaɪd,n. 杀虫剂,This pesticide is diluted with water and applied directly to the fields.,这种杀虫剂用水稀释后直接施用在田里。
approve,ə'prʊv,v. 批准；赞成；为…提供证据,The conference approved a proposal for a referendum.,会议通过了举行全民公决的提议。
virtually,ˈvɜrtʃuəli,adv. 事实上，几乎；实质上,Virtually all the children come to school by bus.,几乎所有的孩子都乘公交车上学。
calculate,'kælkjulet,v. 计算；以为；作打算,These instruments calculate distances precisely.,这些仪器计算距离非常精确。
torture,'tɔrtʃɚ,v. 折磨；拷问；歪曲；n. 折磨；拷问；歪曲,Political opponents of the regime may be tortured.,这个政权的政治异己可能会遭受酷刑。
resume,,n. 摘要；[管理] 履历，简历；v. 重新开始，继续；恢复，重新占用,a brief résumé of the day’s events,当天活动的概述
comprise,kəm'praɪz,v. 包含；由…组成,"The house comprises two bedrooms, a kitchen, and a living room.",这座房子有两间卧室、一间厨房和一间起居室。
victim,'vɪktɪm,n. 受害人；牺牲品；牺牲者,The victim received head injuries from which she died a week later.,受害人头部受伤，一周后死亡。
remarkable,rɪ'mɑrkəbl,adj. 卓越的；非凡的；值得注意的,She has made remarkable progress.,她取得了显著的进步。
assure,ə'ʃʊr,v. 保证；担保；使确信；弄清楚,"The document is genuine, I can assure you .",我能向你保证，这文件是真的。
represent,",rɛprɪ'zɛnt",v. 代表；表现；描绘；回忆；再赠送,Mr Kobayashi was chosen to represent the company at the conference.,小林先生被选中代表公司出席会议。
profound,prə'faʊnd,adj. 深厚的；意义深远的；渊博的,a profound sense of guilt,强烈的内疚感
consequently,'kɑnsəkwɛntli,adv. 因此；结果；所以,"Most computer users have never received any formal keyboard training. Consequently, their keyboard skills are inefficient.",大多数的电脑使用者都没有经过正规的键盘操作训练，因此他们的键盘技巧不够熟练。
intense,ɪn'tɛns,adj. 强烈的；紧张的；非常的；热情的,Young people today are under intense pressure to succeed.,如今的年轻人面临要出人头地的巨大压力。
discern,dɪ'sɝn,v. 识别；领悟，认识,You need a long series of data to be able to discern such a trend.,你需要一大串数据才能认清这一趋势。
background,'bækɡraʊnd,n. 背景；隐蔽的位置；v. 作…的背景；adj. 背景的；发布背景材料的,Students with a background in chemistry will probably find the course easier.,学过化学的学生可能会觉得这门课程容易些。
mere,mɪr,adj. 仅仅的；只不过的；n. 小湖；池塘,She lost the election by a mere 20 votes.,她仅仅以20票之差落选。
calm,kɑm,adj. 静的，平静的；沉着的；v. 使平静；使镇定；n. 风平浪静,Glen was calm and composed at the funeral.,格伦在葬礼上表现得平静而镇定。
cultivate,'kʌltɪvet,v. 培养；陶冶；耕作,The land was too rocky to cultivate.,这块地石头太多，无法耕作。
inject,ɪn'dʒɛkt,v. 注入；注射,His son was injected with strong drugs.,他的儿子被注射了强效的药。
relevant,'rɛləvənt,adj. 相关的；切题的；中肯的；有重大关系的；有意义的，目的明确的,Relevant documents were presented in court.,法庭上出示了相关的文件。
forge,fɔrdʒ,n. 熔炉，锻铁炉；铁工厂；v. 伪造；做锻工；前进,Someone stole my credit card and forged my signature.,有人偷了我的信用卡，并假冒我的签名。
accessible,ək'sɛsəbl,adj. 易接近的；可进入的；可理解的,The island is only accessible by boat.,这个岛只有坐船才能到。
consult,kən'sʌlt,v. 查阅；商量；向…请教,"If symptoms persist, consult a doctor without delay.",如果症状持续的话，马上咨询医生。
digital,'dɪdʒɪtl,adj. 数字的；手指的；n. 数字；键,digital TV,数字电视
insight,'ɪn'saɪt,n. 洞察力；洞悉,a woman of great insight,一位极有眼光的妇女
ethnic,'ɛθnɪk,adj. 种族的；人种的,The school teaches pupils from different ethnic groups.,该校教授不同种族的小学生。
sum,sʌm,n. 金额；总数；v. 概括,He owes me a large sum of money .,他欠我一大笔钱。
slipper,'slɪpɚ,n. 拖鞋；vt. 用拖鞋打,...a pair of old slippers.,…一双旧拖鞋。
freshman,'frɛʃmən,n. 新手，生手；大学一年级学生,,
radiate,'redɪet,v. 辐射；传播；流露；发射；广播；adj. 辐射状的，有射线的,He radiated calm confidence.,他身上散发着沉稳自信的气质。
clap,klæp,v. 鼓掌，拍手；啪地关上；n. 鼓掌；拍手声,"One man began to clap, and others joined in.",一个人鼓起了掌，其他人也跟着鼓掌。
trivial,'trɪvɪəl,adj. 不重要的，琐碎的；琐细的,a trivial sum,一笔极小的金额
means,minz,n. 手段；方法；财产；v. 意思是；打算（mean的第三人称单数） [ 复数means ],The only means of communication was sign language.,唯一的交流方法是手语。
odds,ɑdz,n. 几率；胜算；不平等；差别,We are offering odds of 6-1 on the fight ending in a knockout.,我们以6比1的赔率赌该拳击赛以击倒告终。
delay,dɪ'le,v. 延期；耽搁；n. 延期；耽搁；被耽搁或推迟的时间,Don’t delay – send off for the information now.,别犹豫——即刻去函索取信息。
outlook,'aʊtlʊk,n. 展望；观点；景色；vt. 比……好看；用目光压倒；vi. 朝外看,Exercise will improve your looks and your outlook.,运动将会改善你的外在形象和人生态度。
appoint,ə'pɔɪnt,v. 任命；指定；约定,officials appointed by the government,政府任命的官员
coward,'kaʊɚd,n. 懦夫，懦弱的人；adj. 胆小的，懦怯的,Try it. Don’t be such a coward.,试一下，别那么胆小。
brand,brænd,v. 铭刻于，铭记；打烙印于；印…商标于；n. 商标，牌子；烙印,The owner couldn't be bothered to brand the cattle.,主人懒得给这牛打上烙印。
abstract,'æbstrækt,n. 摘要；抽象；抽象的概念；adj. 抽象的；深奥的；v. 摘要；提取；使……抽象化；转移(注意力、兴趣等)；使心不在焉,Talking about crime in the abstract just isn’t enough.,抽象地谈论犯罪根本不足以说明问题。
exterior,ɪk'stɪrɪɚ,adj. 外部的；表面的；外在的；n. 外部；表面；外型；外貌,The exterior walls need a new coat of paint.,外墙需要刷新漆了。
boundary,'baʊndri,n. 边界；范围；分界线,National boundaries are becoming increasingly meaningless in the global economy.,在全球经济中，国界已经变得越来越没有意义。
reflect,rɪ'flɛkt,v. 反映；反射，照出；表达；显示;反省,The drop in consumer spending reflects concern about the economy.,消费支出的下降反映出人们对经济的担忧。
luxury,'lʌɡʒəri,n. 奢侈，奢华；奢侈品；享受；adj. 奢侈的,He was leading a life of luxury in Australia.,他在澳大利亚过着豪华舒适的生活。
enormous,ɪ'nɔrməs,adj. 庞大的，巨大的；凶暴的，极恶的,an enormous bunch of flowers,巨大的花束
acute,ə'kjut,adj. 严重的，[医] 急性的；敏锐的；激烈的；尖声的,The housing shortage is more acute than first thought.,住房短缺情况比一开始想的要严重。
simultaneous,",saɪml'tenɪəs",adj. 同时的；联立的；同时发生的；n. 同时译员,They grabbed each other’s hands in simultaneous panic.,他们俩同时惊慌起来，相互抓住对方的手。
dignity,'dɪɡnəti,n. 尊严；高贵,an appearance of quiet dignity,肃穆的神态
typical,'tɪpɪkl,adj. 典型的；特有的；象征性的,typical British weather,典型的英国天气
activate,'æktə'vet,v. 刺激；使活动；使活泼；使产生放射性,Cooking fumes may activate the alarm.,烹调时的油烟可能会触发警报器。
render,'rɛndɚ,v. 致使；提出；实施；着色；以…回报；n. 打底；交纳；粉刷,,
equip,ɪ'kwɪp,v. 装备，配备,They try to equip their vehicles with gadgets to deal with every possible contingency.,他们尽量给他们的车辆配备各种小装置以应付任何可能的突发状况。
indicate,'ɪndɪket,v. 表明；指出；预示；象征,The study indicates a connection between poverty and crime.,研究显示贫穷和犯罪有关联。
promote,prə'mot,v. 促进；提升；推销；发扬,You don't have to sacrifice environmental protection to promote economic growth.,你们没有必要牺牲环保来促进经济增长。
breed,brid,v. 繁殖；饲养；产生；n. [生物] 品种；种类，类型,Eagles breed during the cooler months of the year.,鹰在一年中较凉爽的季节交配繁殖。
poverty,'pɑvɚti,n. 贫困；困难；缺少；低劣,Millions of elderly people live in poverty .,数百万老年人生活在贫困之中。
costly,'kɔstli,adj. 昂贵的；代价高的；n. (Costly)人名；(英)科斯特利,Such a database would be extremely costly to set up.,建立这样一个数据库要花很多钱。
bored,bɔrd,adj. 无聊的；无趣的；烦人的；v. 使厌烦（bore的过去式）；烦扰,He was easily bored.,他很容易感到厌烦。
flatter,'flætɚ,v. 奉承；谄媚；使高兴,Perry would always flatter Mrs. Mitchell by praising her cooking.,佩里常常奉承米切尔太太，称赞她的烹调手艺。
punishment,'pʌnɪʃmənt,n. 惩罚；严厉对待，虐待,...a group that campaigns against the physical punishment of children.,…一个发起运动反对体罚儿童的组织。
purchase,'pɝtʃəs,n. 购买；紧握；起重装置；v. 购买；赢得,She paid for her purchases and left.,她付钱买好东西离开了。
habitat,'hæbə'tæt,n. [生态] 栖息地，产地,watching monkeys in their natural habitat,观察自然生活环境中的猴子
profile,'profaɪl,n. 侧面；轮廓；外形；剖面；简况；v. 描…的轮廓；扼要描述,Dani has a lovely profile.,达尼的侧面轮廓很好看。
reputation,",rɛpju'teʃən",n. 名声，名誉；声望,Alice Munro has a reputation for being a very depressing writer.,艾丽斯•门罗有文风抑郁的名声。
directly,dəˈrektli,adv. 直接地；立即；马上；正好地；坦率地；conj. 一…就,The new property tax law won’t directly affect us.,新的财产税法不会直接影响到我们。
democracy,dɪˈmɑkrəsi,n. 民主，民主主义；民主政治,a return to democracy after 16 years of military rule,16年军人统治后民主制度的恢复
width,wɪdθ,n. 宽度；广度,a covered terrace extending the full width of the house,和房子同宽的有顶露台
fraction,'frækʃən,n. 分数；部分；小部分；稍微,,
transfer,træns'fɝ,n. 转让；转移；传递；过户；v. 转让；转学；换车,Getting there often means a couple of transfers on a bus line.,去那里经常得倒两三趟公共汽车。
agitate,ˈædʒɪˌteɪt,v. 摇动；骚动；使…激动,All you need to do is gently agitate the water with a finger or paintbrush.,你只需要用手指或刷子轻轻搅动水。
eloquent,'ɛləkwənt,adj. 意味深长的；雄辩的，有口才的；有说服力的；动人的,an eloquent appeal for support,极具说服力的求助呼吁
subsidize,'sʌbsə'daɪz,v. 资助；给与奖助金；向…行贿,Farming is heavily subsidized (= subsidized a lot ) by the government.,农业得到政府的大量补贴。
enrol,in'rəul,v. 登记；卷起；入学；使入会,,
legitimate,ləˈdʒɪtəmɪt,adj. 合法的；正当的；合理的；正统的；v. 使合法；认为正当（等于legitimize）,That’s a perfectly legitimate question.,那个问题完全合乎情理。
court,kɔrt,n. 法院；球场；朝廷；奉承；v. 招致（失败、危险等）；向…献殷勤；设法获得,It could not be proved in a court of law.,这无法在法庭上证实。
disable,dɪs'ebl,v. 使失去能力；使残废；使无资格,Carter was permanently disabled in the war.,卡特在那场战争中成了终生残废。
originate,əˈrɪdʒəˌnet,v. 引起；创作,The technique was originated by an Italian artist.,这种技艺由一位意大利艺术家首创。
simplify,'sɪmplɪfaɪ,v. 简化；使单纯；使简易,an attempt to simplify the tax system,简化税制的尝试
affect,ə'fɛkt,v. 影响；感染；感动；假装；n. 情感；引起感情的因素,the areas affected by the hurricane,受飓风影响的地区
inspect,ɪn'spɛkt,v. 检查；视察；检阅,I got out of the car to inspect the damage.,我下车查看损坏情况。
mislead,'mɪs'lid,v. 误导；带错,"Don’t be misled by appearances, he’s a good worker.",不要被表象迷惑，他工作干得挺不错的。
following,'fɑloɪŋ,adj. 下面的；其次的，接着的；n. 下列事物；一批追随者；v. 跟随；沿行（follow的ing形式）,The following day the picture appeared on the front pages of every newspaper in the world.,次日，照片出现在世界各地报纸的头版。
unify,'junɪfaɪ,v. 统一；使相同，使一致,Strong support for the war has unified the nation.,对战争的坚决支持使这个国家团结了起来。
grace,ɡres,n. 优雅；恩惠；魅力；慈悲；v. 使优美,Lena moved with the grace of a dancer.,莉娜走路姿势有着舞者般的优美。
being,'biɪŋ,n. 存在；生命；本质；品格；adj. 存在的；现有的,a law that first came into being in 1912,于1912年制定的一条法律
effect,ɪ'fɛkt,n. 影响；效果；作用；v. 产生；达到目的,the long-term effects of the drug,这种毒品的长期影响
previous,'privɪəs,adj. 以前的；早先的；过早的；adv. 在先；在…以前,She has a teenage daughter from a previous marriage.,她有个出自前一次婚姻的十几岁的女儿。
journal,'dʒɝnl,n. 日报，杂志；日记；分类账,the British Medical Journal,《英国医学杂志》
raw,rɔ,adj. 生的；未加工的；阴冷的；刺痛的；擦掉皮的；无经验的；（在艺术等方面）不成熟的；n. 擦伤处；vt. 擦伤,raw meat,生肉
engage,ɪn'ɡedʒ,v. 吸引，占用；使参加；雇佣；使订婚；预定,She engaged the clutch and the car moved.,她踩下离合器，汽车便开动了。
urban,'ɝbən,adj. 城市的；住在都市的；n. (Urban)人名；(西)乌尔万；(斯洛伐)乌尔班；(德、俄、罗、匈、塞、波、捷、瑞典、意)乌尔班；(英)厄本；(法)于尔邦,unemployment in urban areas,城市地区的失业状况
defeat,dɪ'fit,v. 击败，战胜；挫败；使…失败；n. 失败的事实；击败的行为,They hoped to defeat the enemy at sea.,他们希望在海上击败敌人。
evoke,ɪ'vok,v. 引起，唤起；博得,The photographs evoked strong memories of our holidays in France.,那些照片勾起了我们到法国度假的深刻回忆。
source,sɔrs,n. 来源；水源；原始资料,They get their money from various sources.,他们从各种途径弄到钱。
commute,kə'mjʊt,v. （搭乘车、船等）通勤；代偿；n. 通勤（口语）,Baldry’s 20-year prison sentence was commuted to three years.,鲍德里二十年的刑期被减至三年。
ironic,aɪ'rɑnɪk,adj. 讽刺的；反话的,Your car was stolen at the police station! How ironic!,你的车在警察局被偷！真让人哭笑不得！
nuclear,'nuklɪɚ,adj. 原子能的；[细胞] 细胞核的；中心的；原子核的,France’s reliance on nuclear energy,法国对核能的依赖
senseless,'sɛnsləs,adj. 愚蠢的；无知觉的；无意识的,Her death seemed such a senseless waste of life.,她的死真是无谓地浪费生命。
gallery,'gæləri,n. 画廊；走廊；旁听席；地道；vt. 在…修建走廊；在…挖地道；vi. 挖地道,,
insure,ɪn'ʃʊr,v. 确保，保证；给…保险,Have you insured the contents of your home?,你给家庭财产投保了吗？
tissue,'tɪʃu,n. 组织；纸巾；薄纱；一套；v. 饰以薄纱；用化妆纸揩去,a box of tissues,一盒面巾纸
skeptical,'skɛptɪkl,adj. 怀疑的；怀疑论的，不可知论的,Not all theory that we read in this course is skeptical.,我们在这门课中提及的理论不全是怀疑性的。
mourn,mɔrn,v. 哀悼；忧伤；服丧,Hundreds of people gathered to mourn the slain president.,成百上千人聚集在一起悼念遇刺的总统。
hostile,ˈhɑstəl,adj. 敌对的，敌方的；怀敌意的；n. 敌对,Southampton fans gave their former coach a hostile reception .,南安普敦队的球迷对球队的前任教练很不友善。
crisis,'kraɪsɪs,n. 危机；危险期；决定性时刻；adj. 危机的；用于处理危机的,The country now faces an economic crisis .,该国目前正面临一场经济危机。
link,lɪŋk,n. [计] 链环，环节；联系，关系；v. 连接，连结；联合，结合,Send an email to the above address to report a broken link (= a link that is not working properly ).,如发现链接失败，请发送电子邮件至上述地址告知。
antique,æn'tik,adj. 古老的，年代久远的；过时的，古董的；古风的，古式的；n. 古董，古玩；古风，古希腊和古罗马艺术风格；v. 觅购古玩,an antique rosewood desk,古董红木书桌
settle,'sɛtl,v. 解决；定居；沉淀；下陷；n. 有背长椅,We hope the factions will be able to settle their differences (= agree to stop arguing ) by peaceful means.,我们希望各派系能以和平方式解决分歧。
disguise,dɪs'ɡaɪz,v. 掩饰；假装；隐瞒；n. 伪装；假装；用作伪装的东西,He escaped across the border disguised as a priest.,他装扮成神父越境逃走了。
fault,fɔlt,n. 故障；[地质] 断层；错误；缺点；毛病；（网球等）发球失误；v. 弄错；产生断层,His worst fault is his arrogance.,他最大的缺点是傲慢。
finance,'faɪnæns,n. 财政，财政学；金融；v. 负担经费，供给…经费,leasing and other forms of business finance,租赁及其他商业金融形式
panic,'pænɪk,n. 恐慌，惊慌；大恐慌；adj. 恐慌的；没有理由的；v. 使恐慌,a feeling of sheer panic,惊恐万分的感觉
native,'netɪv,adj. 本国的；土著的；天然的；与生俱来的；天赋的；n. 本地人；土产；当地居民,They never saw their native land again.,他们再也没见到故土。
supervise,'sʊpɚ'vaɪz,v. 监督，管理；指导,Griffiths closely supervised the research.,格里菲思密切指导该项研究。
gross,ɡros,adj. 总共的；粗野的；恶劣的；显而易见的；v. 总共收入；n. 总额，总数,He abused the Admiral in the grossest terms.,他用最粗俗的字眼辱骂那位海军上将。
regular,'rɛgjəlɚ,adj. 定期的；有规律的；合格的；整齐的；普通的；n. 常客；正式队员；中坚分子；adv. 定期地；经常地,The company holds regular meetings with employees.,公司定期召集雇员开会。
queer,kwɪr,adj. 奇怪的；同性恋的；不舒服的；心智不平衡的；v. 搞糟；使陷于不利地位；n. 同性恋者；怪人；伪造的货币,She gave a queer laugh.,她古怪地笑了笑。
guilty,'ɡɪlti,adj. 有罪的；内疚的,She looked self-conscious and guilty.,她看上去很不自然，很内疚的样子。
equivalent,ɪ'kwɪvələnt,adj. 等价的，相等的；同意义的；n. 等价物，相等物,"I had no dollars, but offered him an equivalent amount of sterling.",我没有美金，但给了他等值的英镑。
insert,'ɪnsɝt,v. 插入；嵌入；n. 插入物；管芯；镶块；[机械]刀片,He took a small key from his pocket and slowly inserted it into the lock.,他从衣袋里掏出一把小钥匙，然后缓缓地将其插入锁孔里。
embarrass,ɪm'bærəs,v. 使局促不安；使困窘；阻碍,He didn’t want to embarrass her by asking questions.,他不想提问让她尴尬。
sophomore,'sɑfəmɔr,n. 大学二年级生；（美）有二年经验的人；adj. 二年级的；二年级学生的,"His daughter, Louise, is by now a college sophomore.",他的女儿，路易斯，现在是大学二年级学生。
perceive,pɚ'siv,v. 察觉，感觉；理解；认知,"That morning, he perceived a change in Franca’s mood.",那天早上，他注意到弗兰卡情绪的变化。
amaze,ə'mez,v. 使吃惊,Dave amazed his friends by suddenly getting married.,戴夫突然结婚，令朋友们非常吃惊。
forecast,'fɔrkæst,v. 预报，预测；预示；n. 预测，预报；预想,Rain was forecast for the weekend.,预报周末有雨。
rescue,'rɛskju,v. 营救；援救；n. 营救；援救；解救,Survivors of the crash were rescued by helicopter.,空难的生还者被直升机救了出来。
disaster,dɪ'zæstɚ,n. 灾难，灾祸；不幸,One hundred and twenty people died in China’s worst air disaster .,有120人在中国这起最惨烈的空难事故中丧生。
apt,æpt,adj. 恰当的；有…倾向的；灵敏的；n. (Apt)人名；(法、波、英)阿普特,‘Love at first sight’ is a very apt description of how he felt when he saw her.,用“一见钟情”来形容他见到她时的感觉再恰当不过。
counter,'kaʊntɚ,n. 柜台；对立面；计数器；（某些棋盘游戏的）筹码；v. 反击，还击；反向移动，对着干；反驳，回答；adj. 相反的；adv. 反方向地；背道而驰地,He wondered if the girl behind the counter recognised him.,他在想柜台后面的那个女孩是否认出了他。
mean,min,adj. 平均的；卑鄙的；低劣的；吝啬的；v. 意味；想要；意欲；n. 平均值,He’s too mean to buy a present for his wife.,他很吝啬，给他妻子买件礼物都不肯。
marital,'mærɪtl,adj. 婚姻的；夫妇间的,marital problems,婚姻问题
unveil,",ʌn'vel",v. 使公之于众，揭开；揭幕,The statue was unveiled by the Queen.,这尊雕塑由女王揭幕。
temper,'tɛmpɚ,n. 脾气；（钢等）回火；性情；倾向；v. 使回火；锻炼；调和；使缓和,That temper of hers will get her into trouble one of these days.,她那种脾气早晚会让她惹麻烦的。
academic,",ækə'dɛmɪk",adj. 学术的；理论的；学院的；n. 大学生，大学教师；学者,He possessed no academic qualifications.,他没有学历。
reward,rɪ'wɔrd,n. [劳经] 报酬；报答；酬谢；v. [劳经] 奖励；奖赏,The school has a system of rewards and punishments to encourage good behaviour.,学校有奖惩制度以鼓励良好行为。
recreation,",rɛkrɪ'eʃən",n. 娱乐；消遣；休养,His only recreations are drinking beer and watching football.,他唯一的消遣就是喝啤酒和看足球比赛。
dazzle,'dæzl,n. 耀眼的光；灿烂；v. 使……目眩；使……眼花,"And, though the gleams blind and dazzle, yet do they convey a hint of beauty and serenity greater than we have known or imagined.",虽然这光芒令人眼花缭乱，但它确实给予我们一种不曾经历和无法想象的美感和静谧的启示。
ambiguous,æm'bɪɡjuəs,adj. 模糊不清的；引起歧义的,The language in the Minister’s statement is highly ambiguous.,部长的声明措辞很含糊。
massive,'mæsɪv,adj. 大量的；巨大的，厚重的；魁伟的,"The bell is massive, weighing over 40 tons.",那口钟非常大，有40多吨重。
keen,kin,adj. 敏锐的，敏捷的；渴望的；强烈的；热心的；锐利的；n. 痛哭，挽歌,a keen photographer,一个摄影迷
access,'æksɛs,v. 使用；存取；接近；n. 进入；使用权；通路,Users can access their voice mail remotely.,用户可以远程获取语音邮件。
academy,ə'kædəmi,n. 学院；研究院；学会；专科院校,the American Academy of Arts and Letters,美国艺术和文学学会
reform,rɪ'fɔrm,n. 改革，改良；改正；v. 改革，革新；重新组成；adj. 改革的；改革教会的,Reforms were made to revive the economy.,为复苏经济而进行了改革。
crafty,'kræfti,adj. 狡猾的；灵巧的,He’s a crafty old devil.,他是个狡猾的老家伙。
competitive,kəm'pɛtətɪv,adj. 竞争的；比赛的；求胜心切的,Competitive sports encourage children to work together as a team.,竞技体育鼓励孩子们进行团队协作。
quarrel,'kwɔrəl,v. 吵架；争论；挑剔；n. 吵架；反目；怨言；争吵的原因；方头凿,I wish you two would stop quarreling.,我希望你们两个别再吵了。
terminal,ˈtɜːrmɪnl,n. 末端；终点；终端机；极限；adj. 末端的；终点的；晚期的,the airport’s passenger terminal,机场航站楼
elevate,'ɛlɪvet,v. 提升；举起；振奋情绪等；提升…的职位,Language has elevated humans above the other animals.,语言使人类高于其他动物。
administration,"əd,mɪnɪ'streʃən",n. 管理；行政；实施；行政机构,We’re looking for someone with experience in administration.,我们正在寻找一个有管理经验的人。
marvel,'mɑrvl,n. 奇迹；v. 对…感到惊异,"The whale, like the dolphin, has become a symbol of the marvels of creation.",鲸，和海豚一样，已经成为造物杰作的象征。
stain,sten,v. 沾污；败坏；给…着色；n. 污点；瑕疵；着色剂,We’ve decided to stain the shelves blue.,我们决定把架子涂成蓝色。
suspect,sʌspɛkt; (for v.) səˈspɛkt,n. 嫌疑犯；adj. 可疑的；不可信的；v. 怀疑；猜想,Two suspects were arrested today in connection with the robbery.,有两名与劫案有关的嫌疑人今天被逮捕。
curriculum,kə'rɪkjələm,n. 课程,Languages are an essential part of the school curriculum.,语言是学校课程中必不可少的部分。
duration,du'reʃən,n. 持续，持续的时间，期间,The course is of three years’ duration.,该课程为期三年。
panel,'pænl,n. 仪表板；嵌板；座谈小组，全体陪审员；v. 嵌镶板,He assembled a panel of scholars to advise him.,他集结了一个学者小组为他出谋划策。
misery,'mɪzəri,n. 痛苦，悲惨；不幸；苦恼；穷困,What we are witnessing here is human misery on a vast scale.,我们在这里所目睹的情景是许许多多的人都生活困苦。
worm,wɝm,n. 虫，蠕虫；蜗杆；螺纹；小人物；v. 使蠕动；给除虫；使缓慢前进,...a new computer worm that disables security software.,…一种使安全软件失灵的新型计算机蠕虫病毒。
quit,kwɪt,v. 离开；放弃；停止；使…解除；n. 离开；[计] 退出；adj. 摆脱了…的；已经了结的,He quit his job after an argument with a colleague.,他和一个同事争吵后就辞职了。
tender,'tɛndɚ,adj. 温柔的；柔软的；脆弱的；幼稚的；难对付的；n. 偿付，清偿；看管人；小船；v. 提供，偿还；使…变嫩；使…变柔软,Continue cooking until the meat is tender.,把肉一直烧到松软为止。
occasion,ə'keʒn,n. 时机，机会；场合；理由；v. 引起，惹起,His remark was the occasion of a bitter quarrel.,他的话引起了一场激烈的争吵。
dispose,dɪ'spoz,v. 处理；处置；安排；n. 处置；性情,Chinese vases are disposed around the gallery.,中国花瓶摆放在展馆四周。
transport,'trænspɔrt,n. 运输；运输机；狂喜；流放犯；v. 运输；流放；使狂喜,commuters who travel on public transport,乘坐公共交通车辆上下班的人
peer,pɪr,n. 贵族；同等的人；同龄人；v. 凝视，盯着看；窥视,American children did less well in math than their peers in Japan.,美国儿童的数学成绩不如日本的同龄儿童。
gesture,'dʒɛstʃɚ,n. 姿态；手势；v. 作手势；用动作示意,Luke made an obscene gesture with his finger.,卢克用手指做了一个下流的手势。
responsible,rɪ'spɑnsəbl,adj. 负责的，可靠的；有责任的,We are determined to bring the people responsible to justice.,我们决意要将肇事者绳之以法。
relate,rɪ'let,v. 叙述；使…有联系,I don’t understand how the two ideas relate.,我不明白这两个观点有什么联系。
immense,ɪ'mɛns,adj. 巨大的，广大的；无边无际的；非常好的,People who travel by rail still read an immense amount.,人们坐火车旅行时仍然会读很多书。
detain,dɪ'ten,v. 拘留；留住；耽搁,Two suspects have been detained by the police for questioning .,两名嫌疑人被警方拘留审问。
avert,ə'vɝt,v. 避免，防止；转移,The tragedy could have been averted if the crew had followed safety procedures.,如果乘务人员按照安全规则操作，这场悲剧是可以避免的。
idle,'aɪdl,adj. 闲置的；懒惰的；停顿的；v. 无所事事；虚度；空转,I cannot afford to leave the land lying idle.,我不能让土地闲置。
procession,prə'sɛʃən,n. 队伍，行列；一列，一排；列队行进；vi. 列队行进；vt. 沿著……行进,They marched in procession to the Capitol building.,他们列队向国会大厦行进。
adjust,ə'dʒʌst,v. 调整，使…适合；校准,Check and adjust the brakes regularly.,经常检查并调节刹车装置。
spray,spreɪ,n. 喷雾；喷雾器；水沫；v. 喷射,a new hair styling spray,一种新的定型喷发剂
obtain,əb'ten,v. 获得；流行,Evans was trying to obtain a false passport and other documents.,埃文斯当时正试图获取假护照和其他文件。
approach,ə'protʃ,n. 方法；途径；接近；v. 接近；着手处理,He decided to adopt a different approach and teach the Bible through story-telling.,他决定采用一种不同的方法，通过讲故事来教授《圣经》。
bribe,braɪb,v. 贿赂，收买；n. 贿赂,The only way we could get into the country was by bribing the border officials.,我们要进入这个国家，唯一的办法是贿赂边境官员。
grocery,'ɡrosəri,n. 食品杂货店,They run a small grocery store.,他们经营一家小食品杂货店。
confess,kən'fɛs,v. 承认；坦白；忏悔；供认,Occasionally people confess to crimes they haven’t committed just to get attention.,偶尔人们会承认自己并未犯过的罪行，那只是为了引人注意。
tenant,'tɛnənt,n. 承租人；房客；佃户；居住者；v. 租借（常用于被动语态）,The desk was left by the previous tenant.,书桌是上一个房客留下来的。
subtle,'sʌtl,adj. 微妙的；精细的；敏感的；狡猾的；稀薄的,"The pictures are similar, but there are subtle differences between them.",这些图片很相似，但它们之间有细微的差别。
spectator,'spɛktetɚ,n. 观众；旁观者,"The match attracted over 40,000 spectators.",这场比赛吸引了四万多名观众。
nasty,'næsti,adj. 下流的；肮脏的；脾气不好的；险恶的；n. 令人不快的事物,a nasty temper,坏脾气
passive,'pæsɪv,adj. 被动的，消极的；被动语态的；n. 被动语态,Kathy seems to take a very passive role in the relationship.,凯茜在这一关系中似乎扮演着十分被动的角色。
mental,'mɛntl,adj. 精神的；脑力的；疯的；n. 精神病患者,The centre provides help for people suffering from mental illness .,该中心对精神病患者提供帮助。
reap,rip,v. 收获，获得；收割；n. (Reap)人名；(英)里普,You'll soon begin to reap the benefits of being fitter.,你很快就会获得身体更健康带来的好处。
deliberately,dɪ'lɪbərətli,adv. 故意地；谨慎地；慎重地,He deliberately upset her.,他故意惹她不开心。
style,staɪl,n. 风格；时尚；类型；字体；v. 设计；称呼；使合潮流,an attempt to use Japanese management style in a European business,将日本的管理方式用于欧洲企业的尝试
consistent,kən'sɪstənt,adj. 始终如一的，一致的；坚持的,The evidence is not consistent.,证词前后不一致。
assistant,ə'sɪstənt,n. 助手，助理，助教；adj. 辅助的，助理的；有帮助的,a clerical assistant,文书助理
allocate,'æləket,v. 分配；拨出；使坐落于,Tickets are limited and will be allocated to those who apply first.,票数有限，将分配给那些先申请的人。
subordinate,səˈbɔːdɪnɪt (for n. &adj.) ; səˈbɔːdɪˌnet (for v.),n. 下属，下级；部属，属下；adj. 从属的；次要的；v. 使……居下位；使……服从,Haig tended not to seek guidance from subordinates.,黑格不想向下属们寻求指导。
suicide,'suɪsaɪd,n. 自杀；自杀行为；自杀者；adj. 自杀的；vt. 自杀；vi. 自杀,More people commit suicide at Christmas than at any other time.,圣诞节期间自杀的人比其他任何时候都多。
manageable,'mænɪdʒəbl,adj. 易管理的；易控制的；易办的,Divide the task into manageable sections.,把工作分成几个部分，方便处理。
conscious,'kɑnʃəs,adj. 意识到的；故意的；神志清醒的,The driver was still conscious when the ambulance arrived.,救护车赶到时，司机仍然神志清醒。
steady,'stɛdi,adj. 稳定的；不变的；沉着的；v. 稳固；adv. 稳定地；稳固地；n. 关系固定的情侣；固定支架,It takes a steady hand to perform surgery.,做手术手要稳。
literature,lɪtərəˌtʃʊr,n. 文学；文献；文艺；著作,He has read many of the major works of literature.,他读过许多重要的文学作品。
intellectual,",ɪntə'lɛktʃuəl",adj. 智力的；聪明的；理智的；n. 知识分子；凭理智做事者,Mark’s very intellectual.,马克很聪明。
assign,ə'saɪn,v. 分配；指派；[计][数] 赋值,The selling broker is then required to assign a portion of the commission to the buyer broker.,卖方经纪人则被要求分给买方经纪人一部分佣金。
pension,'pɛnʃən,n. 退休金，抚恤金；津贴；膳宿费；v. 发给养老金或抚恤金,At what age can you start drawing your pension ?,从多少岁可以开始领取养老金？
lag,læɡ,n. 落后；迟延；防护套；囚犯；桶板；v. 落后于；押往监狱；加上外套；adj. 最后的,We’ve had the hot-water tank lagged.,我们已给热水箱加上了保温外罩。
trend,trɛnd,n. 趋势，倾向；走向；v. 趋向，伸向,The current trend is towards more part-time employment.,当前的趋势是雇用更多的兼职人员。
essential,ɪ'sɛnʃl,adj. 基本的；必要的；本质的；精华的；n. 本质；要素；要点；必需品,The essential difference between Sam and me was the fact that I took life seriously.,我和萨姆的根本区别在于我是认真对待生活的。
impart,ɪm'pɑrt,v. 给予（尤指抽象事物），传授；告知，透露,She had information that she couldn’t wait to impart.,她得到了消息，迫不及待地想告诉别人。
casual,'kæʒʊəl,adj. 随便的；非正式的；临时的；偶然的；n. 便装；临时工人；待命士兵,Jean felt more comfortable in casual clothes .,琼穿上便服感到更舒服。
present,'prɛznt,v. 提出；介绍；呈现；赠送；adj. 现在的；出席的；n. 现在；礼物；瞄准,She was presented with an award .,她被授予一个奖项。
precede,prɪ'sid,v. 领先，在…之前；优于，高于,a type of cloud that precedes rain,下雨前出现的一种云
refrain,rɪ'fren,v. 节制，克制；避免；制止；n. 叠句，副歌；重复,Mrs. Hardie refrained from making any comment.,哈迪太太忍住了没做任何评论。
elegant,'ɛləgənt,adj. 高雅的，优雅的；讲究的；简炼的；简洁的,"a tall, elegant young woman",身材高挑、举止优雅的年轻女子
prevalent,'prɛvələnt,adj. 流行的；普遍的，广传的,the prevalent belief in astrology,对占星术的普遍相信
reasonable,'riznəbl,adj. 合理的，公道的；通情达理的,a reasonable request,合情合理的要求
witness,ˈwɪtnɪs,n. 证人；目击者；证据；v. 目击；证明；为…作证,Police have appealed for witnesses to come forward.,警方呼吁目击者站出来。
profit,'prɑfɪt,n. 利润；利益；v. 获利；有益,The shop’s daily profit is usually around $500.,这家商店每天的利润一般在500美元左右。
reign,ren,v. 统治；支配；盛行；君临；n. 统治；统治时期；支配,For several minutes confusion reigned .,有好几分钟场面大乱。
abdicate,'æbdɪket,v. 退位；放弃,King Alfonso XIII abdicated in favour of his eldest son.,国王阿方索十三世把王位让给了长子。
handy,'hændi,adj. 便利的；手边的，就近的；容易取得的；敏捷的；n. (Handy)人名；(英)汉迪,I always keep my gun handy just in case.,我总是随身带着枪以防万一。
retort,rɪ'tɔrt,n. 反驳，顶嘴；曲颈瓶；v. 反驳，反击,He was about to make a sharp retort .,他正要尖刻地反驳。
conceive,kən'siv,v. 怀孕；构思；以为；持有,Scientists first conceived the idea of the atomic bomb in the 1930’s.,在20世纪30年代，科学家第一次有了原子弹的设想。
notorious,no'tɔrɪəs,adj. 声名狼藉的，臭名昭著的,a notorious computer hacker,声名狼藉的电脑黑客
mild,maɪld,adj. 温和的；轻微的；淡味的；文雅的；不含有害物质的的；n. （英国的一种）淡味麦芽啤酒,We had an exceptionally mild winter last year.,去年冬天我们这里异常暖和。
vulgar,'vʌlɡɚ,adj. 粗俗的；通俗的；本土的；n. 平民，百姓,vulgar behaviour,粗俗的行为
aggressive,ə'ɡrɛsɪv,adj. 侵略性的；好斗的；有进取心的；有闯劲的,Jim’s voice became aggressive.,吉姆的声音凶了起来。
insult,ɪn'sʌlt,v. 侮辱；辱骂；损害；n. 侮辱；凌辱；无礼,Nobody insults my family and gets away with it!,谁也别想侮辱了我的家人之后就这么算了！
dialect,'daɪə'lɛkt,n. 方言，土话；同源语；行话；个人用语特征；adj. 方言的,the local dialect,当地方言
stroll,strol,n. 漫步；闲逛；巡回演出；v. 散步；闲逛；巡回演出,,
reality,rɪ'æləti,n. 现实；实际；真实,the distinction between fantasy and reality,幻想和现实之间的区别
clash,klæʃ,n. 冲突，不协调；碰撞声，铿锵声；v. 冲突，抵触；砰地相碰撞，发出铿锵声,The heavyweight clash goes ahead in Las Vegas on 8 May.,这次重量级拳击对战将于 5 月 8 日在拉斯维加斯举行。
premise,ˈpremɪs,v. 引出，预先提出；作为…的前提；n. 前提；上述各项；房屋连地基,Schools may earn extra money by renting out their premises.,学校通过出租房屋场地可以获取额外收入。
outweigh,'aʊt'we,v. 比…重（在重量上）；比…重要；比…有价值,The benefits of the scheme outweigh the disadvantages.,这项计划利大于弊。
prone,pron,adj. 俯卧的；有…倾向的，易于…的；n. (Prone)人名；(意、法)普罗内,His eyes shifted to the prone body on the floor.,他的视线移向了趴在地上的尸体。
strip,strɪp,v. 剥夺；剥去；脱去衣服；n. 带；条状；脱衣舞,Strip the beds and wash the sheets.,把床单撤下来清洗。
otherwise,'ʌðɚwaɪz,adv. 否则；另外；在其他方面；adj. 另外的；其他方面的；原本，本来；conj. 其他；如果不；然后,"You’ll have to go now, otherwise you’ll miss your bus.",你现在就得走，要不然就赶不上公共汽车了。
sophisticated,sə'fɪstɪketɪd,adj. 复杂的；精致的；久经世故的；富有经验的；v. 使变得世故；使迷惑；篡改（sophisticate的过去分词形式）,sophisticated software,很先进的软件
timid,'tɪmɪd,adj. 胆小的；羞怯的,I was a timid child.,我曾是个胆小的孩子。
relief,rɪ'lif,n. 救济；减轻，解除；安慰；浮雕,Marijuana can provide pain relief for some cancer patients.,大麻可以为一些癌症患者减轻疼痛。
civil,'sɪvl,adj. 公民的；民间的；文职的；有礼貌的；根据民法的；n. (Civil)人名；(土)吉维尔；(法)西维尔,They were married in a civil ceremony in May.,他们在五月份举行了世俗婚礼。
omit,ə'mɪt,v. 省略；遗漏；删除；疏忽,"Please don’t omit any details, no matter how trivial they may seem.",请不要忽略任何细节，不管它多细小。
formula,'fɔrmjələ,n. [数] 公式，准则；配方；婴儿食品,We’re still searching for a peace formula.,我们仍在寻找和平方案。
outbreak,'aʊtbrek,n. （战争的）爆发；（疾病的）发作；vi. 爆发,a cholera outbreak,霍乱的爆发
subsequent,'sʌbsɪkwənt,adj. 后来的，随后的,These skills were passed on to subsequent generations.,这些技能代代相传。
entitle,ɪn'taɪtl,v. 称做…；定名为…；给…称号；使…有权利,a documentary entitled ‘The Price of Perfection’,一部名为《完美的代价》的纪录片
glance,ɡlæns,n. 一瞥；一滑；闪光；v. 扫视，匆匆一看；反光；瞥闪，瞥见,He gave her a quick glance and smiled.,他迅速地瞥了她一眼，笑了。
float,flot,v. 使漂浮；实行；n. 彩车，花车；漂流物；浮舟；浮萍,I looked up at the clouds floating in the sky.,我仰望着天上的浮云。
exile,'ɛksaɪl,n. 流放，充军；放逐，被放逐者；流犯；v. 放逐，流放；使背井离乡,political exiles,政治流亡者
correlate,'kɔrəlet,v. 关联；n. 相关物；相关联的人；adj. 关联的,Attempts to correlate specific language functions with particular parts of the brain have not advanced very far.,试图把特定的语言功能和大脑特定区域相联系的努力还没有取得很大进展。
document,dɑkjəmənt,n. 文件，公文；[计] 文档；证件；v. 用文件证明,She produces legal documents for a downtown Seattle law firm.,她为西雅图市区的一家法律事务所撰写法律文件。
infer,ɪn'fɝ,v. 推断；推论,I inferred from what she said that you have not been well.,我从她的话里推断出你身体一直不大好。
impose,ɪm'poz,v. 利用；欺骗；施加影响,,
resentment,rɪ'zɛntmənt,n. 愤恨，怨恨,She expressed resentment at being interviewed by a social worker.,她对于被一个社会工作者面试表示了怨恨。
excited,ɪk'saɪtɪd,adj. 兴奋的；激动的；活跃的；v. 激动；唤起（excite的过去分词）,Steve flies home tomorrow – we’re all really excited.,史蒂夫明天坐飞机回家——我们都非常激动。
surrender,sə'rɛndɚ,v. 使投降；放弃；交出；听任；n. 投降；放弃；交出；屈服,"Germany surrendered on May 7th, 1945.",德国于 1945 年 5 月 7 日投降。
bias,'baɪəs,n. 偏见；偏爱；斜纹；乖离率；v. 使存偏见；adj. 偏斜的；adv. 偏斜地,Students were evaluated without bias.,对学生的评估都是公正的。
compromise,'kɑmprəmaɪz,v. 妥协；危害；n. 妥协，和解；折衷,She admitted that she was unable to compromise.,她承认自己无法作出妥协。
exert,ɪɡ'zɝt,v. 运用，发挥；施以影响,They exerted considerable influence within the school.,他们在校内施加了很大的影响力。
sane,sen,adj. 健全的；理智的；[临床] 神志正常的；n. (Sane)人名；(日)实(姓)；(日)实(名)；(芬、塞、冈、几比、塞内)萨内,He seems perfectly sane (= completely sane ) to me.,在我看来他神志完全正常。
policy,'pɑləsi,n. 政策，方针；保险单,an insurance policy,保险单
prominent,'prɑmɪnənt,adj. 突出的，显著的；杰出的；卓越的,a prominent Russian scientist,杰出的俄罗斯科学家
gratitude,'ɡrætɪtud,n. 感谢（的心情）；感激,Tears of gratitude filled her eyes.,她眼里充满感激的泪水。
optimism,'ɑptɪmɪzəm,n. 乐观；乐观主义,There are grounds for cautious optimism.,有理由保持谨慎乐观。
moist,mɔɪst,adj. 潮湿的；多雨的；含泪的；n. 潮湿,Make sure the soil is moist before planting the seeds.,播种之前要确保土壤湿润。
widespread,ˈwʌɪdsprɛd,adj. 普遍的，广泛的；分布广的,the widespread use of chemicals in agriculture,化学品在农业中的广泛使用
notify,'notə'fai,v. 通告，通知；公布,The skipper notified the coastguard of the tragedy.,船长通知了海岸警卫队这一灾难。
bother,'bɑðɚ,v. 烦扰，打扰；使……不安；使……恼怒；n. 麻烦；烦恼,"Danny, don’t bother Ellen while she’s reading.",丹尼，埃伦看书的时候不要去打扰她 。
grateful,'ɡretfl,adj. 感谢的；令人愉快的，宜人的,Our grateful thanks go to all who participated.,我们衷心感谢所有参与者。
semester,səˈmɛstɚ,n. 学期；半年,the fall semester,秋季学期
reckless,'rɛkləs,adj. 鲁莽的，不顾后果的；粗心大意的；n. (Reckless)人名；(英)雷克利斯,He was accused of causing death by reckless driving .,他被控因鲁莽驾驶致人死亡。
contribute,kən'trɪbjut,v. 贡献，出力；投稿；捐献,The three sons also contribute to the family business.,3个儿子也为家族企业做贡献。
arouse,ə'raʊz,v. 引起；唤醒；鼓励,Matt’s behavior was arousing the interest of the neighbors.,马特的行为渐渐引起了邻居的兴趣。
verdict,'vɝdɪkt,n. 结论；裁定,The verdict was ‘not guilty’.,裁决为“无罪”。
combine,kəm'baɪn,v. 使化合；使联合，使结合；n. 联合收割机；联合企业,Diets are most effective when combined with exercise.,节食和锻炼相结合是最有效的。
punctual,'pʌŋtʃʊəl,adj. 准时的，守时的；精确的,She’s always very punctual for appointments.,她一向准时赴约。
deliberate,dɪ'lɪbərət,adj. 故意的；深思熟虑的；从容的；v. 仔细考虑；商议,a deliberate attempt to humiliate her,对她的故意羞辱
spite,spaɪt,n. 不顾；恶意；怨恨；v. 刁难；使恼怒,We went out in spite of the rain.,尽管下着雨，我们还是出去了。
surgery,'sɝdʒəri,n. 外科；外科手术；手术室；诊疗室,Dr. Hanson is in surgery.,汉森医生在手术室。
paralyse,'pærəlaiz,v. 使……无力；使……麻痹；使……瘫痪,Her legs were partly paralysed in the crash.,在撞车事故中她的双腿部分瘫痪。
nevertheless,",nɛvɚðə'lɛs",adv. 然而，不过；虽然如此；conj. 然而，不过,"What you said was true. It was, nevertheless, a little unkind.",你说的都是实话，只不过有点刻薄。
output,'aʊtpʊt,n. 输出，输出量；产量；出产；v. 输出,Output is up 30% on last year.,产量比去年提高了30%。
companion,kəm'pænɪən,n. 同伴；朋友；指南；手册；v. 陪伴,For ten years he had been her constant companion .,十年来他一直陪伴她左右。
royal,'rɔɪəl,adj. 皇家的；盛大的；女王的；高贵的；第一流的；n. 王室；王室成员,the royal palace,王宫
crude,krud,adj. 粗糙的；天然的，未加工的；粗鲁的；n. 原油；天然的物质,a crude estimate of the population available for work,对劳动力人口的粗略估计
persist,pɚ'sɪst,v. 存留，坚持；持续，固执,"‘I don’t think it’s right,’ John persisted.",“我认为那不对。”约翰坚持说道。
anxiety,æŋ'zaɪəti,n. 焦虑；渴望；挂念；令人焦虑的事,his feelings of anxiety,他焦虑的心情
descendant,dɪ'sɛndənt,adj. 下降的；祖传的；n. 后裔；子孙,"If you must use descendant selectors, prefer child selectors, which at least only require evaluation of one additional node, not all the intermediate nodes up to an ancestor.",如果您必须使用后代选择器，尽量使用子代选择器，这最少只需评估一个额外的节点，而非中间直至祖先的所有节点。
diligent,'dɪlɪdʒənt,adj. 勤勉的；用功的，费尽心血的；n. (Diligent)人名；(法)迪利让,a diligent student,勤勉的学生
outset,'aʊtsɛt,n. 开始；开端,It was clear from the outset that there were going to be problems.,从一开始就很清楚会有问题出现的。
recommend,'rɛkə'mɛnd,v. 推荐，介绍；劝告；使受欢迎；托付,Doctors strongly recommend that fathers should be present at their baby’s birth.,医生极力建议孩子出生时父亲应该在场。
expend,ɪk'spɛnd,v. 花费；消耗；用光；耗尽,Children expend a lot of energy and may need more high-energy food than adults.,孩子们耗能多，可能比成人需要更多高能量的食物。
incentive,ɪn'sɛntɪv,n. 动机；刺激；adj. 激励的；刺激的,"As an added incentive, there’s a bottle of champagne for the best team.",给最优秀的队发一瓶香槟作为额外的鼓励。
textile,'tɛkstaɪl,n. 纺织品，织物；adj. 纺织的,"Their main exports are textiles, especially silk and cotton.",他们的主要出口商品是纺织品，尤其是丝绸和棉布。
suppress,sə'prɛs,v. 抑制；镇压；废止,The uprising was ruthlessly suppressed.,起义受到了残酷的镇压。
conquer,'kɑŋkɚ,v. 战胜，征服；攻克，攻取,The Normans conquered England in 1066.,诺曼人于 1066 年征服英格兰。
portray,pɔr'tre,v. 描绘；扮演,His most famous painting portrayed the death of Nelson.,他最著名的画作描绘的是纳尔逊之死。
inscribe,ɪn'skraɪb,v. 题写；题献；铭记；雕,"Inside the cover someone had inscribed the words ‘To Thomas, with love’.",在书的内封上，有人题写了“托马斯惠存”几个字。
accuse,ə'kjuz,v. 控告，指控；谴责；归咎于,The professor stands accused of (=  has been accused of  ) stealing his student’s ideas and publishing them.,那位教授被指控剽窃学生的观点拿去发表。
angle,'æŋɡl,v. 钓鱼；谋取；n. 角度，角，方面,You didn’t measure the angle accurately.,你没有量准角度。
craftsman,'kræftsmən,n. 工匠；手艺人；技工,The table in the kitchen was made by a local craftsman.,厨房里的桌子是当地一名工匠做的。
humane,hju'men,adj. 仁慈的，人道的；高尚的,the campaign for the humane treatment of criminals,提倡人道地对待罪犯的运动
brilliant,'brɪljənt,adj. 灿烂的，闪耀的；杰出的；有才气的；精彩的，绝妙的,She closed her eyes against the brilliant light .,强烈的光线下，她闭起了眼睛。
agency,'edʒənsi,n. 代理，中介；代理处，经销处,a UN agency responsible for helping refugees,负责为难民提供帮助的联合国机构
stripe,straɪp,n. 条纹，斑纹；种类；v. 加条纹于…,a shirt with black and white stripes,黑白条纹衬衫
pace,pes,n. 一步；步速；步伐；速度；v. 踱步；缓慢而行,"He quickened his pace , longing to be home.",他加快步伐，盼望着早点回到家中。
declaration,",dɛklə'reʃən",n. （纳税品等的）申报；宣布；公告；申诉书,a ceasefire declaration,停火声明
translate,træns'let,v. 翻译；转化；解释；转变为；调动,Poetry doesn’t usually translate well.,诗歌通常都译不好。
remark,rɪ'mɑrk,n. 注意；言辞；v. 评论；觉察,"Unfortunately, a local journalist overheard the remark.",不巧一名当地记者无意中听到了这些话。
sustain,sə'sten,v. 维持；支撑，承担；忍受；供养；证实,She found it difficult to sustain the children’s interest.,她发现很难保持孩子们的兴趣。
precedent,'prɛsɪdənt,n. 先例；前例；adj. 在前的；在先的,a legal precedent,判例
abnormal,æbˈnɔːrml,adj. 反常的，不规则的；变态的,abnormal behaviour,反常行为
addict,'ædɪkt (for n.); əˈdɪkt (for v.),n. 有瘾的人；入迷的人；v. 使沉溺；使上瘾,She is a TV addict and watches as much as she can.,她是一个电视迷，看尽可能多的电视。
launch,lɔntʃ,v. 发射（导弹、火箭等）；发起，发动；使…下水；n. 发射；发行，投放市场；下水；汽艇,"The organization has launched a campaign to raise $150,000.",为了筹集15万美元，该组织发起了一场募捐活动。
sensitive,'sɛnsətɪv,adj. 敏感的；感觉的；[仪] 灵敏的；感光的；易受伤害的；易受影响的；n. 敏感的人；有灵异能力的人,a very sensitive child,一个很敏感的小孩
glare,ɡlɛr,n. 刺眼；耀眼的光；受公众注目；v. 瞪眼表示,a special screen to reduce glare,一种可以减弱刺眼强光的特殊屏幕
accordingly,ə'kɔrdɪŋli,adv. 因此，于是；相应地；照著,Katherine still considered him a child and treated him accordingly.,凯瑟琳仍旧把他当作小孩子，像对待小孩子一样对他。
retain,rɪ'ten,v. 保持；雇；记住,I find it very difficult to retain facts.,我觉得具体事实很难记住。
pessimistic,",pɛsɪ'mɪstɪk",adj. 悲观的，厌世的；悲观主义的,a pessimistic view of life,对人生的悲观看法
tendency,'tɛndənsi,n. 倾向，趋势；癖好,children with aggressive or anti-social tendencies,具有攻击性倾向或反社会倾向的儿童
nuisance,'nusns,n. 讨厌的人；损害；麻烦事；讨厌的东西,The nightclub has been declared a public nuisance.,那家夜总会已被判定为妨害公众利益。
deprive,dɪ'praɪv,v. 使丧失，剥夺,They've been deprived of the fuel necessary to heat their homes.,他们无法得到住房取暖必需的燃料。
recur,rɪ'kɝ,v. 复发；重现；采用；再来；循环；递归,There is a danger that the disease may recur.,这种病有复发的危险。
opt,ɑpt,v. 选择,Depending on your circumstances you can opt for one method or the other.,根据自己的情况，你可以选择这种或那种方法。
temporary,'tɛmpə'rɛri,adj. 暂时的，临时的；n. 临时工，临时雇员,temporary pain relief,疼痛的暂时缓解
oppress,ə'prɛs,v. 压迫，压抑；使……烦恼；使……感到沉重,native tribes oppressed by the authorities,受到当局压迫的土著部落
contradiction,",kɑntrə'dɪkʃən",n. 矛盾；否认；反驳,apparent contradictions in the defendant’s testimony,被告证词中的明显矛盾
vital,'vaɪtl,adj. 至关重要的；生死攸关的；有活力的；n. (Vital)人名；(法、德、意、俄、葡)维塔尔；(西)比塔尔,Rodgers and Hart’s music sounds as fresh and vital as the day it was written.,罗杰斯与哈特的音乐现在听来还有刚写成时的那份清新和活力。
individual,",ɪndɪ'vɪdʒuəl",adj. 个人的；个别的；独特的；n. 个人，个体,Each individual leaf on the tree is different.,树上每片叶子都不相同。
convenience,kən'vinɪəns,n. 便利；厕所；便利的事物,Ready meals sell well because of their convenience.,即食餐因为方便销路好。
submit,səb'mɪt,v. 使服从；主张；呈递,"In desperation, Mrs. Jones submitted to an operation on her right knee to relieve the pain.",绝望中，琼斯夫人不得已接受了一次她右膝的手术以减轻疼痛。
energetic,",ɛnɚ'dʒɛtɪk",adj. 精力充沛的；积极的；有力的,an energetic man,精力旺盛的男子
hint,hɪnt,n. 暗示；线索；v. 暗示；示意,There have been hints that he may take up coaching.,他暗示过可能会出任教练。
certify,'sɝtə'fai,v. 证明；保证,The accounts were certified by an auditor.,这些账目经审计员核实过。
reinforce,",riɪn'fɔrs",v. 加强，加固；强化；补充；n. 加强；加固物；加固材料,The film reinforces the idea that women should be pretty and dumb.,这部影片强化了这个观点——女人要漂亮，而且要笨一些。
stadium,'stedɪəm,n. 体育场；露天大型运动场,the new Olympic Stadium,新的奥林匹克体育场
rigid,'rɪdʒɪd,adj. 严格的；僵硬的，死板的；坚硬的；精确的,rigid and authoritarian methods of education,死板、专断的教育方法
minister,'mɪnɪstɚ,n. 部长；大臣；牧师；v. 执行牧师职务；辅助或伺候某人,a senior Cabinet minister,资深的内阁部长
brutal,'brutl,adj. 残忍的；野蛮的，不讲理的,a brutal man,一个凶残的男人
benefit,'bɛnɪfɪt,n. 利益，好处；救济金；v. 有益于，对…有益,I never had the benefit of a university education.,我从未受过大学教育。
screen,skrin,n. 屏，幕；屏风；v. 筛；拍摄；放映；掩蔽,a computer with an 18-inch colour screen,带18英寸彩色屏幕的电脑
private,'praɪvət,adj. 私人的；私有的；私下的；n. 列兵；二等兵,Morris has a private jet.,莫里斯拥有一架私人喷气式飞机。
missile,'mɪsl,n. 导弹；投射物；adj. 导弹的；可投掷的；用以发射导弹的,a nuclear missile,核导弹
receipt,rɪ'sit,n. 收到；收据；收入；v. 收到,Keep your receipt in case you want to bring it back.,保留收据以备退货之需。
shortcoming,'ʃɔrtkʌmɪŋ,n. 缺点；短处,Peter was painfully aware of his own shortcomings.,彼得痛苦地认识到了自己的短处。
adapt,ə'dæpt,v. 使适应；改编,The ability to adapt is a definite asset in this job.,适应能力是做这份工作的绝对有利条件。
symphony,'sɪmfəni,n. 交响乐；谐声，和声,Bruckner’s Fifth Symphony,布鲁克纳的《第五交响曲》
shelter,'ʃɛltɚ,n. 庇护；避难所；遮盖物；v. 保护；使掩蔽,The men took shelter in a bombed-out farmhouse.,那些男人躲在一间被炸毁的农舍里。
poison,'pɔɪzn,v. 污染；使中毒，放毒于；败坏；阻碍；n. 毒药，毒物；酒；有毒害的事物；[助剂] 抑制剂；adj. 有毒的,"She was accused in 1974 of poisoning her second husband, Charles.",1974 年她被控毒死了她的第二任丈夫查尔斯。
thrill,θrɪl,n. 激动；震颤；紧张；v. 使…颤动；使…紧张；使…感到兴奋或激动,Winning first place must have been quite a thrill.,赢得第一名肯定让人非常激动。
abundance,ə'bʌndəns,n. 充裕，丰富,This area of Mexico has an abundance of safe beaches and a pleasing climate.,墨西哥的这个地区有大量的安全沙滩与宜人的气候。
loyal,'lɔɪəl,adj. 忠诚的，忠心的；忠贞的；n. 效忠的臣民；忠实信徒,a loyal supporter of the team,球队的忠实支持者
intervene,",ɪntɚ'vin",v. 干涉；调停；插入,The army will have to intervene to prevent further fighting.,军队将不得不干预以阻止进一步的战斗。
intrude,ɪn'trʊd,v. 把…强加；把…硬挤,,
inhabit,ɪn'hæbɪt,v. 栖息；居住于；占据,The woods are inhabited by many wild animals.,很多野生动物栖居在这片森林里。
abuse,ə'bjus,n. 滥用；虐待；辱骂；弊端；恶习，陋习；v. 滥用；虐待；辱骂,several cases of child abuse,数宗虐待儿童案
direct,dɪˈrɛkt; daɪˈrɛkt,adj. 直接的；直系的；亲身的；恰好的；v. 管理；指挥；导演；指向；adv. 直接地；正好；按直系关系,Experienced users have direct access to the main data files.,高级用户可直接浏览主数据文档。
lest,lɛst,conj. 唯恐，以免；担心,She turned away from the window lest anyone see them.,她转身离开窗边，免得有人看见他们。
drift,drɪft,n. 漂流，漂移；趋势；漂流物；v. 漂流，漂移；漂泊,Smoke drifted up from the jungle ahead of us.,我们前方的丛林里有烟升起。
consensus,kən'sɛnsəs,n. 一致；舆论；合意,The EU Council of Finance Ministers failed to reach a consensus on the pace of integration.,欧盟财政部长会议未能就一体化的进度达成共识。
exclude,ɪk'sklʊd,v. 排除；排斥；拒绝接纳；逐出,a special diet that excludes dairy products,不包含奶制品的特别食谱
pregnant,'prɛɡnənt,adj. 怀孕的；富有意义的,care for pregnant women,孕妇保健
committee,kə'mɪti,n. 委员会,a committee meeting,委员会会议
prompt,prɑmpt,adj. 敏捷的，迅速的；立刻的；v. 提示；促进；激起；（给演员）提白；n. 提示；付款期限；DOS命令：改变DOS系统提示符的风格；adv. 准时地,Prompt action must be taken.,必须立即采取行动。
extravagant,ɪk'strævəgənt,adj. 奢侈的；浪费的；过度的；放纵的,Would it be too extravagant to buy both?,把两个都买下会不会太奢侈了？
turbulence,'tɝbjələns,n. 骚乱，动荡；[流] 湍流；狂暴,A period of political turbulence followed the civil war.,内战结束之后紧接着的是一段政治动荡时期。
disclose,dɪs'kloz,v. 公开；揭露,Some companies have already voluntarily disclosed similar information .,一些公司已经主动透露了类似的信息。
continent,'kɑntɪnənt,n. 大陆，洲，陆地；adj. 自制的，克制的,the continents of Asia and Africa,亚洲及非洲大陆
edit,'ɛdɪt,v. 编辑；校订；n. 编辑工作,The newspaper edits letters before printing them.,这家报社刊登读者来信前先作校订。
identical,aɪ'dɛntɪkl,adj. 同一的；完全相同的；n. 完全相同的事物,four identical houses,四幢一模一样的房子
overwhelm,",ovɚ'wɛlm",v. 淹没；压倒；受打击；覆盖；压垮,,
trail,trel,v. 追踪；拖；蔓延；落后于；n. 小径；痕迹；尾部；踪迹；一串，一系列,A plane trailing a banner was circling overhead.,一架飞机拖着横幅标语在上空盘旋。
offender,ə'fɛndɚ,n. 罪犯；冒犯者；违法者,Community punishment is used for less serious offenders.,社区服务刑被用来处罚犯罪情节较轻者。
surround,sə'raʊnd,v. 围绕；包围；n. 围绕物；adj. 环绕立体声的,He glared at the people who surrounded the tent.,他怒视着围住帐篷的那些人。
relationship,rɪ'leʃən'ʃɪp,n. 关系；关联,He’s never had a sexual relationship before.,他以前从未与人有过性关系。
fantasy,'fæntəsi,n. 幻想；白日梦；幻觉；adj. 虚幻的；v. 空想；想像,I used to have fantasies about living in Paris with an artist.,我过去常幻想着在巴黎与一位艺术家同住。
tough,tʌf,adj. 艰苦的，困难的；坚强的，不屈不挠的；坚韧的，牢固的；强壮的，结实的；n. 恶棍；v. 坚持；忍受，忍耐；adv. 强硬地，顽强地,The men who work on the oil rigs are a tough bunch.,在石油钻塔上工作的都是吃苦耐劳的人。
liberal,'lɪbərəl,adj. 自由主义的；慷慨的；不拘泥的；宽大的；n. 自由主义者,a more liberal attitude towards sexuality,对两性关系比较开通的态度
stimulate,'stɪmjə'let,v. 刺激；鼓舞，激励,Her interest in art was stimulated by her father.,她对艺术的兴趣是她父亲激发的。
celebrity,sə'lɛbrəti,n. 名人；名声,a sporting celebrity,体育明星
accord,ə'kɔrd,n. 符合；一致；协议；自愿；v. 使一致；给予,He decided to go of his own accord.,他是自己决定要去的。
sociable,'soʃəbl,adj. 社交的；好交际的；友善的；n. 联谊会,"a pleasant, sociable couple",一对和善且喜欢与人交往的夫妇
jealousy,'dʒɛləsi,n. 嫉妒；猜忌；戒备,Sexual jealousy is a common motive for murder.,性嫉妒是常见的谋杀动机。
pierce,pɪrs,v. 刺穿；洞察；响彻；深深地打动,Steam the corn until it can easily be pierced with a fork.,把玉米蒸到用叉子可以轻易扎透。
inferior,ɪn'fɪrɪɚ,adj. 差的；自卑的；下级的，下等的；n. 下级；次品,I felt very inferior among all those academics.,与那些大学教师在一起，我自惭形秽。
assume,ə'sum,v. 假定；设想；承担；采取,I think we can safely assume (=  it is almost certain  ) that interest rates will go up again soon.,我想我们几乎可以肯定，利率很快会再次上调。
testify,'tɛstɪfaɪ,v. 证明，证实；作证,Mr Molto has agreed to testify at the trial.,莫尔托先生已经同意出庭作证。
squeeze,skwiz,v. 挤；紧握；勒索；n. 压榨；紧握；拥挤；佣金,She smiled as he squeezed her hand.,他捏了捏她的手，她笑了。
alter,'ɔltɚ,v. 改变，更改；n. (Alter)人名；(英)奥尔特；(德、捷、葡、爱沙、立陶、拉脱、俄、西、罗、瑞典)阿尔特,Her face hadn’t altered much over the years.,过了这么多年，她的容貌并没有多大改变。
unity,'junəti,n. 团结；一致；联合；个体,economic unity,经济统一
uniform,'junɪfɔrm,adj. 统一的；一致的；相同的；均衡的；始终如一的；n. 制服；v. 使穿制服；使成一样,Grade A eggs must be of uniform size.,A 级鸡蛋必须大小相同。
disgrace,dɪs'ɡres,n. 耻辱；丢脸的人或事；失宠；v. 使……失宠；给……丢脸；使……蒙受耻辱；贬黜,Smith faced total public disgrace after the incident.,事情发生之后，史密斯声名狼藉。
discharge,dɪs'tʃɑrdʒ,v. 解雇；卸下；放出；免除；n. 排放；卸货；解雇,Hospitals now tend to discharge patients earlier than in the past.,与过去相比，现在医院更趋向于让病人早些出院。
remove,rɪ'muv,v. 移动，迁移；开除；调动；n. 移动；距离；搬家,Remove the old wallpaper and fill any holes in the walls.,撕下旧墙纸，把墙上的洞都填平。
mask,mæsk,n. 面具；口罩；掩饰；v. 掩饰；戴面具；化装,a surgical face mask,外科手术口罩
entire,ɪn'taɪɚ,adj. 全部的，整个的；全体的；n. (Entire)人名；(英)恩泰尔,It was the worst day in my entire life.,那是我一生中最糟糕的一天。
inevitable,ɪn'ɛvɪtəbl,adj. 必然的，不可避免的,A further escalation of the crisis now seems inevitable.,危机的进一步升级现在看来已不可避免。
magnificent,mæg'nɪfəsnt,adj. 高尚的；壮丽的；华丽的；宏伟的,a magnificent performance,气势恢宏的演出
curb,kɝb,n. 抑制；路边；勒马绳；v. 控制；勒住,measures to curb the spread of the virus,控制病毒扩散的措施
distort,dɪ'stɔrt,v. 扭曲；使失真；曲解,His account was badly distorted by the press.,他的话被报界严重歪曲。
complain,kəm'plen,v. 投诉；发牢骚；诉说,Residents are complaining because traffic in the area has increased.,由于这个地区的交通流量有所增加，居民都在抱怨。
agenda,ə'dʒɛndə,n. 议程；日常工作事项；日程表,The Republicans have stuck to their conservative agenda.,共和党人坚持自己的保守议题。
magnify,'mæɡnɪfaɪ,v. 放大；赞美；夸大,"At the Sheffield arena, the speakers were magnified ten times on a giant screen.",在谢菲尔德体育馆，演讲者在一个巨大的屏幕上被放大了十倍。
restrictive,rɪ'strɪktɪv,adj. 限制的；限制性的；约束的；n. 限制词,Many members thought the rules were too restrictive.,很多会员认为这些规定限制条件太多。
organic,ɔr'gænɪk,adj. [有化] 有机的；组织的；器官的；根本的,Adding organic matter such as manure can improve the soil.,施粪肥之类的有机物能够改良土壤。
reluctant,rɪ'lʌktənt,adj. 不情愿的；勉强的；顽抗的,She gave a reluctant smile.,她勉强笑了笑。
medium,'midɪəm,adj. 中间的，中等的；半生熟的；n. 方法；媒体；媒介；中间物,"What size shirt does he wear – small, medium or large?",他穿多大尺码的衬衫——小号、中号还是大号？
pertain,pɝ'ten,v. 属于；关于；适合,...matters pertaining to naval district defence.,…与海军区域防卫有关的问题。
irrational,ɪ'ræʃənl,adj. 不合理的；无理性的；荒谬的；n. [数] 无理数,an irrational fear of flying,对飞行非理性的恐惧
prior,'praɪɚ,adj. 优先的；在先的，在前的；adv. 在前，居先；n. (Prior)人名；(法、西、葡、捷)普里奥尔；(英)普赖尔；(意)普廖尔,You do not need any prior knowledge of the subject.,你无需事先具备该方面的知识。
appreciate,ə'priʃɪet,v. 欣赏；感激；领会；鉴别,"Thanks ever so much for your help, I really appreciate it.",多谢你的帮助，我真的很感激。
architect,'ɑrkɪtɛkt,n. 建筑师,But I am an architect.,但是我是一名建筑师。
neglect,nɪ'glɛkt,v. 疏忽，忽视；忽略；n. 疏忽，忽视；怠慢,"She smoked and drank, neglected the children, and left the clothes unmended.",她抽烟喝酒，既不照顾孩子，也不缝补衣服。
surge,sɝdʒ,n. 汹涌；大浪，波涛；汹涌澎湃；巨涌；v. 汹涌；起大浪，蜂拥而来,a device that protects your computer against electrical surges,一台计算机电涌保护设备
marginal,'mɑrdʒɪnl,adj. 边缘的；临界的；末端的,marginal revenue,边际收益
adore,ə'dɔr,v. 崇拜；爱慕；喜爱；极喜欢；n. (Adore)人名；(法)阿多尔,Betty adores her grandchildren.,贝蒂非常宠爱孙辈。
flexible,'flɛksəbl,adj. 灵活的；柔韧的；易弯曲的,We can be flexible about your starting date.,你具体从哪天开始，我们可以灵活一点。
straightforward,",stret'fɔrwɚd",adj. 简单的；坦率的；明确的；径直的；adv. 直截了当地；坦率地,This area of law is far from straightforward (= complicated ) .,法律的这个领域很复杂。
corrupt,kə'rʌpt,adj. 腐败的，贪污的；堕落的；v. 使腐烂；使堕落，使恶化,Corrupt judges have taken millions of dollars in bribes.,腐败的法官接受了几百万美元的贿赂。
extinct,ɪk'stɪŋkt,adj. 灭绝的，绝种的；熄灭的；vt. 使熄灭,Dinosaurs have been extinct for millions of years.,恐龙已灭绝数千万年了。
exchange,ɪks'tʃendʒ,n. 交换；交流；交易所；兑换；v. 交换；交易；兑换,Four of my cassettes for your Madonna CD is a fair exchange.,我用四盒磁带换你的麦当娜激光唱片很公平。
supreme,suˈprim,adj. 最高的；至高的；最重要的；n. 至高；霸权,the Supreme Allied Commander in Europe,欧洲盟军最高指挥官
crime,kraɪm,n. 罪行，犯罪；罪恶；犯罪活动；vt. 控告……违反纪律,We moved here because there was very little crime.,我们搬到这里来是因为这里的犯罪率很低。
concept,'kɑnsɛpt,n. 观念，概念,a new concept in business travel,商务旅行的新理念
senator,'sɛnətɚ,n. 参议员；（古罗马的）元老院议员；评议员，理事,Senator Kennedy,肯尼迪参议员
scandal,'skændl,n. 丑闻；流言蜚语；诽谤；公愤,It caused quite a scandal when he left his wife.,他离开妻子成了一大丑闻。
promotion,prə'moʃən,n. 提升，[劳经] 晋升；推销，促销；促进；发扬，振兴,I want a job with good prospects for promotion.,我想要一份有良好晋升机会的工作。
credible,'krɛdəbl,adj. 可靠的，可信的,Her excuse was barely credible.,她的借口无法让人信服。
oppressive,ə'prɛsɪv,adj. 压迫的；沉重的；压制性的；难以忍受的,The new laws will be just as oppressive as those they replace.,新法律将跟被它所取代的那些法律一样不公正。
ethic,'ɛθɪk,n. 伦理；道德规范；adj. 伦理的；道德的（等于ethical）,The old ethic of hard work has given way to a new ethic of instant gratification.,旧有的崇尚勤勉的道德观已被及时行乐的新观念所取代。
allege,ə'lɛdʒ,v. 宣称，断言；提出…作为理由,She alleged that there was rampant drug use among the male members of the group.,她指称该组织中有大量的男性成员吸毒。
irritable,'ɪrɪtəbl,adj. 过敏的；急躁的；易怒的,"Jo was tired, irritable, and depressed.",乔疲惫暴躁，而且情绪低落。
property,'prɑpɚti,n. 性质，性能；财产；所有权,The hotel is not responsible for any loss or damage to guests’ personal property .,宾馆对住客个人财物的丢失和损坏概不负责。
slack,slæk,adj. 松弛的；疏忽的；不流畅的；v. 松懈；减弱；n. 煤末；峡谷；adv. 马虎地；缓慢地,Keep the rope slack until I tell you to pull it.,让绳子松着，直到我叫你拉紧。
deserve,dɪ'zɝv,v. 应受，应得,What have I done to deserve this?,我做了什么事，要得到这样的报应？
version,'vɝʒn,n. 版本；译文；倒转术,the human version of mad cow disease,疯牛病的人类变体
influence,'ɪnfluəns,n. 影响；势力；感化；有影响的人或事；v. 影响；改变,"As a scientist, his influence was immense.",身为一名科学家，他的影响力极大。
differ,'dɪfɚ,v. 使…相异；使…不同；n. (Differ)人名；(法)迪费,The story he told police differed from the one he told his mother.,他告诉警察的话和告诉他母亲的不同。
compose,kəm'poz,v. 构成；写作；使平静；排…的版,Barrington has composed the music for a new production of ‘A Midsummer Night’s Dream’.,巴林顿为新版的《仲夏夜之梦》谱了曲。
mission,'mɪʃən,n. 使命，任务；代表团；布道；vt. 派遣；向……传教,He was sent on over 200 missions before being killed in action.,在阵亡之前他奉命执行过200多次军事任务。
motive,'motɪv,n. 动机，目的；主题；adj. 发动的；成为动机的；vt. 使产生动机，激起,What do you suppose the killer’s motive was?,你认为凶手的动机是什么？
view,vju,n. 观察；视野；意见；风景；v. 观察；考虑；查看,"In my view, the country needs a change of government.",依我看，这个国家需要换个政府。
declaim,dɪ'klem,v. 慷慨陈词；演讲；朗读,"He raised his right fist and declaimed: ""Liar and cheat!""","他举起右拳慷慨陈词:""骗子！"""
inherit,ɪn'hɛrɪt,v. 继承；遗传而得,inherited wealth,继承的财富
lean,lin,v. 倾斜；倚靠；倾向；依赖；adj. 瘦的；贫乏的，歉收的；n. 瘦肉；倾斜；倾斜度,trees leaning in the wind,在风中东倒西歪的树木
analyse,'æn(ə)laɪz,v. 分析；分解；细察,She still needs to analyse the data.,她仍需要分析这些数据。
exception,ɪk'sɛpʃən,n. 例外；异议,"It’s been cold, but today’s an exception.",天气一直寒冷，但今天是个例外。
moderate,"ˈmɑdərɪt; (for v.,) ˈmɑdərˌeɪt",adj. 稳健的，温和的；适度的，中等的；有节制的；v. 变缓和，变弱,Even moderate amounts of alcohol can be dangerous.,喝酒即使不多也会有危险。
missionary,'mɪʃənɛri,adj. 传教的；传教士的；n. 传教士,missionary work,传教工作
enthusiastic,"ɪn,θuzɪ'æstɪk",adj. 热情的；热心的；狂热的,an enthusiastic supporter of reform,改革的热心支持者
deputy,'dɛpjuti,n. 代理人，代表；adj. 副的；代理的,His brother was acting as his deputy in America.,他的兄弟充当他在美洲的代理人。
discipline,'dɪsəplɪn,n. 学科；纪律；训练；惩罚；v. 训练，训导；惩戒,The book gives parents advice on discipline.,这本书指导父母如何管教孩子。
heighten,'haɪtn,v. 提高；增高；加强；使更显著,There are fears that the march will heighten racial tension.,有人担心这次游行会加深种族间的紧张局势。
extinguish,ɪk'stɪŋɡwɪʃ,v. 熄灭；压制；偿清,Please extinguish all cigarettes.,请把香烟都熄灭了。
vacation,vəˈkeɪʃn; veɪ-,n. 假期；（房屋）搬出；v. 休假，度假,We’re planning a vacation in Europe.,我们正计划去欧洲度假。
friction,'frɪkʃən,n. 摩擦，[力] 摩擦力,Putting oil on both surfaces reduces friction.,两面都上油可减小摩擦力。
efficient,ɪ'fɪʃnt,adj. 有效率的；有能力的；生效的,a very efficient secretary,效率高的秘书
influential,",ɪnflu'ɛnʃl",adj. 有影响的；有势力的；n. 有影响力的人物,He had influential friends.,他有一些有影响力的朋友。
nursery,'nɝsəri,n. 苗圃；托儿所；温床,She puts her baby in this nursery and then goes back to work.,她把孩子送到这家托儿所然后回去上班。
retire,rɪ'taɪɚ,v. 退休；撤退；退却；n. 退休；退隐；退兵信号,"At the age when most people retire, he is ready to face a new career.",在大多数人退休的年纪，他准备要面对一项新事业。
flock,flɑk,n. 群；棉束（等于floc）；v. 用棉束填满,They kept a small flock of sheep.,他们养了一小群绵羊。
investigate,ɪn'vɛstɪɡet,v. 调查；研究,The state police are investigating the incident.,州警察正调查此事。
overall,",ovə'rɔl",adj. 全部的；全体的；一切在内的；adv. 全部地；总的说来；n. 工装裤；罩衫,"The overall cost of the exhibition was £400,000.",展览会的全部费用是40万英镑。
ensure,ɪn'ʃʊr,v. 保证，确保；使安全,facilities to ensure the safety of cyclists,确保骑车人安全的设施
envisage,ɪn'vɪzɪdʒ,v. 正视，面对；想像,He envisages the possibility of establishing direct diplomatic relations in the future.,他设想将来建立直接外交关系的可能性。
clarify,'klærəfaɪ,v. 澄清；阐明,Reporters asked him to clarify his position (= say exactly what his beliefs are ) on welfare reform.,记者们要求他阐明他在福利改革问题上的立场。
release,rɪ'lis,v. 释放；发射；让与；允许发表；n. 释放；发布；让与,"Police arrested several men, who were later released.",警察逮捕了几个人，后来都释放了。
prospective,prə'spɛktɪv,adj. 未来的；预期的；n. 预期；展望,The story should act as a warning to other prospective buyers.,这篇报道应该可以对其他可能的购买者起到警告作用。
famine,'fæmɪn,n. 饥荒；饥饿，奇缺,the great potato famine in Ireland,爱尔兰严重的土豆荒
virus,'vaɪrəs,n. [病毒] 病毒；恶毒；毒害,children infected with the Aids virus,感染艾滋病病毒的儿童
insurance,ɪn'ʃʊrəns,n. 保险；保险费；保险契约；赔偿金,Your father took out insurance to cover the mortgage.,你父亲购买了抵押借款保险。
bruise,bruz,n. 擦伤；挫伤；青肿；v. 使受瘀伤；使受挫伤,minor cuts and bruises,轻微的伤口和淤青
imagine,ɪ'mædʒɪn,v. 想像；猜想；臆断,Perhaps she’d never really been there at all – perhaps she’d just imagined it.,可能她从未到过那儿——也许这都是她的幻想。
literary,lɪtərɛri,adj. 文学的；书面的；精通文学的,a literary prize,文学奖
commission,kə'mɪʃən,n. 委员会；佣金；犯；委任；委任状；v. 委任；使服役；委托制作,The Government set up a commission to investigate allegations of police violence.,政府成立了一个委员会调查对警察施暴行为的指控。
junior,'dʒunɪɚ,adj. 年少的；后进的；下级的；n. 年少者，晚辈；地位较低者；大学三年级学生,the junior football club,青少年足球俱乐部
hostility,hɑ'stɪləti,n. 敌意；战争行动,a cessation of hostilities,停战
convey,kən've,v. 传达；运输；让与,All this information can be conveyed in a simple diagram.,所有这些信息可以通过一张简单的图表来表示。
aspire,ə'spaɪr,v. 渴望；立志；追求,...people who aspire to public office.,…志在获得公职的人们。
sensation,sɛn'seʃən,n. 感觉；轰动；感动,Jerry realized that he had no sensation in his legs.,杰里意识到自己双腿都没有了知觉。
enable,ɪ'nebl,v. 使能够，使成为可能；授予权利或方法,The new test should enable doctors to detect the disease early.,新的检验使医生能在早期发现该种疾病。
variation,",vɛrɪ'eʃən",n. 变化；[生物] 变异，变种,Most of his poems are variations on the theme of love.,他的大部分诗作都是有关爱情主题的形式不同的作品。
disposable,dɪ'spozəbl,adj. 可任意处理的；可自由使用的；用完即可丢弃的,disposable nappies,一次性尿布
economy,ɪ'kɑnəmi,n. 经济；节约；理财,a successful economy,发展成功的经济
fertilizer,'fɝtəlaɪzɚ,n. [肥料] 肥料；受精媒介物；促进发展者,"...farming without any purchased chemical, fertilizer or pesticide.",…不使用任何购买的化学品、肥料或杀虫剂的耕作。
export,ˈekspɔːrt；ɪkˈ-,n. 输出，出口；出口商品；v. 输出物资,Wheat is one of the country’s main exports.,小麦是该国的主要出口商品之一。
issue,'ɪʃu,n. 问题；流出；期号；发行物；v. 发行，发布；发给；放出，排出,Abortion is a highly controversial issue.,堕胎是个很有争议的话题。
uncover,ʌn'kʌvɚ,v. 发现；揭开；揭露,Customs officials uncovered a plot to smuggle weapons into the country.,海关官员侦破了一个走私武器入境的阴谋。
intention,ɪn'tɛnʃən,n. 意图；目的；意向；愈合,They went into town with the intention of visiting the library.,他们进了城，打算参观图书馆。
slip,slɪp,v. 滑动；滑倒；犯错；失足；减退；n. 滑，滑倒；片，纸片；错误；下跌；事故；adj. 滑动的；有活结的；活络的；abbr. 串行线路接口协议，是旧式的协议（Serial Line Interface Protocol）,Wright slipped but managed to keep hold of the ball.,赖特滑了一下，但球还抓在手里。
blend,blɛnd,v. 混合；n. 混合；掺合物,a story that blends fact and legend,事实与传说相糅合的一个故事
audience,'ɔdɪəns,n. 观众；听众；读者；接见；正式会见；拜会,The audience began clapping and cheering.,观众开始鼓掌欢呼。
portable,'pɔrtəbl,adj. 手提的，便携式的；轻便的；n. 手提式打字机,a portable radio,便携式收音机
generous,'dʒɛnərəs,adj. 慷慨的，大方的；宽宏大量的；有雅量的,a generous glass of wine,一大杯葡萄酒
predominant,prɪ'dɑmənənt,adj. 主要的；卓越的；支配的；有力的；有影响的,Mandy's predominant emotion was confusion.,曼迪的主导情绪是困惑。
talent,'tælənt,n. 才能；天才；天资,"He has a lot of talent , and his work is fresh and interesting.",他很有天赋，作品新颖有趣。
absent,ˈæbsənt,adj. 缺席的；缺少的；心不在焉的；茫然的；v. 使缺席,"The dull, absent look on her face implied boredom.",她脸上呆滞、茫然的神情说明她觉得无聊了。
stride,straɪd,n. 大步；步幅；进展；v. 跨过；大踏步走过；跨坐在…,Paco reached the door in only three strides.,帕科三大步就走到了门口。
designate,'dɛzɪɡnet,v. 指定；指派；标出；把…定名为；adj. 指定的；选定的,Buildings are designated by red squares on the map.,在地图上建筑物用红色方块标明。
nurture,'nɝtʃɚ,v. 养育；鼓励；培植；n. 养育；教养；营养物,plants nurtured in the greenhouse,在温室里培育的植物
thriller,'θrɪlɚ,n. 惊险小说；使人毛骨悚然的东西；使人毛骨悚然的小说,...a tense psychological thriller.,…一部紧张刺激的心理惊悚小说。
entail,ɪn'tel,v. 使需要，必需；承担；遗传给；蕴含；n. 引起；需要；继承,A new computer system entails a lot of re-training.,使用新的计算机系统需要大量的再培训。
testimony,'tɛstə'moni,n. [法] 证词，证言；证据,Barker’s testimony is crucial to the prosecution’s case.,巴克的证词对控方的指控起到了关键作用。
feature,'fitʃɚ,n. 特色，特征；容貌；特写或专题节目；v. 起重要作用,Air bags are a standard feature in most new cars.,气囊是大多数新车的标准配置。
hazard,'hæzɚd,v. 赌运气；冒…的危险，使遭受危险；n. 危险，冒险；冒险的事,"$50,000? I don’t know. I’m only hazarding a guess.",5万美元？我不知道，我只是瞎猜。
ornament,'ɔrnəmənt,n. 装饰；[建][服装] 装饰物；教堂用品；v. 装饰，修饰,a shelf covered with books and ornaments,摆满书籍和装饰品的架子
rear,rɪr,v. 培养；树立；栽种；adv. 向后；在后面；adj. 后方的；后面的；背面的；n. 后面；屁股；后方部队,"She reared sixteen children, six her own and ten her husband's.",她抚养大了16个孩子，6个她自己的，10个她丈夫的。
admit,əd'mɪt,v. 承认；准许进入；可容纳,"‘Okay, so maybe I was a little bit scared,’ Jenny admitted.",“行了，也许我是有点害怕。”珍妮承认道。
publication,",pʌblɪ'keʃən",n. 出版；出版物；发表,The guide is being translated into several languages for publication near Christmas.,这本指南正被翻译成好几种语言，准备在圣诞节前后出版。
hollow,'hɑlo,adj. 空的；中空的，空腹的；凹的；虚伪的；n. 洞；山谷；窟窿；v. 使成为空洞；adv. 彻底地；无用地,a hollow tree,空心树
retribution,",rɛtrɪ'bjuʃən",n. 报应；惩罚；报答；报偿,"{""GLOSS"":[""punishment by God""],""COLLOINEXA"":[""divine retribution""]}",上帝的惩罚
cling,klɪŋ,v. 坚持，墨守；紧贴；附着,"Instead, he appears determined to cling to power.",反而，他看来坚决要握紧权力不放。
verify,'vɛrɪfaɪ,v. 核实；查证,American forces will remain to verify compliance with the treaty.,美军将继续驻留，核查条约是否得到遵守。
plastic,'plæstɪk,adj. 塑料的；（外科）造型的；可塑的；n. 塑料制品；整形；可塑体,a plastic spoon,塑料汤匙
undergraduate,",ʌndɚ'ɡrædʒuət",n. 大学生；大学肄业生；adj. 大学生的,second-year undergraduates,大学二年级学生
renew,rɪ'nʊ,v. 使更新；续借；续费；复兴；重申,Local people have renewed their efforts to save the school.,当地居民再一次作出努力，挽救这所学校。
context,'kɑntɛkst,n. 环境；上下文；来龙去脉,The meaning of ‘mad’ depends on its context. mad,一词的意义要视上下文而定。
crew,krʊ,n. 队，组；全体人员，全体船员；v. 一起工作,"The plane crashed, killing two of the crew and four passengers.",飞机坠毁，造成两名机组人员和四名乘客死亡。
implicit,ɪm'plɪsɪt,adj. 含蓄的；暗示的；盲从的,...an implicit warning to the Moroccans not to continue or repeat the military actions they began a week ago.,…叫摩洛哥人不要继续或重复一周前开始的军事行动的含蓄警告。
concede,kən'sid,v. 承认；退让；给予，容许,"‘That’s the only possible solution.’ ‘Yes, I suppose so,’ Charles conceded.",“那是唯一可行的解决办法。”“对，我想是。”查尔斯承认道。
inspection,ɪn'spɛkʃən,n. 视察，检查,An inspection was carried out at the school.,有人来学校视察了一遍。
competent,'kɑmpɪtənt,adj. 胜任的；有能力的；能干的；足够的,A competent mechanic should be able to fix the problem.,一名合格的机修工应该能够解决这个问题。
infect,ɪn'fɛkt,v. 感染，传染,"People with the virus may feel perfectly well, but they can still infect others.",带有这种病毒的人可能毫无症状，却仍可能传染他人。
resolve,rɪ'zɑlv,v. 决定；溶解；使…分解；决心要做…；n. 坚决；决定要做的事,Barnet was desperate for money to resolve his financial problems.,巴尼特急需钱来解决他的经济问题。
disgust,dɪs'ɡʌst,n. 厌恶，嫌恶；v. 使厌恶；使作呕,He reached into the bin with a look of disgust on his face.,他把手伸进垃圾箱，脸上带着厌恶的表情。
associate,ə'soʃɪet,v. 交往；结交；n. 同事，伙伴；关联的事物；adj. 副的；联合的,I don’t like these layabouts you’re associating with.,我不喜欢你结交的这些游手好闲的人。
clumsy,'klʌmzi,adj. 笨拙的,A clumsy waiter spilled wine all over her new skirt.,一名笨手笨脚的服务员把葡萄酒洒得她新裙子上到处都是。
react,ri'ækt,v. 反应；影响；反抗；起反作用,He reacted angrily to the suggestion that he had lied.,说他撒谎，他非常生气。
correspond,",kɔrə'spɑnd",v. 符合，一致；相应；通信,The two halves of the document did not correspond.,这份文件的前后两部分不相符。
gigantic,dʒaɪ'ɡæntɪk,adj. 巨大的，庞大的,a gigantic skyscraper,摩天大楼
permanent,'pɝmənənt,adj. 永久的，永恒的；不变的；n. 烫发（等于permanent wave）,He gave up a permanent job in order to freelance.,他放弃了固定工作，为的是当一名自由职业者。
classic,'klæsɪk,adj. 经典的；古典的，传统的；最优秀的；n. 名著；经典著作；大艺术家,The Coca-Cola bottle is one of the classic designs of the last century.,可口可乐瓶是上个世纪的经典设计之一。
staff,stæf,n. 职员；参谋；棒；支撑；adj. 职员的；行政工作的；v. 供给人员；给…配备职员,The entire staff has done an outstanding job this year.,今年全体员工工作都非常出色。
restrain,rɪ'stren,v. 抑制，控制；约束；制止,Renwick restrained a feeling of annoyance.,伦威克忍住了不悦的情绪。
dynamic,daɪ'næmɪk,adj. 动态的；动力的；动力学的；有活力的；n. 动态；动力,a dynamic and unstable process,不断变化的、不稳定的过程
incredibly,ɪn'krɛdəbli,adv. 难以置信地；非常地,Nicotine is incredibly addictive.,尼古丁很容易让人上瘾。
contrast,'kɑntræst,v. 对比；形成对照；n. 对比；差别；对照物,an essay comparing and contrasting (= showing how two things are similar and different ) Verdi and Wagner and their operas,把威尔第和瓦格纳以及他们的歌剧进行比较和对照的一篇文章
trace,tres,v. 追溯；沿路走；n. 痕迹，踪迹；微量；[仪] 迹线；缰绳,Sondheim’s book traces the changing nature of the relationship between men and women.,桑德海姆的这本书研究了男女关系性质的变化。
trap,træp,v. 诱捕；使…受限制；使…陷入困境；n. 陷阱；圈套；[建] 存水湾,The police trapped the terrorists at a roadblock.,警察在设有路障的地方堵住了恐怖分子。
diffuse,dɪ'fjus,adj. 弥漫的；散开的；v. 扩散；传播；漫射,The organization is large and diffuse.,这个组织规模大、分布广。
flaw,flɔ,n. 瑕疵，缺点；一阵狂风；短暂的风暴；裂缝，裂纹；v. 使生裂缝，使有裂纹；使无效；使有缺陷,A design flaw (= a mistake or weakness in the way something was made ) caused the engine to explode.,一个设计缺陷导致了引擎爆炸。
deficient,dɪ'fɪʃnt,adj. 不足的；有缺陷的；不充分的,Women who are dieting can become iron deficient.,节食的女性有可能缺铁。
presume,prɪ'zum,v. 假定；推测；擅自；意味着,I presume you're here on business.,我想你是来这儿出差的吧。
appliance,ə'plaɪəns,n. 器具；器械；装置,"The device most often used to do this is a load balancer, which is an appliance that accepts requests from the outside world and hands them off to the next available application server.",进行这一操作最常用的设备是一个负载均衡器，这是一个从外部接收请求并将它们移交给下一个可用应用程序服务器的装置。
climate,'klaɪmət,n. 气候；风气；思潮；风土,Los Angeles’ warm dry climate,洛杉矶温暖干燥的气候
package,'pækɪdʒ,n. 包，包裹；套装软件，[计] 程序包；adj. 一揽子的；v. 打包；将…包装,There’s a package here for a Miami Lakes address.,这里有一个寄往迈阿密湖的包裹。
freezing,'frizɪŋ,adj. 冰冻的；严寒的；冷冻用的,It’s freezing in this house. Can’t I turn on the heating?,房子里冷极了，我不可以开暖气吗？
advertise,'ædvɚtaɪz,v. 通知；为…做广告；使突出,They no longer advertise alcohol or cigarettes at sporting events.,他们不再在体育赛事上做烟酒广告了。
amount,ə'maʊnt,v. 总计，合计；相当于；共计；产生…结果；n. 数量；总额，总数,Consumer spending on sports-related items amounted to $9.75 billion.,消费者在体育相关用品上的消费总共达到了97.5亿美元。
withhold,wɪð'hold,v. 保留，不给；隐瞒；抑制,I withheld payment until they had completed the work.,我扣着钱，直到他们完工。
moan,mon,v. 抱怨，悲叹；呻吟；n. 呻吟声；悲叹,"‘I feel seasick already,’ she moaned.",“我已经开始晕船了。”她抱怨道。
strategy,'strætədʒi,n. 战略，策略,the government’s long-term economic strategy,政府的长期经济策略
displace,dɪs'ples,v. 取代；置换；转移；把…免职；排水,Coal has been displaced by natural gas as a major source of energy.,作为一种主要能源，煤的地位已为天然气所取代。
hammer,'hæmɚ,v. 锤击；敲打；重复；n. 铁锤；链球；[解剖] 锤骨；音锤,the sound of hammering and sawing,锤打和拉锯的声音
arrogant,'ærəɡənt,adj. 自大的，傲慢的,He was unbearably arrogant.,他的傲慢让人无法忍受。
scare,skɛr,v. 惊吓；把…吓跑；n. 恐慌；惊吓；惊恐；adj. （美）骇人的,"I don’t scare easily, you know.",你知道我不是那么容易给吓倒的！
ceremony,ˈsɛrəˌmoʊni,n. 典礼，仪式；礼节，礼仪；客套，虚礼,a wedding ceremony,婚礼
duplicate,'duplɪket,v. 复制；使加倍；n. 副本；复制品；adj. 复制的；二重的,New copies of the form can be duplicated from a master copy.,可以用原件来复制新的表格。
amuse,ə'mjuz,v. 娱乐；消遣；使发笑；使愉快,Doing jigsaws would amuse Amy for hours on end.,拼图能让埃米连续玩上几个小时。
significant,sɪɡ'nɪfɪkənt,adj. 重大的；有效的；有意义的；值得注意的；意味深长的；n. 象征；有意义的事物,His most significant political achievement was the abolition of the death penalty.,他政治上最重大的成就是废除了死刑。
dramatist,'dræmətɪst,n. 剧作家，剧本作者,"After the boss left, the dramatist had a dozen buns for supper. Then he began to doze off.",老板走后，剧作家吃了一打面包作为晚餐然后开始打瞌睡了。
tense,tɛns,adj. 紧张的；拉紧的；v. 变得紧张；使拉紧；n. 时态,Is anything wrong? You look a little tense.,有什么不对劲吗？你看起来有点紧张。
intelligent,ɪn'tɛlɪdʒənt,adj. 智能的；聪明的；理解力强的,a group of highly intelligent (= very intelligent )students,一组聪明异常的学生
resign,rɪ'zaɪn,v. 辞职；放弃；委托；使听从；n. 辞去职务,Josh resigned himself to the long walk home.,乔希只好走很长的路回家。
press,prɛs,v. 压；按；逼迫；紧抱；n. 压；按；新闻；出版社；[印刷] 印刷机,Manville kept his back pressed flat against the wall.,曼维尔后背紧紧地贴在墙上。
linger,'lɪŋɡɚ,v. 徘徊；苟延残喘；磨蹭；n. (Linger)人名；(德、捷、瑞典)林格；(法)兰热,He surprised all the doctors by lingering on for several weeks.,他拖了几个星期才去世，让所有的医生都很惊讶。
objective,əb'dʒɛktɪv,adj. 客观的；目标的；宾格的；n. 目的；目标；[光] 物镜；宾格,Scientists need to be objective when doing research.,科学家做研究时要客观。
transient,ˈtrænʃnt; trænʃənt,adj. 短暂的；路过的；n. 瞬变现象；过往旅客；候鸟,transient fashions,短暂的时尚
commodity,kə'mɑdəti,n. 商品，货物；日用品,agricultural commodities,农业商品
frontier,frʌn'tɪr,n. 前沿；边界；国境；adj. 边界的；开拓的,a novel about a family’s struggle on the American frontier,描写一家人在美国边远地区奋斗的小说
charity,'tʃærəti,n. 慈善；施舍；慈善团体；宽容；施舍物,Several charities sent aid to the flood victims.,有几家慈善机构已向洪灾灾民送去了救援物资。
sprout,spraʊt,v. 发芽；长芽；n. 芽；萌芽；苗芽,Move the pots outside when the seeds begin to sprout.,种子开始发芽时把盆搬到外面去。
simulate,'sɪmjulet,v. 模仿；假装；冒充；adj. 模仿的；假装的,a machine that simulates conditions in space,一台模拟太空环境的机器
turbulent,'tɝbjələnt,adj. 骚乱的，混乱的；狂暴的；吵闹的；激流的，湍流的,the turbulent times of the French Revolution,法国大革命的动荡时期
tutor,'tʊtɚ,v. 辅导；约束；n. 导师；家庭教师；助教,He was privately tutored.,他是由家庭教师教的。
pioneer,",paɪə'nɪr",n. 先锋；拓荒者；v. 开辟；倡导；提倡,the early pioneers of the Dakota territory,达科他地区的早期拓荒者
invent,ɪn'vɛnt,v. 发明；创造；虚构,Alexander Graham Bell invented the telephone in 1876.,亚历山大 · 格雷厄姆 · 贝尔于1876年发明了电话。
devise,dɪ'vaɪz,v. 设计；想出；发明；图谋；遗赠给；n. 遗赠,She devised a method for quicker communications between offices.,她想出一种加快办公室之间通信联络的方法。
product,'prɑdʌkt,n. 产品；结果；[数] 乘积；作品,The London factory assembles the finished product .,伦敦工厂组装成品。
elegance,'ɛləgəns,n. 典雅；高雅,,
intimate,ˈɪntəmɪt,adj. 亲密的；私人的；精通的；有性关系的；n. 知己；至交；v. 暗示；通知；宣布,an intimate friend of Picasso’s,毕加索的一个密友
awful,'ɔfl,adj. 可怕的；极坏的；使人敬畏的,The weather was awful.,天气很糟糕。
congress,'kɑŋɡrəs,n. 国会；代表大会；会议；社交,a congress of the ruling Labor Party,执政党工党的代表大会
local,ˈloʊkl,n. [计] 局部；当地居民；本地新闻；adj. 当地的；局部的；地方性的；乡土的,We asked one of the locals to recommend a restaurant.,我们请一位当地人推荐一家餐馆。
basis,'besɪs,n. 基础；底部；主要成分；基本原则或原理,Their claim had no basis in fact (=  it was not true  ) .,他们的说法没有事实根据。
modest,'mɑdɪst,adj. 谦虚的，谦逊的；适度的；端庄的；羞怯的；n. (Modest)人名；(罗)莫代斯特；(德)莫德斯特；(俄)莫杰斯特,You’re too modest! You’ve been a huge help to us.,你太谦虚了！你帮了我们大忙呢。
liable,'laɪəbl,adj. 有责任的，有义务的；应受罚的；有…倾向的；易…的,She will grow into a woman particularly liable to depression.,她将变成一个特别易于消沉的女人。
commit,kə'mɪt,v. 犯罪，做错事；把交托给；指派…作战；使…承担义务,Women commit fewer crimes than men.,女性犯罪比男性少。
flour,'flaʊɚ,n. 面粉；粉状物质；v. 撒粉于；把…磨成粉,Roll the pastry out on a lightly floured board.,把面团放在撒有少许面粉的案板上擀平。
fraud,frɔd,n. 欺骗；骗子；诡计,"{""COLLOINEXA"":[""electoral fraud""]}",选举欺诈
boring,'bɔrɪŋ,adj. 无聊的；令人厌烦的；n. 钻孔；v. 钻孔；使厌烦；挖空（bore的ing形式）,Her husband is about the most boring person I’ve ever met.,她丈夫可以说是我见过的最无聊的人。
consultant,kən'sʌltənt,n. 顾问；咨询者；会诊医生,a management consultant,管理顾问
element,'ɛləmənt,n. 元素；要素；原理；成分；自然环境,Business and management elements are built into the course.,本课程加入了商务和管理方面的内容。
vulnerable,'vʌlnərəbl,adj. 易受攻击的，易受…的攻击；易受伤害的；有弱点的,He took advantage of me when I was at my most vulnerable.,他在我最脆弱的时候利用了我。
frank,fræŋk,adj. 坦白的，直率的；老实的；n. 免费邮寄特权；v. 免费邮寄,"To be perfectly frank, I think it’s a bad idea.",老实说，我认为这个主意不好。
thorough,ˈθʌrəʊ; θʌro,adj. 彻底的；十分的；周密的,The doctor gave him a thorough check-up.,医生给他做了一次全面的体检。
internal,ɪn'tɝnl,adj. 内部的；内在的；国内的,We have no interest in interfering in the internal affairs of other countries.,我们对干涉其他国家内政不感兴趣。
abide,ə'baɪd,v. 忍受，容忍；停留；遵守,I can’t abide that man – he’s so self-satisfied.,我受不了那个人，他太自满了。
striking,'straɪkɪŋ,adj. 显著的，突出的，惊人的；打击的；罢工的；v. 打（strike的ing形式）,a dark man with striking features,相貌出众、肤色黝黑的男子
counterpart,'kaʊntɚpɑrt,n. 副本；配对物；极相似的人或物,"As soon as he heard what was afoot, he telephoned his German and Italian counterparts to protest.",他一听到在进行中的事，马上就给德国和意大利相应人员打电话抗议。
label,ˈlebəl,v. 标注；贴标签于；n. 标签；商标；签条,Label the diagram clearly.,把图表标示清楚。
overcome,",ovɚ'kʌm",v. 克服；胜过,He struggled to overcome his shyness.,他努力克服自己的羞怯。
haste,hest,n. 匆忙；急忙；轻率；vi. 匆忙；赶紧；vt. 赶快,I soon regretted my haste.,我很快就对自己的仓促感到后悔。
virtue,'vɝtʃʊ,n. 美德；优点；贞操；功效,Women have often been used as symbols of virtue.,女性常被用作美德的象征。
alight,ə'laɪt,v. 下来；飞落；adj. 烧着的；点亮着的,A thrush alighted on a branch of the pine tree.,一只画眉落在这棵松树的一根树枝上。
collapse,kə'læps,v. 倒塌；瓦解；暴跌；n. 倒塌；失败；衰竭,Uncle Ted’s chair collapsed under his weight.,椅子承受不了特德叔叔的重量，塌架了。
mirror,'mɪrɚ,n. 镜子；真实的写照；榜样；v. 反射；反映,He spends hours in front of the mirror !,他老是照镜子！
ponder,'pɑndɚ,v. 仔细考虑；衡量；n. (Ponder)人名；(英)庞德,He continued to ponder the problem as he walked home.,他一边往家走一边继续思考那个问题。
elevator,'ɛlɪvetɚ,n. 电梯；升降机；升降舵；起卸机,We’ll have to take the elevator.,我们只好坐电梯了。
invert,'ɪnvɝt,v. 使…转化；使…颠倒；使…反转；使…前后倒置；n. 颠倒的事物；倒置物；倒悬者；adj. 转化的,Invert the cake onto a serving plate.,把蛋糕倒扣过来放到一个盘子上。
alert,ə'lɝt,v. 警告；使警觉，使意识到；adj. 警惕的，警觉的；留心的；n. 警戒，警惕；警报,The school immediately alerted the police .,学校立即报了警。
punish,'pʌnɪʃ,v. 惩罚；严厉对待；贪婪地吃喝,Smacking is not an acceptable way of punishing a child.,要惩罚孩子，不应该用打的方式。
detach,dɪ'tætʃ,v. 分离；派遣；使超然,Detach the white part of the application form and keep it for reference only.,取下申请表的白色部分，仅备参考。
multitude,"ˈmʌltɪˌtud, -ˌtjud",n. 群众；多数,I had never seen such a multitude of stars before.,我以前从未见过这么多的星星。
descent,dɪ'sɛnt,n. 下降；血统；袭击；vt. 除去…的气味；使…失去香味,Passengers must fasten their seat belts prior to descent.,乘客在飞机降落之前必须系好安全带。
precious,'prɛʃəs,adj. 宝贵的；珍贵的；矫揉造作的；n. (Precious)人名；(英)普雷舍斯，普雷舍丝(女名),planes delivering precious supplies of medicine and food,运送药品、食品等宝贵物资的飞机
articulate,ɑr'tɪkjulet,v. 清晰地发（音）；明确有力地表达；用关节连接；使相互连贯；adj. 发音清晰的；口才好的；有关节的；n. 【动物学】有节体的动物,Many people are unable to articulate the unhappiness they feel.,许多人都表达不出内心的痛苦。
mortal,'mɔrtl,adj. 凡人的；致死的；终有一死的；不共戴天的；n. 人类，凡人,Her father’s death reminded her that she was mortal.,父亲的去世让她认识到终有一天她也会死去。
slippery,'slɪpəri,adj. 滑的；狡猾的；不稳定的,"In places, the path can be wet and slippery.",路上有些地方可能又湿又滑。
acquisition,",ækwɪ'zɪʃən",n. 获得物，获得；收购,the acquisition of language,语言的习得
convict,kən'vɪkt,v. 证明…有罪；宣告…有罪；n. 罪犯,a convicted murderer,已定罪的谋杀犯
exactly,ɪɡ'zæktli,adv. 恰好地；正是；精确地；正确地,It’s exactly half past five.,一分不差，正好5点半。
strive,straɪv,v. 努力；奋斗；抗争,He strives hard to keep himself very fit.,他努力使自己保持非常的健康。
coincidence,ko'ɪnsɪdəns,n. 巧合；一致；同时发生,‘I’m going to Appleby tomorrow.’ ‘ What a coincidence ! I’m going there too.’,“明天我要去阿普尔比。”“太巧了！我也要去那里。”
session,'sɛʃən,n. 会议；（法庭的）开庭；（议会等的）开会；学期；讲习会,Board members met in closed session (= with nobody else present ) .,委员会成员举行了闭门会议。
stress,strɛs,n. 压力；强调；紧张；重要性；重读；v. 强调；使紧张；加压力于；用重音读,Your headaches are due to stress.,你的头痛是压力造成的。
evolve,ɪ'vɑlv,v. 发展，进化；进化；使逐步形成；推断出,Animals have evolved camouflage to protect themselves from predators.,动物进化形成了伪装，以保护自身不被捕食性动物所捕食。
awkward,'ɔkwɚd,adj. 尴尬的；笨拙的；棘手的；不合适的,I hoped he would stop asking awkward questions .,我希望他不要再问令人难堪的问题。
browse,braʊz,v. 浏览；吃草；n. 浏览；吃草,a feature that allows you to browse your hard drive and choose the graphic you want to display,让你可以浏览硬盘驱动器选择自己想要显示的图像的一个功能
cite,saɪt,v. 引用；传讯；想起；表彰,The passage cited above is from a Robert Frost poem.,以上的引文出自罗伯特•弗罗斯特的一首诗。
scarce,skɛrs,adj. 缺乏的，不足的；稀有的；adv. 仅仅；几乎不；几乎没有,Food was often scarce in the winter.,冬季常常粮食短缺。
contrive,kən'traɪv,v. 设计；发明；图谋,"In 1862, a technique was contrived to take a series of photographs showing stages of movement.",1862年时发明了一种技术，可以拍出一连串展示连续动作的照片。
inflation,ɪn'fleʃən,n. 膨胀；通货膨胀；夸张；自命不凡,Inflation is now at over 16%.,通货膨胀率现已超过16%。
delivery,dɪ'lɪvəri,n. [贸易] 交付；分娩；递送,Most Indian restaurants offer free delivery.,大多数印度餐馆提供免费外送服务。
renaissance,'rɛnəsɑns,n. 文艺复兴（欧洲14至17世纪）,...the Renaissance masterpieces in London's galleries.,…伦敦美术馆里文艺复兴时期的杰作。
protest,ˈproʊtest,v. 抗议；断言；n. 抗议；adj. 表示抗议的；抗议性的,‘I don’t see why I should take the blame for this!’ she protested.,“我不明白为什么我要对此承担责任！”她抗议道。
impulse,'ɪmpʌls,n. 冲动；[电子] 脉冲；刺激；神经冲动；推动力；vt. 推动,The eye converts light signals to nerve impulses.,眼睛把光信号转变成神经冲动。
plight,plaɪt,n. 困境；境况；誓约；v. 保证；约定,the country’s economic plight,该国的经济困境
isolate,aɪslˌet,v. 使隔离；使孤立；使绝缘；n. [生物] 隔离种群；adj. 隔离的；孤立的,The town was isolated by the floods.,洪水使该镇与外界隔绝。
definite,'dɛfɪnət,adj. 一定的；确切的,It’s impossible for me to give you a definite answer.,我不可能给你明确的答复。
acquire,ə'kwaɪr,v. 获得；取得；学到；捕获,Manning hoped to acquire valuable works of art as cheaply as possible.,曼宁希望以尽可能低的价格买到有价值的艺术品。
channel,'tʃænl,v. 引导，开导；形成河道；n. 通道；频道；海峡,Water had channelled grooves in the rock.,水在岩石上冲出了沟槽。
nourish,'nɜrɪʃ,v. 滋养；怀有；使健壮,The cream contains vitamin A to nourish the skin.,这种护肤霜含有滋养肌肤的维生素A。
mostly,'mostli,adv. 主要地；通常；多半地,Green teas are mostly from China or Japan.,绿茶主要来自中国或日本。
blast,blæst,n. 爆炸；冲击波；一阵；v. 猛攻,I had the gas fire going full blast .,我把煤气取暖器开到最大。
submerge,səb'mɝdʒ,v. 淹没；把…浸入；沉浸,Alice submerged herself in work to try and forget about Tom.,艾丽斯埋头工作，试图忘记汤姆。
violent,'vaɪələnt,adj. 暴力的；猛烈的,the increase in violent crime,暴力犯罪的增多
confirm,kən'fɝm,v. 确认；确定；证实；批准；使巩固,New evidence has confirmed the first witness’s story.,新的证据证实了第一个证人的说法。
vacant,'vekənt,adj. 空虚的；空的；空缺的；空闲的；茫然的；n. (Vacant)人名；(法)瓦康,Only a few apartments were still vacant.,只有几套公寓仍然空着。
snatch,snætʃ,n. 抢夺；抓举；小量；v. 夺得；抽空做；及时救助,reports of a bag snatch,抢夺手提包的报道
orderly,'ɔrdɚli,adj. 有秩序的；整齐的；值班的；n. 勤务兵；传令兵；护理员；adv. 顺序地；依次地,She needs to organize her ideas in a more orderly way.,她需要把自己的想法组织得更有条理些。
persuade,pɚ'swed,v. 说服，劝说；使某人相信；劝某人做（不做）某事；adj. 空闲的，有闲的,He was fairly easily persuaded .,他很轻易就被说服了。
altitude,'æltɪtud,n. 高地；高度；[数] 顶垂线；（等级和地位等的）高级；海拔,"The aircraft had reached its cruising altitude of about 39,000 feet.",那架飞机已经达到了大约三万九千英尺的巡航高度。
defend,dɪ'fɛnd,v. 辩护；防护,She was always defending her husband in front of their daughter.,她在女儿面前总是为丈夫辩解。
available,ə'veləbl,adj. 可获得的；可购得的；可找到的；有空的,Tickets are available from the box office.,售票处有票出售。
edition,ɪ'dɪʃən,n. 版本,a paperback edition,平装本
distribute,dɪ'strɪbjut,v. 分配；散布；分开；把…分类,a man distributing leaflets to passers-by,一个向路人派发传单的男子
perpetual,pɚ'pɛtʃuəl,adj. 永久的；不断的；四季开花的；无期限的,the perpetual noise of the machines,机器连续不断的噪音
tremendous,trə'mɛndəs,adj. 极大的，巨大的；惊人的；极好的,"Suddenly, there was a tremendous bang, and the whole station shook.",突然一声巨响，整个车站都晃动了。
inform,ɪn'fɔrm,v. 通知；告诉；报告,They decided to inform the police.,他们决定通知警察。
reckon,'rɛkən,v. 测算，估计；认为；计算,‘There’s nothing we can do about it.’ ‘You reckon (= used to express doubt or disagreement ) ?’,“这件事我们无能为力。”“是吗？”
exhaust,ɪɡ'zɔst,v. 排出；耗尽；使精疲力尽；彻底探讨；n. 排气；废气；排气装置,A full day’s teaching exhausts me.,讲一整天课令我精疲力竭。
expose,ɪk'spoz；ek-,v. 揭露，揭发；使曝光；显示,He lifted his T-shirt to expose a jagged scar across his chest.,他撩起T恤衫，露出横贯胸部的锯齿状伤疤。
withdraw,wɪð'drɔ,v. 撤退；收回；撤消；拉开,calls for Britain to withdraw from the European Union,要求英国退出欧盟的呼声
heritage,'hɛrɪtɪdʒ,n. 遗产；传统；继承物；继承权,the importance of preserving the national heritage,保护民族遗产的重要性
overnight,'ovənaɪt,adv. 通宵；突然；昨晚；adj. 晚上的；通宵的；前夜的；n. 头天晚上；一夜的逗留；vt. 连夜快递；vi. 过一夜,He became a millionaire overnight.,他一夜之间就成了百万富翁。
uphold,ʌpˈhoʊld,v. 支撑；鼓励；赞成；举起,,
invisible,ɪn'vɪzəbl,adj. 无形的，看不见的；无形的；不显眼的，暗藏的,"The house was surrounded by trees, and invisible from the road.",这所房子树木环绕，从路上是看不见的。
remote,rɪ'mot,adj. 遥远的；偏僻的；疏远的；n. 远程,a remote border town,一个偏远的边境小镇
variety,və'raɪəti,n. 多样；种类；杂耍；变化，多样化,I really like the variety the store has to offer.,我很喜欢这家商店商品的丰富多样。
primary,'praɪmɛri,adj. 主要的；初级的；基本的；n. 原色；最主要者,Our primary concern is to provide the refugees with food and health care.,我们的头等大事是向难民提供食品和医疗。
miracle,'mɪrəkl,n. 奇迹，奇迹般的人或物；惊人的事例,It’s a miracle you weren’t killed!,你没有死真是奇迹！
species,'spiʃiz,n. [生物] 物种；种类；adj. 物种上的,Seven species of birds of prey have been observed.,已有七种猛禽被观察到。
reservoir,"'rɛzɚ,vɔr",n. 水库；蓄水池,All these earthquakes happened when the water level in Zipingpu reservoir was low.,所有这些地震都发生在紫坪铺水库水位很低的时候。
cradle,'kredl,n. 摇篮；发源地；发祥地；支船架；v. 抚育；把搁在支架上；把放在摇篮内,She rocked the cradle to quieten the child.,她摇动摇篮，让宝宝安静下来。
statement,'stetmənt,n. 声明；陈述，叙述；报表，清单,"In an official statement, she formally announced her resignation.",在一份官方声明中，她正式宣布辞职。
generate,'dʒɛnəret,v. 使形成；发生；生殖；产生物理反应,a useful technique for generating new ideas,能产生新创意的有用技术
procedure,prə'sidʒɚ,n. 程序，手续；步骤,"On board, we were given the usual talk on safety procedures (= what to do if an accident happens, or to prevent an accident ) .",在飞机上，我们听了例行的飞行安全讲解。
vivid,'vɪvɪd,adj. 生动的；鲜明的；鲜艳的,I’ve got vivid memories of that summer.,我对那年夏天记忆犹新。
tedious,'tidɪəs,adj. 沉闷的；冗长乏味的,The work was tiring and tedious.,这工作既累人又枯燥。
surplus,'sɝpləs,n. 剩余；[贸易] 顺差；盈余；过剩；adj. 剩余的；过剩的,Any surplus can be trimmed away.,多出来的部分可以修剪掉。
controversy,ˈkɑːntrəvɜːrsi,n. 争论；论战；辩论,a political controversy,政治争议
stability,stə'bɪləti,n. 稳定性；坚定，恒心,a period of relative stability,相对稳定的一段时期
symbol,'sɪmbl,n. 象征；符号；标志,The symbol on the packet is a guarantee that the food has been produced organically.,包装盒上的这个标识保证这种食物是有机生产的。
abandon,ə'bændən,n. 放任；狂热；v. 遗弃；放弃,He approached life with reckless abandon–I don't think he himself knew what he was going to do next.,他以不计后果的放纵态度对待生活–我想他自己都不知道他接下来要做什么。
summary,'sʌməri,adj. 简易的；扼要的；n. 概要，摘要，总结,a summary execution,立即处决
miserable,'mɪzrəbl,adj. 悲惨的；痛苦的；卑鄙的,I’ve been so miserable since Pat left me.,自从帕特离我而去后，我十分痛苦。
likely,'laɪkli,adj. 很可能的；合适的；有希望的；adv. 很可能；或许,the three most likely candidates for president,最有可能当选的三位总统候选人
dessert,dɪ'zɝt,n. 餐后甜点；甜点心,She had homemade ice cream for dessert.,她吃了些自制冰淇淋当餐后甜点。
prefer,prɪ'fɝ,v. 更喜欢；宁愿；提出；提升,This type of owl prefers a desert habitat.,这种猫头鹰更喜欢沙漠的生活环境。
economics,'ikə'nɑmɪks; 'ɛkə'nɑmɪks,n. 经济学；国家的经济状况,a Harvard professor of economics,哈佛大学的经济学教授
screw,skru,v. 旋，拧；压榨；强迫；n. 螺旋；螺丝钉；吝啬鬼,"""Yes, I know that,"" Kelly said, screwing the silencer onto the pistol.",“是的，我知道那事。”凯利一边把消音器拧到手枪上一边说道。
lame,lem,adj. 跛足的；僵痛的；不完全的；无说服力的；差劲的，蹩脚的；v. 变跛,a lame attempt to deflect criticism,转移批评的一个无力的尝试
prejudice,'prɛdʒədɪs,n. 偏见；侵害；v. 损害；使有偏见,Women still face prejudice in the workplace.,女性在职场中仍然面临歧视。
vertical,'vɝtɪkl,adj. 垂直的，直立的；[解剖] 头顶的，顶点的；n. 垂直线，垂直面,a vertical line ,垂直线
largely,'lɑrdʒli,adv. 主要地；大部分；大量地,The state of Nevada is largely desert.,内华达州大部分是沙漠。
elite,ɪˈliːt,n. 精英；精华；中坚分子,a struggle for power within the ruling elite ,统治阶层内部的争权夺利
inconvenience,",ɪnkən'vinɪəns",n. 不便；麻烦；v. 麻烦；打扰,We apologise for the delay and any inconvenience caused.,我们对延误和由此造成的不便深感抱歉。
digest,daɪ'dʒɛst,v. 消化；吸收；融会贯通；n. 文摘；摘要,Most babies can digest a wide range of food easily.,大多数婴儿能轻易地消化很多种食物。
parcel,'pɑrsl,n. 包裹，小包；v. 打包；捆扎,The parcel was delivered last week.,那个邮包上周送到了。
splash,splæʃ,v. 溅，泼；用使液体飞溅；n. 飞溅的水；污点；卖弄,The children were splashing about in the pool.,孩子们在水池里戏水。
aware,ə'wɛr,adj. 意识到的；知道的；有…方面知识的；懂世故的；n. (Aware)人名；(阿拉伯、索)阿瓦雷,Mr Braley has been made aware of the need for absolute secrecy.,布雷利先生被告知需要绝对保密。
tolerate,'tɑləret,v. 忍受；默许；宽恕,We simply will not tolerate vigilante groups on our streets.,我们决不容许有自行惩办犯罪的组织出现在我们的街头。
stuff,stʌf,n. 东西；材料；填充物；素材资料；v. 塞满；填塞；让吃饱,I’ve got some sticky stuff on my shoe.,我鞋子上有什么黏糊糊的东西。
premium,'primɪəm,n. 额外费用；奖金；保险费;(商)溢价；adj. 高价的；优质的,insurance premiums,保险费
participant,pɑr'tɪsəpənt,adj. 参与的；有关系的；n. 参与者；关系者,If you have time – please answer a comment of another participant.,如果你有时间-请答复另外一个参与者的评论。
extend,ɪk'stɛnd,v. 延伸；扩大；推广；伸出；给予；使竭尽全力；对…估价,Management have agreed to extend the deadline.,管理层已同意延长最后期限。
democratic,'dɛmə'krætɪk,adj. 民主的；民主政治的；大众的,a democratic government,民主政府
grip,ɡrɪp,n. 紧握；柄；支配；握拍方式；拍柄绷带；v. 紧握；夹紧,Hold the microphone in a firm grip and keep it still.,紧紧握住麦克风不要让它动。
perfect,ˈpɝfɪkt; (for v.) pɝˈfɛkt,adj. 完美的；最好的；精通的；v. 使完美；使熟练；n. 完成式,His English was perfect.,他的英语很地道。
data,'detə,n. 数据（datum的复数）；资料,The research involves collecting data from two random samples.,该项研究需要从两个随机样本里收集资料。
misfortune,'mɪs'fɔrtʃən,n. 不幸；灾祸，灾难,It seems the banks always profit from farmers’ misfortunes.,银行似乎总是从农民的不幸中获益。
extraordinary,ɛkˈstrɔrdənˌɛri; ɪkˈstrɔrdəˌnɛri; ˌɛkstrəˈɔrdəˌnɛri,adj. 非凡的；特别的；离奇的；临时的；特派的,a woman of extraordinary beauty,容貌出众的女子
unlimited,ʌn'lɪmɪtɪd,adj. 无限制的；无限量的；无条件的,The system can support an unlimited number of users.,该系统可以支持无限多的用户。
range,rendʒ,n. 范围；幅度；排；山脉；v. （在内）变动；平行，列为一行；延伸；漫游；射程达到,a temperature range of 72-85˚,72 度到85度之间的温度范围
alliance,ə'laɪəns,n. 联盟，联合；联姻,independent organizations and alliances,独立组织和联盟
nutrition,nu'trɪʃən,n. 营养，营养学；营养品,Nutrition and exercise are essential to fitness and health.,营养和运动是保持健康所必不可少的。
trigger,'trɪɡɚ,v. 引发，引起；触发；n. 扳机；[电子] 触发器；制滑机,The assassination triggered off a wave of rioting.,这次暗杀事件引发了一阵骚乱。
judgement,'dʒʌdʒmənt,n. 意见；判断力；[法] 审判；评价,,
strike,straɪk,v. 打，打击；罢工；敲，敲击；抓；打动；穿透；n. 罢工；打击；殴打,"She fell heavily, striking her head against the side of the boat.",她重重地摔倒，头撞在船舷上。
vibrate,vaɪ'breɪt,v. 振动；颤动；摇摆；踌躇,The floor was vibrating to the beat of the music.,地板随着音乐的节奏在颤动。
redundant,rɪ'dʌndənt,adj. 多余的，过剩的；被解雇的，失业的；冗长的，累赘的,Seventy factory workers were made redundant in the resulting cuts.,在继而发生的裁员中，70名工厂工人被解雇。
moral,'mɔrəl,adj. 道德的；精神上的；品性端正的；n. 道德；寓意,It is easy to have an opinion on a moral issue like the death penalty for murder.,对于判谋杀犯死刑这种涉及伦理道德的问题，有个观点并非难事。
hike,haɪk,v. 远足；徒步旅行；上升；n. 远足；徒步旅行；涨价,You could hike through the Fish River Canyon – it's entirely up to you.,你可以远足穿越菲什干河大峡谷–这全由你自己决定。
candidate,"ˈkændɪˌdet, -dɪt",n. 候选人，候补者；应试者,a presidential candidate,总统候选人
tragic,'trædʒɪk,adj. 悲剧的；悲痛的，不幸的,The parents were not to blame for the tragic death of their son.,儿子的惨死不是他父母的错。
steep,stip,adj. 陡峭的；不合理的；夸大的；急剧升降的；v. 泡；浸；使…充满；n. 峭壁；浸渍,The road became rocky and steep.,路变得崎岖陡峭起来。
utmost,'ʌt'most,n. 极限；最大可能；adj. 极度的；最远的,The medical staff did their utmost(= tried as hard as they could ) to save the patient’s life.,医护人员竭尽全力挽救那位病人的生命。
occupy,'ɑkjupaɪ,v. 占据，占领；居住；使忙碌,He occupies the house without paying any rent.,他住在这幢房子里，没有付一分钱房租。
exaggerate,ɪɡ'zædʒəret,v. 使扩大；使增大,He thinks I'm exaggerating.,他认为我在夸大其词。
superficial,",supɚ'fɪʃl",adj. 表面的；肤浅的 ；表面文章的；外表的；（人）浅薄的,They only have the most superficial understanding of prison life.,他们对监狱生活只有最粗浅的了解。
compensation,",kɑmpɛn'seʃən",n. 补偿；报酬；赔偿金,People who are wrongly arrested may be paid compensation .,被误抓的人有可能得到补偿费。
encouragement,ɪn'kɝɪdʒmənt,n. 鼓励,"With encouragement, Sally is starting to play with the other children.",萨莉受到了鼓励，开始和其他孩子玩起来。
solution,sə'luʃən,n. 解决方案；溶液；溶解；解答,The best solution would be for them to separate.,最好的解决方法是他们分开。
string,strɪŋ,n. 线，弦，细绳；一串，一行,Her key hung on a string around her neck.,她的钥匙穿了根绳子挂在脖子上。
fasten,'fæsən,v. 使固定；集中于；扎牢；强加于；n. (Fasten)人名；(英)法森,,
avail,ə'vel,n. 效用，利益；v. 有益于，有益于；使对某人有利。,We searched the whole area but all to no avail. Robbie had disappeared.,我们找遍了整个地区但毫无结果，罗比失踪了。
violate,'vaɪəlet,v. 违反；侵犯，妨碍；亵渎,34 protesters were arrested for violating criminal law.,34名抗议者因违反刑法而被逮捕。
accumulate,ə'kjumjəlet,v. 累积；积聚,It is unjust that a privileged few should continue to accumulate wealth.,少数特权阶级继续积聚财富，这是不公平的。
depress,dɪ'prɛs,v. 压抑；使沮丧；使萧条,The thought of taking the exam again depressed him.,想到要补考，他就心情沮丧。
phenomenon,fə'nɑmɪnən,n. 现象；奇迹；杰出的人才,Homelessness is not a new phenomenon .,无家可归已不是什么新现象。
opaque,o'pek,adj. 不透明的；不传热的；迟钝的；n. 不透明物；vt. 使不透明；使不反光,a shower with an opaque glass door,装有不透明玻璃门的淋浴间
desirable,dɪ'zaɪərəbl,adj. 令人满意的；值得要的；n. 合意的人或事物,The ability to speak a foreign language is highly desirable .,能说一门外语是非常理想的。
intensive,ɪn'tɛnsɪv,adj. 加强的；集中的；透彻的；加强语气的；n. 加强器,a one-week intensive course in English,为期一周的英语强化课程
profession,prə'fɛʃən,n. 职业，专业；声明，宣布，表白,people who work in the professions,从事专业性工作的人
bankrupt,'bæŋkrʌpt,adj. 破产的；v. 使破产；n. [经] 破产者,The firm went bankrupt before the building work was completed.,建筑工程尚未竣工，公司就破产了。
schedule,'skɛdʒul; (canadian) ˈʃɛdʒʊl; ˈʃɛdjʊl,v. 安排，计划；编制目录；将……列入计划表；n. 时间表；计划表；一览表,We will not cancel your holiday less than eight weeks before the scheduled departure date .,离预定出发日期少于八周，度假行程将不能取消。
employment,ɪm'plɔɪmənt,n. 使用；职业；雇用,She was offered employment in the sales office.,她获聘在销售部工作。
emotion,ɪ'moʃən,n. 情感；情绪,Her voice was full of emotion.,她的声音充满了激情。
graceful,'ɡresfl,adj. 优雅的；优美的,Her movements were graceful and elegant.,她举手投足优雅而高贵。
infrastructure,'ɪnfrə'strʌktʃɚ,n. 基础设施；公共建设；下部构造,Some countries lack a suitable economic infrastructure.,一些国家缺乏适当的经济基础设施。
leisure,'liʒɚ,n. 闲暇；空闲；安逸；adj. 空闲的；有闲的；业余的,Most people now enjoy shorter working hours and more leisure time.,现在大多数人都喜欢工作时间短些，闲暇时间多些。
illusion,ɪ'luʒn,n. 幻觉，错觉；错误的观念或信仰,She was under no illusion that he loved her.,她不再幻想他爱她了。
eminent,'ɛmɪnənt,adj. 杰出的；有名的；明显的,an eminent lawyer,杰出的律师
elastic,ɪ'læstɪk,adj. 有弹性的；灵活的；易伸缩的；n. 松紧带；橡皮圈,the horny elastic pad in a horse’s hoof,马蹄上粗硬而有弹性的肉掌
excitement,ɪk'saɪtmənt,n. 兴奋；刺激；令人兴奋的事物,We were both new to the excitements of life in the big city.,我们俩都是初次感受大城市多姿多彩的生活。
contest,kən'tɛst,v. 争辩；质疑；n. 竞赛；争夺；争论,His brothers are contesting the will.,他的兄弟们对遗嘱提出质疑。
assert,ə'sɝt,v. 维护，坚持；断言；主张；声称,"French cooking, she asserted, is the best in the world.",她坚称法国菜是世界上最好的。
suffer,'sʌfɚ,v. 遭受；忍受；经历；n. (Suffer)人名；(意)苏费尔,At least he died suddenly and didn’t suffer.,至少他死得突然，没有遭罪。
episode,'ɛpɪsod,n. 插曲；一段情节；插话；有趣的事件,Watch next week’s thrilling episode!,请收看下周精彩的一集！
decent,'disnt,adj. 正派的；得体的；相当好的,a decent salary,不错的工资待遇
ambitious,æm'bɪʃəs,adj. 野心勃勃的；有雄心的；热望的；炫耀的,"Alfred was intensely ambitious, obsessed with the idea of becoming rich.",艾尔弗雷德雄心勃勃，一心想着发财。
withdrawal,wɪð'drɔəl,n. 撤退，收回；提款；取消；退股,large-scale troop withdrawals,大规模撤军
irony,'aɪrəni,n. 讽刺；反语；具有讽刺意味的事；adj. 铁的；似铁的,Life is full of little ironies.,生活中充满了小小的讽刺。
deficit,'dɛfəsɪt,n. 赤字；不足额,the country’s widening budget deficit,这个国家日益严重的预算赤字
predecessor,'prɛdəsɛsɚ,n. 前任，前辈,Kennedy’s predecessor as President was the war hero Dwight Eisenhower.,肯尼迪总统的前任是战争英雄德怀特·艾森豪威尔。
calendar,'kæləndɚ,n. 日历；[天] 历法；日程表；v. 将…列入表中；将…排入日程表,"There was a calendar on the wall above, with large squares around the dates.",墙的上方曾有一本日历，日期框在大方格里。
bare,bɛr,adj. 空的；赤裸的，无遮蔽的；v. 露出，使赤裸；n. (Bare)人名；(英)贝尔,a ragged child with bare feet,一个衣衫褴褛、光着脚的小孩
percentage,pɚ'sɛntɪdʒ,n. 百分比；百分率，百分数,Interest rates fell by six percentage points (= 6% ) .,利息下降了6个百分点。
battle,'bætl,n. 战役；斗争；v. 斗争；作战,the Battle of Trafalgar,特拉法尔加战役
weary,'wɪri,adj. 疲倦的；厌烦的；令人厌烦的；v. 疲倦；厌烦,"She found Rachel in the kitchen, looking old and weary.",她发现雷切尔在厨房里，看上去苍老而疲惫。
partner,'pɑrtnɚ,n. 伙伴；合伙人；配偶；v. 合伙；合股；成为搭档,Discuss your worries with your partner.,和伴侣谈谈你的忧虑。
qualify,ˈkwɑləˌfaɪ,v. 限制；使具有资格；证明…合格,Free school lunches are given to children who qualify.,符合条件的儿童可获得免费的学生午餐。
balance,'bæləns,n. 平衡；余额；匀称；v. 使平衡；结算；使相称,I lost my balance and fell on my face.,我失去平衡，脸着地摔倒了。
assemble,ə'sɛmbl,v. 集合，聚集；装配；收集,A large crowd had assembled outside the American embassy.,一大群人聚集在美国大使馆外。
groan,ɡron,v. 呻吟；抱怨；发吱嘎声；n. 呻吟；叹息；吱嘎声,The kids all groaned when I switched off the TV.,我关掉电视时，孩子们都发出不满的抱怨声。
discount,dɪs'kaʊnt,n. 折扣；贴现率；v. 贴现；打折扣出售商品,They are often available at a discount.,它们经常可以以折扣价买到。
autonomy,ɔ'tɑnəmi,n. 自治，自治权,campaigners who want greater autonomy for Corsica,希望科西嘉有更多自治权的活动家
crucial,'krʊʃəl,adj. 重要的；决定性的；定局的；决断的,The conservation of tropical forests is of crucial importance .,保护热带雨林至关重要。
prey,pre,v. 捕食；掠夺；折磨；n. 捕食；牺牲者；被捕食的动物,"The effect was to disrupt the food chain, starving many animals and those that preyed on them.",后果是打断食物链，使许多动物和捕食它们的动物饿死。
appeal,ə'pil,v. 呼吁，恳求；上诉；诉诸，求助；有吸引力，迎合爱好；（体育比赛中）诉诸裁判；n. 呼吁，请求；吸引力，感染力；上诉；诉诸裁判,She is not happy with the decision and plans to appeal.,她不服判决，打算上诉。
incident,'ɪnsɪdənt,n. 事件，事变；插曲；adj. [光] 入射的；附带的；易发生的，伴随而来的,Am I at risk because of some incident in my sexual past?,我过去性生活中的某件事会使我处于危险境地吗？
grasp,ɡræsp,n. 抓住；理解；控制；v. 抓住；领会,Luke took her arm in a firm grasp and led her through the gate.,卢克紧紧抓着她的胳膊，领她进了门。
affection,ə'fɛkʃən,n. 喜爱，感情；影响；感染,She looked back on those days with affection .,她深情地回顾那些日子。
economic,"ˌikəˈnɑmɪk, ˌɛkəˈ-nɑmɪk",adj. 经济的，经济上的；经济学的,Economic growth is slow.,经济增长缓慢。
incredible,ɪn'krɛdəbl,adj. 难以置信的，惊人的,It’s incredible that he survived the fall.,他跌下去竟然能够生还，真不可思议。
advanced,əd'vænst,adj. 先进的；高级的；晚期的；年老的；v. 前进；增加；上涨（advance的过去式和过去分词形式）,advanced weapon systems,先进的武器系统
steer,stɪr,v. 控制，引导；驾驶；n. 阉牛,He was steering with only one hand.,他只用一只手在驾驶。
scream,skrim,v. 尖叫；呼啸；发出尖锐刺耳的声音；令人触目惊心；n. 尖叫声；尖锐刺耳的声音；极其滑稽可笑的人,"After the first few shots, people started screaming.",几声枪响过后，人们开始尖叫起来。
obstacle,'ɑbstəkl,n. 障碍，干扰；妨害物,The tax puts obstacles in the way of companies trying to develop trade overseas.,这项税收为想在海外发展贸易的公司设置了障碍。
ignorant,'ɪɡnərənt,adj. 无知的；愚昧的,an ignorant and uneducated man,不学无术的人
inspiration,ˌɪnspəˈreʃən,n. 灵感；鼓舞；吸气；妙计,The Malvern Hills have provided inspiration for many artists and musicians over the decades.,几十年来，莫尔文丘陵为很多艺术家和音乐家提供了灵感。
offspring,'ɔfsprɪŋ,n. 后代，子孙；产物,a young mother trying to control her offspring,一个想管住自己孩子的年轻妈妈
peculiar,pɪ'kjulɪɚ,adj. 特殊的；独特的；奇怪的；罕见的；n. 特权；特有财产,There was a peculiar smell in the kitchen.,厨房里有一股怪味。
indispensable,'ɪndɪ'spɛnsəbl,adj. 不可缺少的；绝对必要的；责无旁贷的；n. 不可缺少之物；必不可少的人,Mobile phones have become an indispensable part of our lives.,移动电话已经成为我们生活中的必需品。
secure,sə'kjʊr,adj. 安全的；无虑的；有把握的；稳当的；v. 保护；弄到；招致；缚住,Companies can offer secure credit card transactions over the Internet.,公司可以提供安全的网上信用卡交易。
licence,'laɪsəns,n. 许可证，执照；特许；v. 特许，许可；发给执照,The dealers applied for an export licence.,经销商申请了出口许可证。
accurate,'ækjərət,adj. 精确的,The brochure tries to give a fair and accurate description of each hotel.,该手册尽量公正、准确地介绍每一家酒店。
contradictory,",kɑntrə'dɪktəri",adj. 矛盾的；反对的；反驳的；抗辩的；n. 对立物；矛盾因素,Customs officials have made a series of contradictory statements about the equipment.,海关官员们对于这种设备做出了一系列相互矛盾的陈述。
revise,rɪ'vaɪz,v. 修正；复习；校订；n. 修订；校订,The college has revised its plans because of local objections.,由于地方上的反对，学院已经修改了计划。
merit,'mɛrɪt,n. 优点，价值；功绩；功过；v. 值得,The merit of the report is its realistic assessment of the changes required.,这份报告的优点就是它对所要求的变动进行了实事求是的评估。
dweller,'dwɛlɚ,n. 居民，居住者,The number of city dwellers is growing.,城市居民的数量日渐增长。
interval,'ɪntɚvl,n. 间隔；间距；幕间休息,"He left the room, returning after a short interval with a message.",他离开房间，过了一会儿就带回来一条消息。
fare,fɛr,v. 经营；进展；遭遇；过活；n. 票价；费用；旅客；食物,It is unlikely that the marine industry will fare any better in September.,海运业不大可能在9月份有所好转。
mortality,mɔr'tæləti,n. 死亡数，死亡率；必死性，必死的命运,Mortality from heart disease varies widely across the world.,心脏病死亡率世界各地差异很大。
condemn,kən'dɛm,v. 谴责；判刑，定罪；声讨,Politicians were quick to condemn the bombing.,政治家们立即对爆炸事件进行了谴责。
interview,'ɪntɚvju,n. 接见，采访；面试，面谈；v. 采访；接见；对…进行面谈；对某人进行面试,a portfolio of work presented at interview,在面试时呈递的工作成果样本
roughly,'rʌfli,adv. 粗糙地；概略地,There were roughly 200 people there.,那儿大约有200人。
project,prəˈdʒɛkt; prɑdʒɛkt,v. 设计；计划；表达；投射；n. 工程；计划；事业,the projected closure of the hospital,计划关闭这所医院
prohibit,prə'hɪbɪt,v. 阻止，禁止,Smoking is strictly prohibited inside the factory.,厂区严禁吸烟。
capable,'kepəbl,adj. 能干的，能胜任的；有才华的,a strong capable woman,一个坚强能干的女人
devote,dɪ'vot,v. 致力于；奉献,He decided to devote the rest of his life to scientific investigation.,他决定把余生奉献给科学研究。
eject,ɪ'dʒɛkt,v. 喷射；驱逐，逐出,Two engines cut out and the plane started to eject fuel as it lost height.,两个发动机突然熄火，飞机在下降的同时开始喷出燃料。
attribute,ə'trɪbjut,n. 属性；特质；v. 归属；把…归于,What attributes should a good manager possess?,一名优秀的经理应该具备哪些素质？
renovate,'rɛnəvet,v. 更新；修复；革新；刷新,The hotel has been renovated and redecorated.,酒店已经翻新，并重新装饰。
praise,prez,n. 赞扬；称赞；荣耀；崇拜；v. 赞美，歌颂；表扬,It’s important to give children plenty of praise and encouragement.,对小孩子多加表扬和鼓励是很重要的。
latitude,'lætɪtud,n. 纬度；界限；活动范围,The birds breed in northern latitudes.,这些鸟在北纬地区繁殖。
external,ɪk'stɝnl,adj. 外部的；表面的；[药] 外用的；外国的；外面的；n. 外部；外观；外面,the external appearance of the building,大楼的外观
legislation,",lɛdʒɪs'leʃən",n. 立法；法律,This is a very important piece of legislation (= law ).,这是一条非常重要的法规。
discriminate,dɪ'skrɪmɪnet,v. 歧视；区别；辨别,He is incapable of discriminating between a good idea and a terrible one.,他没能力在一个好主意和一个坏主意之间进行区分。
suspend,sə'spɛnd,v. 延缓，推迟；使暂停；使悬浮,Sales of the drug will be suspended until more tests are completed.,这种药品在完成进一步检验之前将暂停销售。
transform,træns'fɔrm,v. 改变，使…变形；转换,Increased population has transformed the landscape.,人口的增加使景观发生了变化。
exotic,ɪɡ'zɑtɪk,adj. 异国的；外来的；异国情调的,exotic birds,外国的奇异鸟类
irrigate,'ɪrəget,v. 灌溉；冲洗；使清新,The water in Lake Powell is used to irrigate the area.,包尔湖的水被用来灌溉该地区。
cheat,tʃit,v. 欺骗；骗取；n. 欺骗，作弊；骗子,He had cheated in the test by using a calculator.,他在考试时作弊，用了计算器。
harm,hɑrm,n. 伤害；损害；v. 伤害；危害；损害,The scandal did his career a lot of harm.,丑闻对他的职业生涯造成很大损害。
ascribe,ə'skraɪb,v. 归因于；归咎于,An autopsy eventually ascribed the baby's death to sudden infant death syndrome.,一次尸检最终把这名婴儿的死亡归因于婴儿猝死综合症。
character,'kærəktɚ,n. 性格，品质；特性；角色；[计] 字符；v. 印，刻；使具有特征,He has a cheerful but quiet character.,他的性格乐观文静。
representative,'rɛprɪ'zɛntətɪv,adj. 典型的，有代表性的；代议制的；n. 代表；典型；众议员,The pollsters asked a representative sample of New York residents for their opinions.,民意调查员向一些有代表性的纽约居民征询了意见。
motion,'moʃən,n. 动作；移动；手势；请求；意向；议案；v. 运动；打手势,Newton’s first law of motion,牛顿第一运动定律
spy,spaɪ,v. 侦察；发现；暗中监视；n. 间谍；密探,Ellen suddenly spied her friend in the crowd.,埃伦突然在人群中找到了她的朋友。
scholarship,'skɑlɚʃɪp,n. 奖学金；学识，学问,Her latest publication is a fine piece of scholarship.,她最新出版的作品是一部优秀的学术著作。
region,'ridʒən,n. 地区；范围；部位,efforts to bring peace to the region,给这个地区带来和平的努力
twinkle,'twɪŋkl,v. 闪烁；发亮；n. 闪烁,stars twinkling in the sky,天空中闪烁的星星
glimpse,ɡlɪmps,n. 一瞥，一看；v. 瞥见,Some of the fans had waited 24 hours outside the hotel to catch a glimpse of their heroine.,某些追星族为了一睹女杰的风采已在宾馆外守候了24小时。
estimate,"'ɛstə,met",v. 估计，估价；n. 估计，估价；判断，看法,Try to estimate how many steps it will take to get to a close object.,估计一下需要多少步才能到达一个近距目标。
cancel,'kænsl,v. 取消；删去；n. 取消，撤销,Our flight was cancelled.,我们的航班取消了。
sow,so,v. 播种；散布；使密布；n. 母猪,Sow the seeds in late March.,三月底播种。
major,'medʒɚ,adj. 主要的；重要的；主修的；较多的；n. [人类] 成年人；主修科目；陆军少校；v. 主修,There is a major problem with parking in London.,在伦敦，停车是个很大的问题。
setback,'sɛtbæk,n. 挫折；退步；逆流,The team’s hopes of playing in Europe suffered a setback last night.,球队赴欧洲参加比赛的希望昨晚遇到了阻碍。
transmit,trænzˈmɪt,v. 传输；传播；发射；传达；遗传,The US Open will be transmitted live via satellite.,美国公开赛将通过卫星现场直播。
chase,,v. 追逐；追捕；试图赢得；雕镂；n. 追逐；追赶；追击,The dogs saw him running and chased him.,那些狗看到他在跑就追他。
tremble,'trɛmbl,v. 发抖；战栗；焦虑；摇晃；n. 颤抖；战栗；摇晃,His lip started to tremble and then he started to cry.,他的嘴唇开始颤抖，接着就哭了起来。
dilemma,dɪˈlemə,n. 困境；进退两难；两刀论法,a moral dilemma,道德上进退两难的窘境
spectacular,spɛk'tækjəlɚ,adj. 壮观的，惊人的；公开展示的,a mountainous area with spectacular scenery,景色壮丽的山区
neutral,'nʊtrəl,adj. 中立的，中性的；中立国的；非彩色的；n. 中立国；中立者；非彩色；齿轮的空档,I always tried to remain neutral when they started arguing.,他们争论起来的时候我总是努力保持中立。
sincere,sɪn'sɪr,adj. 真诚的；诚挚的；真实的,Please accept my sincere apologies .,请接受我真诚的道歉。
permit,pɚ'mɪt,v. 许可；允许；n. 许可证，执照,Smoking is only permitted in the public lounge.,只允许在公共休息室里抽烟。
swear,swɛr,v. 发誓；咒骂；n. 宣誓；诅咒,Don’t swear in front of the children.,不要在孩子们面前说粗话。
span,spæn,n. 跨度，跨距；范围；v. 跨越；持续；以手指测量,"It is a very pretty butterfly, with a 2 inch wing span.",它是一只非常漂亮的蝴蝶，翅膀张开有2英寸宽。
aggression,ə'ɡrɛʃən,n. 侵略；进攻；侵犯；侵害,an unprovoked act of aggression,无端的侵犯
genre,'ʒɑnrə,n. 类型；种类；体裁；样式；流派；风俗画；adj. 风俗画的；以日常情景为主题的,a literary genre,文学体裁
competition,",kɑmpə'tɪʃən",n. 竞争；比赛，竞赛,Going to trade fairs is an ideal opportunity to size up the competition .,参加商品交易会是估量竞争规模的理想机会。
junction,'dʒʌŋkʃən,n. 连接，接合；交叉点；接合点,the junction of Abbot Road and Mill Street,阿伯特路与米尔街的交叉口
emerge,ɪ'mɝdʒ,v. 浮现；摆脱；暴露,The flowers emerge in the spring.,花儿在春天开放。
assist,ə'sɪst,n. 帮助；助攻；v. 参加；出席,He asked us to assist him in carrying through their plan.,他要我们帮助他实施他们的计划。
rise,raɪz,v. 上升；增强；起立；高耸；n. 上升；高地；增加；出现,The police seem unable to cope with the rising tide of (= large increase in ) car crime.,面对日益增多的汽车罪案，警方似乎无能为力。
require,rɪ'kwaɪr,v. 需要；要求；命令,Campbell’s broken leg will probably require surgery.,坎贝尔的一条腿骨折，可能需要手术。
kidnap,'kɪdnæp,v. 绑架；诱拐；拐骗,Police appealed for wit­nesses after a woman was kidnapped at gunpoint.,一名妇女遭到持枪绑架，警方呼吁目击者挺身而出。
stake,stek,n. 桩，棍子；赌注；火刑；奖金；v. 资助，支持；系…于桩上；把…押下打赌,"For a dollar stake, you can win up to $1,000,000.",押一美元赌注，最多可赢一百万美元。
vision,'vɪʒən,n. 视力；美景；眼力；幻象；想象力；幻视（漫威漫画旗下超级英雄）；vt. 想象；显现；梦见,She suffered temporary loss of vision after being struck on the head.,她头部受撞击以后出现暂时性失明。
obedient,oˈbidiənt,adj. 顺从的，服从的；孝顺的,an obedient child,听话的孩子
illustration,",ɪlə'streʃən",n. 说明；插图；例证；图解,The book contains 62 pages of illustrations.,这本书有62页插图。
civilise,,v. 教化；文明化；使开化,And the mission to civilise that was the colonial kind of project is now a mission to civilise France's own population.,文明化工程在过去本是殖民性质的工程，可现在它却成了教化法国自己人口的工程。
criterion,kraɪˈtɪriən,n. （批评判断的）标准；准则；规范；准据,the criteria we use to select candidates,我们挑选候选人的标准
wealth,wɛlθ,n. 财富；大量；富有,The country’s wealth comes from its oil.,这个国家的财富来自石油。
diverse,daɪ'vɝs,adj. 不同的；多种多样的；变化多的,The building houses a wide and diverse variety of antiques.,这栋楼里摆放着大量各式各样的古董。
function,'fʌŋkʃən,n. 功能；[数] 函数；职责；盛大的集会；v. 运行；活动；行使职责,"The nervous system regulates our bodily functions (= eating, breathing, going to the toilet etc ) .",神经系统控制着我们身体的功能。
contrary,'kɑntrɛri,adj. 相反的；对立的；adv. 相反地；n. 相反；反面,Two contrary views emerged.,出现了两种相反的观点。
behave,bɪ'hev,v. 表现；（机器等）运转；举止端正；（事物）起某种作用,She behaved in a very responsible way .,她表现得很有责任心。
scratch,skrætʃ,n. 擦伤；抓痕；刮擦声；乱写；adj. 打草稿用的；凑合的；碰巧的；v. 抓；刮；挖出；乱涂,There were deep scratches all over her face.,她脸上全是深深的伤痕。
apart,ə'pɑrt,adv. 相距；与众不同地；分离着；adj. 分离的；与众不同的,They have offices in countries as far apart as India and Peru.,他们的办事处远至印度、秘鲁等国。
lecture,'lɛktʃɚ,n. 演讲；讲稿；教训；v. 演讲；训诫,...a series of lectures by Professor Eric Robinson.,…埃里克·鲁滨逊教授的系列讲座。
coordinate,ko'ɔrdɪnet,n. 坐标；同等的人或物；adj. 并列的；同等的；v. 调整；整合,Matching bag and accessories provide a complete ensemble of colour coordinates.,颜色协调的包和饰品使全套服装的颜色搭配齐全了。
dawn,dɔn,n. 黎明；开端；v. 破晓；出现；被领悟,"When dawn broke (= the first light of the day appeared ) , we were still 50 miles from Calcutta.",破晓的时候，我们离加尔各答还有50英里。
pollution,pə'luʃən,n. 污染,California’s tough anti-pollution laws,加利福尼亚州严厉的反污染法
conserve,kən'sɝv,v. 保存；将…做成蜜饯；使守恒；n. 果酱；蜜饯,We must conserve our woodlands for future generations.,我们必须为子孙后代保护林地。
equal,'ikwəl,adj. 平等的；相等的；胜任的；v. 等于；比得上；n. 对手；匹敌；同辈；相等的事物,Our constitution states that all men are equal.,我们的宪法规定人人平等。
conception,kən'sɛpʃən,n. 怀孕；概念；设想；开始,the original conception of the book,此书最初的构想
collect,kə'lɛkt,v. 收集；募捐；adv. 由收件人付款地；adj. 由收件人付款的；n. (Collect)人名；(英)科莱克特,"After 25 years of collecting recipes, she has compiled them into a cookbook.",她搜集了25年食谱，把它们编成一本烹饪书。
crash,kræʃ,n. 撞碎；坠毁；破产；轰隆声；睡觉；v. 摔碎；坠落；发出隆隆声；(金融企业等)破产,a crash victim,车祸受害者
traitor,'tretɚ,n. 叛徒；卖国贼；背信弃义的人,Some say he's a traitor to the peace movement.,一些人说他是和平运动的背叛者。
propose,prə'poz,v. 建议；打算，计划；求婚,the changes currently proposed by the local planning authorities,目前由地方规划局提议的改革
expire,ɪk'spaɪɚ,v. 期满；终止；死亡；呼气,The chairman’s term of office has already expired.,主席任期已满。
absence,'æbsns,n. 没有；缺乏；缺席；不注意,"In the absence of any evidence, the police had to let Myers go.",警察没有证据，只好把迈尔斯放了。
authentic,ɔ'θɛntɪk,adj. 真正的，真实的；可信的,an authentic account,真实可信的说法
deadline,ˈdedlaɪn,n. 截止期限，最后期限,I’m always working under pressure to meet deadlines (= finish something on time ) .,我总是在赶工期的压力下工作。
proposition,",prɑpə'zɪʃən",n. [数] 命题；提议；主题；议题；v. 向…提议；向…求欢,He telephoned Stuart with a proposition.,他打电话给斯图尔特提了个建议。
maximum,ˈmæksəməm,n. [数] 极大，最大限度；最大量；adj. 最高的；最多的；最大极限的,"We might have a third child, but that’s the absolute maximum .",我们可能会要第三个孩子，但这绝对是极限了。
foster,'fɔstɚ,v. 培养；养育，抚育；抱（希望等）；adj. 收养的，养育的；n. (Foster)人名；(英、捷、意、葡、法、德、俄、西)福斯特,The bishop helped foster the sense of a community embracing all classes.,主教鼓励一种包容各个阶层的社区精神。
superfluous,sʊ'pɝflʊəs,adj. 多余的；不必要的；奢侈的,a modern building with no superfluous decoration,一栋没有多余装饰的现代建筑
process,'prɑsɛs,v. 处理；加工；n. 过程，进行；方法，步骤；作用；程序；推移；adj. 经过特殊加工（或处理）的,Goats’ cheese may be processed in many ways.,山羊奶干酪可以有多种加工方法。
ignore,ɪɡ'nɔr,v. 驳回诉讼；忽视；不理睬,You can’t ignore the fact that many criminals never go to prison.,你不能无视很多罪犯从未获刑的事实。
retreat,rɪ'trit,n. 撤退；休息寓所；撤退；v. 撤退；退避；向后倾,Napoleon’s retreat from Moscow,拿破仑从莫斯科的撤退
patience,'peʃns,n. 耐性，耐心；忍耐，容忍,He doesn't have the patience to wait.,他没有耐心等。
venture,'vɛntʃɚ,v. 敢于；n. 企业；风险；冒险,...a Russian-American joint venture.,…一个俄美合资的风险项目。
adequate,ˈædɪkwət,adj. 充足的；适当的；胜任的,Farmers have been slow to make adequate provision for their retirement.,农民们迟迟没有为退休做好适当安排。
yield,jild,v. 屈服；出产，产生；放弃；n. 产量；收益,Our research has only recently begun to yield important results.,直到最近我们的研究才开始取得重要成果。
versus,'vɝsəs,prep. 对；与相对；对抗,the New York Knicks versus the LA Lakers,纽约尼克斯队对洛杉矶湖人队
barren,'bærən,adj. 贫瘠的；不生育的；无益的；沉闷无趣的；空洞的；n. 荒地,Thousands of years ago the surface was barren desert.,很久很久以前，地面还是一片荒漠。
mass,mæs,n. 块，团；群众，民众；大量，众多；质量；adj. 群众的，民众的；大规模的，集中的；v. 聚集起来，聚集,The road was blocked by a solid mass of protesters.,道路被密密麻麻的抗议者阻塞了。
exhibit,ɪɡ'zɪbɪt,v. 展览；显示；提出（证据等）；n. 展览品；证据；展示会,Her paintings have been exhibited all over the world.,她的绘画作品在世界各地展出。
reference,'rɛfrəns,n. 参考，参照；涉及，提及；参考书目；介绍信；证明书；v. 引用,The official at the American embassy asked me for two references.,美国大使馆的官员要我提供两名证明人。
veteran,'vɛtərən,n. 老兵；老手；富有经验的人；老运动员；adj. 经验丰富的；老兵的,a Vietnam veteran,越战老兵
prosecute,'prɑsɪ'kjʊt,v. 检举；贯彻；从事；依法进行,"Mrs Lynn Smith, prosecuting, said the offence took place on January 27.",控方律师林恩·史密斯夫人称案件发生于1月27日。
dwelling,'dwɛlɪŋ,n. 住处；寓所；v. 居住（dwell的现在分词）,"Some 3,500 new dwellings are planned for the area.",大约三千五百套新住宅计划在这个地区新建。
pressing,'prɛsɪŋ,n. 压；冲压件；adj. 紧迫的；迫切的；恳切的；v. 压；按；熨烫衣物（press的ing形式）,"The CD, released in October, sold out a first pressing of 1,500 in just four months.","这张光盘发行于10月份，第一批压制的1,500张仅仅四个月就销售一空。"
progress,'prɑɡrɛs,n. 进步，发展；前进；v. 前进，进步；进行,We made good progress despite the snow.,尽管下雪，我们的行程还是很顺利。
accountant,ə'kaʊntənt,n. 会计师；会计人员,The boss dropped an accountant from the payroll.,老板把一名会计师从在职人员名单中除了名。
conceal,kən'sil,v. 隐藏；隐瞒,The shadows concealed her as she crept up to the house.,她借着阴影蹑手蹑脚地走向房子。
rebel,rɪ'bɛl,v. 反叛；反抗；造反；n. 反叛者；叛徒；adj. 反抗的；造反的,Voters rebelled against high property taxes.,投票者们反对高额财产税。
financial,faɪ'nænʃl,adj. 金融的；财政的，财务的,financial transactions,财务往来
slight,slaɪt,adj. 轻微的，少量的；脆弱的；细长的；不重要的；v. 轻视，忽略；怠慢；n. 怠慢；轻蔑,a slight improvement,些许的改进
portion,'pɔrʃən,n. 部分；一份；命运；v. 分配；给…嫁妆,Do you have any children’s portions?,你们有儿童餐吗？
fertile,ˈfɝtəl; (canadian) ˈfɝˌtaɪl,adj. 富饶的，肥沃的；能生育的,800 acres of fertile cropland,800英亩的肥沃耕地
store,stɔr,n. 商店；储备，贮藏；仓库；v. 贮藏，储存,At Christmas the stores stay open late.,在圣诞节期间，商店营业到很晚。
comic,'kɑmɪk,adj. 喜剧的；滑稽的；有趣的；n. 连环漫画；喜剧演员；滑稽人物,a comic novel,滑稽小说
electron,ɪ'lɛktrɑn,n. 电子,Most things are balanced - with equal numbers of electrons and protons.,大部分物体都是电荷平衡的——含等量的电子和质子。
architecture,'ɑrkə'tɛktʃɚ,n. 建筑学；建筑风格；建筑式样；架构,He studied architecture at university.,他在大学里读的是建筑学。
relation,rɪ'leʃən,n. 关系；叙述；故事；亲属关系,The price the meat is sold for bears no relation to (= is not connected to ) the price the farmer receives.,肉的售价和农民拿到的价格无关。
transit,'træzɪt,n. 运输；经过；v. 运送,baggage that is lost or damaged in transit,在运输过程中丢失或损坏的行李
anticipate,æn'tɪsə'pet,v. 预期，期望；占先，抢先；提前使用,Sales are better than anticipated.,销量比预期要好。
strain,stren,n. 张力；拉紧；负担；扭伤；血缘；v. 拉紧；尽力,I couldn’t look after him any more; the strain was too much for me.,我不能再照看他了，压力太大。
drawback,'drɔbæk,n. 缺点，不利条件；退税,It’s a great city – the only drawback is the weather.,这是座很不错的城市，唯一的不足就是天气。
apparatus,ˌæpəˈrætəs,n. 装置，设备；仪器；器官,Astronauts have special breathing apparatus.,航天员有专门的呼吸装装备。
monopoly,mə'nɑpəli,n. 垄断；垄断者；专卖权,a monopoly in copper trading,对铜交易的垄断
exemplify,ɪɡ'zɛmplɪfaɪ,v. 例证；例示,"All these recipes exemplify my cooking: healthy, delicious and quick.",所有这些食谱例证了我的饭菜：健康、美味、快捷。
intrinsic,ɪn'trɪnsɪk,adj. 本质的，固有的,the intrinsic interest of the subject,该话题本身的趣味
emergency,ɪ'mɝdʒənsi,n. 紧急情况；突发事件；非常时刻；adj. 紧急的；备用的,Lifeguards are trained to deal with emergencies.,救生员接受过应对紧急情况的训练。
investment,ɪn'vɛstmənt,n. 投资；投入；封锁,We plan to buy some property as an investment.,我们打算买些房地产作为投资。
bachelor,'bætʃəlɚ,n. 学士；单身汉；（尚未交配的）小雄兽,"Gerald was 38, and a confirmed bachelor (=  a man who has decided that he will never marry  ) .",杰拉德38岁，抱定主意独身。
consent,kən'sɛnt,v. 同意；赞成；答应；n. 同意；（意见等的）一致；赞成,He finally consented to go.,他最终同意去。
barely,'bɛrli,adv. 仅仅，勉强；几乎不；公开地；贫乏地,She was very old and barely able to walk.,她年纪非常大，只能勉强走几步路。
hamper,'hæmpɚ,v. 妨碍；束缚；使困累；n. 食盒，食篮；阻碍物,"She tried to run, but was hampered by her heavy suitcase.",她想跑，但沉重的旅行箱拖累了她。
vary,ˈveri,v. 变化；变异；违反；n. (Vary)人名；(英、法、罗、柬)瓦里,Quentin’s mood seems to vary according to the weather.,昆廷的情绪似乎随天气而变化。
tedium,'tidɪəm,n. 沉闷；单调乏味；厌烦,"We sang while we worked, to relieve the tedium .",我们边唱歌边干活来排遣无聊。
sufficient,səˈfɪʃənt,adj. 足够的；充分的,We can only prosecute if there is sufficient evidence.,有了足够的证据，我们才能提出起诉。
decisive,dɪ'saɪsɪv,adj. 决定性的；果断的，坚定的,a decisive leader,果断的领袖
ease,iz,v. 减轻，缓和；使安心；n. 轻松，舒适；安逸，悠闲,measures to ease congestion in the city,改善城市拥堵状况的措施
shallow,'ʃælo,adj. 浅的；肤浅的；n. [地理] 浅滩；v. 使变浅,a shallow river,浅河
giant,'dʒaɪənt,n. 巨人；伟人；[动] 巨大的动物；adj. 巨大的；巨人般的,"the German chemicals giant, BASF",德国化工巨头巴斯夫公司
consolidate,kən'sɑlɪdet,v. 巩固，使固定；联合,The company has consolidated its position as the country’s leading gas supplier.,这家公司巩固了作为该国主要煤气供应商的地位。
switch,swɪtʃ,v. 转换；用鞭子等抽打；n. 开关；转换；鞭子,The terrorists will switch tactics .,恐怖分子会改变战术。
conquest,'kɑŋkwɛst,n. 征服，战胜；战利品,the Norman Conquest (= the conquest of England by the Normans ),诺曼征服
curse,kɝs,n. 诅咒；咒骂；v. 诅咒；咒骂,He muttered a curse under his breath.,他低声骂了一句。
discover,dɪ'skʌvɚ,v. 发现；发觉,The body was discovered in a field.,尸体是在一块田地里找到的。
swing,swɪŋ,n. 摇摆；摆动；秋千；音律；涨落；v. 摇摆；转向；悬挂；大摇大摆地行走；adj. 旋转的；悬挂的；强节奏爵士音乐的,kids playing on the swings,荡秋千的孩子们
hospitable,hɑ'spɪtəbl,adj. 热情友好的；（环境）舒适的,The local people were very kind and hospitable.,当地人非常友好热情。
injure,'ɪndʒɚ,v. 伤害，损害,"A number of bombs have exploded, seriously injuring at least five people.",一些炸弹爆炸了，至少5人严重受伤。
initiate,ɪ'nɪʃɪet,v. 开始，创始；发起；使初步了解；n. 开始；新加入者，接受初步知识者；adj. 新加入的；接受初步知识的,They have decided to initiate legal proceedings against the newspaper.,他们决定向该报提起法律诉讼。
comment,'kɑmɛnt,n. 评论；意见；批评；v. 发表评论；发表意见,He was fined for making abusive comments to the referee.,他因谩骂裁判而被罚款。
propel,prə'pɛl,v. 推进；驱使；激励；驱策,a boat propelled by a small motor,由小马达驱动的小船
delight,dɪ'laɪt,n. 高兴；v. 高兴,"Throughout the house, the views are a constant source of surprise and delight.",整个房子，目之所及不停带来惊奇和欣喜。
horizon,hə'raɪzn,n. [天] 地平线；视野；眼界；范围,"In the distance, the dot of a boat appeared on the horizon.",远处小黑点般的一条小船出现在地平线上。
dwell,dwɛl,v. 居住；存在于；细想某事,They dwelt in the forest.,他们住在森林里。
manner,'mænɚ,n. 方式；习惯；种类；规矩；风俗,He felt some guilt over the manner of her death.,她以这种方式死去，他心里有些内疚。
campus,'kæmpəs,n. （大学）校园；大学，大学生活；校园内的草地,a beautiful campus in New England,新英格兰的一个美丽校园
readily,'rɛdɪli,adv. 容易地；乐意地；无困难地,Jack readily agreed to help.,杰克爽快地答应帮忙。
noticeable,'notɪsəbl,adj. 显而易见的，显著的；值得注意的,Alcohol has a noticeable effect on the body.,酒精对身体有明显的影响。
challenge,'tʃælɪndʒ,n. 挑战；怀疑；v. 向…挑战；对…质疑,They threw down the challenge that he couldn’t wash 40 cars in one hour (= invited him to try to do it ) .,他们激将他，说他不可能在1小时内擦洗40辆汽车。
brilliance,'brɪljəns,n. 光辉；才华；宏伟,He is also respected for his brilliance as an artist.,他的艺术才华同样被人尊敬。
merchant,'mɝtʃənt,n. 商人，批发商；店主；adj. 商业的，商人的,the son of a wealthy merchant,一名富商的儿子
productivity,",prodʌk'tɪvəti",n. 生产力；生产率；生产能力,high productivity levels in manufacturing,制造业中的高生产率
distress,dɪ'strɛs,n. 危难，不幸；贫困；悲痛；v. 使悲痛；使贫困,acute financial distress,严重的财务困难
intermediate,",ɪntɚ'midɪət",v. 起媒介作用；adj. 中间的，中级的；n. [化学] 中间物；媒介,an intermediate stage during which the disease is dormant,疾病处于潜伏状态的中期
indifferent,ɪn'dɪfrənt,adj. 漠不关心的；无关紧要的；中性的，中立的,an indifferent cook,手艺平平的厨师
senior,'sinɪɚ,adj. 高级的；年长的；地位较高的；年资较深的，资格较老的；n. 上司；较年长者；毕业班学生,the senior Democrat on the House committee,众议院委员会中的资深民主党人
proceed,pro'sid,v. 开始；继续进行；发生；行进；n. 收入，获利,"Before proceeding further, we must define our terms.",我们必须先定义术语，然后再往下展开。
epidemic,",ɛpɪ'dɛmɪk",adj. 流行的；传染性的；n. 传染病；流行病；风尚等的流行,Over 500 people died during last year’s flu epidemic.,去年流感大暴发期间有五百多人死亡。
impetus,'ɪmpɪtəs,n. 动力；促进；冲力,The discovery gave fresh impetus to the research.,这个发现为研究带来新动力。
torment,'tɔrmɛnt,v. 折磨，使痛苦；纠缠，作弄；n. 痛苦，苦恼；痛苦的根源,Seth was tormented by feelings of guilt.,塞思被负罪感折磨着。
literal,'lɪtərəl,adj. 文字的；逐字的；无夸张的,"In many cases, the people there are fighting, in a literal sense, for their homes.",多数情况下，那里的人们实际上都是在为他们的家园而战斗。
mess,mɛs,n. 混乱；食堂，伙食团；困境；脏乱的东西；v. 弄乱，弄脏；毁坏；使就餐,What a mess!,太乱了！
preside,prɪ'zaɪd,v. 主持，担任会议主席,I shall be pleased to preside at your meetings.,我很高兴主持你们的会议。
spouse,spaʊs,n. 配偶；vt. 和…结婚,Spouses were invited to the company picnic.,配偶受到邀请参加公司的野餐会。
frame,frem,n. 框架；结构；[电影] 画面；v. 设计；建造；陷害；使…适合；adj. 有木架的；有构架的,They removed the picture from its wooden frame.,他们把画从木镜框中取下来。
cognitive,'kɑɡnətɪv,adj. 认知的，认识的,cognitive psychology,认知心理学
priority,praɪ'ɔrəti,n. 优先；优先权；[数] 优先次序；优先考虑的事,The club’s priority is to win the League.,该俱乐部首先考虑的是要赢得联赛。
renovation,",rɛnə'veʃən",n. 革新；修理；恢复活力,,
admission,əd'mɪʃən,n. 承认；入场费；进入许可；坦白；录用,"Reese, by his own admission , lacks the necessary experience.",里斯自己也承认缺乏必要的经验。
ritual,'rɪtʃuəl,n. 仪式；惯例；礼制；adj. 仪式的；例行的；礼节性的,ancient pagan rituals,古老的异教仪式
combination,",kɑmbɪ'neʃən",n. 结合；组合；联合；[化学] 化合,a combination nightclub and café,夜总会兼咖啡馆
frighten,'fraɪtn,v. 使惊吓；吓唬…,Don’t stand so near the edge! You’re frightening me.,别站得那么靠边！你要把我吓坏了。
dose,dos,n. 剂量；一剂，一服；v. 服药,I quite like Jamie in small doses (= in limited amounts but not a lot or often ) .,如果偶尔在一起的话，我还是蛮喜欢杰米的。
navigate,'nævə'get,v. 驾驶，操纵；使通过；航行于,The river is too dangerous to navigate.,这河道太危险，不适宜航行。
gaze,ɡeɪz,v. 凝视；注视；n. 凝视；注视,"Patrick sat gazing into space  (= looking straight in front, not at any particular person or thing ).",帕特里克坐着，茫然地看着前方。
treaty,'triti,n. 条约，协议；谈判,Both sides have agreed to sign the treaty .,双方都同意签署该条约。
patent,'pætnt,v. 授予专利；取得…的专利权；adj. 专利的；新奇的；显然的；n. 专利权；执照；专利品,He patented the idea that the atom could be split.,他得到了原子可以分裂的这个见解的专利。
define,dɪ'faɪn,v. 定义；使明确；规定；n. (Define)人名；(英)德法恩；(葡)德菲内,the ability to define clients’ needs,确定客户需求的能力
comprehension,",kɑmprɪ'hɛnʃən",n. 理解；包含,Why you let her talk you into doing such a foolish thing is beyond my comprehension (= impossible for me to understand ) .,你怎么会被她说服去做这种蠢事，我实在是无法理解。
drag,dræg,v. 拖累；拖拉；缓慢而吃力地行进；n. 拖；拖累,He grabbed her arm and dragged her into the room.,他抓住她的手臂把她拖进房间。
debate,dɪ'bet,v. 辩论，争论，讨论；n. 辩论；辩论会,The issue will be debated on Tuesday.,这个问题将在星期二讨论。
distance,'dɪstəns,n. 距离；远方；疏远；间隔；v. 疏远；把…远远甩在后面,Measure the distance between the two points.,量出两点之间的距离。
investor,ɪn'vɛstɚ,n. 投资者,The main investor in the project is the French bank Credit National.,该项目的主要投资方是法国国民信贷银行。
minimum,'mɪnɪməm,n. 最小值；最低限度；最小化；最小量；adj. 最小的；最低的,"At a minimum, we must recruit two new teachers.",我们最起码应该招两名新教师。
puzzle,'pʌzl,v. 使…困惑；使…为难；苦思而得出；n. 谜；难题；迷惑,a question that continues to puzzle scientists,一直困扰科学家的问题
concise,kən'saɪs,adj. 简明的，简洁的,Your summary should be as clear and concise as possible.,你的总结应该尽可能地明白简洁。
noble,'nobl,adj. 高尚的；贵族的；惰性的；宏伟的；n. 贵族；vt. 抓住；逮捕,It’s very noble of you to spend all your weekends helping the old folk.,你心地真好，周末的时间全都用来帮助老人。
bargain,ˈbɑːɡɪn,n. 交易；便宜货；契约；v. 讨价还价；议价；(谈价钱后)卖,There are no bargains in the clothes shops at the moment.,这阵子服装店里没有什么便宜货。
refuse,ri'fjʊz,n. 垃圾；废物；v. 拒绝；不愿；抵制,a refuse dump,垃圾场
comply,kəm'plaɪ,v. 遵守；顺从，遵从；答应,The newspaper was asked by federal agents for assistance and agreed to comply.,联邦探员要求这家报社给予协助，报社同意配合。
insect,'ɪnsɛkt,n. 昆虫；卑鄙的人,an insect bite,昆虫的叮咬
sponsor,'spɑnsɚ,n. 赞助者；主办者；保证人；v. 赞助；发起,You cannot get a work visa without an American sponsor.,如果没有美国担保人就拿不到工作签证。
frequent,'frikwənt,adj. 频繁的；时常发生的；惯常的；v. 常到，常去；时常出入于,Trains rushed past at frequent intervals .,火车频频驶过。
faint,fent,adj. 模糊的；头晕的；虚弱的；[医] 衰弱的；v. 昏倒；变得微弱；变得没气力；n. [中医] 昏厥，昏倒,She gave a faint smile.,她淡淡一笑。
substance,'sʌbstəns,n. 物质；实质；资产；主旨,The leaves were covered with a strange sticky substance.,树叶上覆着一层黏糊糊的怪东西。
sketch,skɛtʃ,n. 素描；略图；梗概；v. 画素描或速写,...thumbnail sketches of heads of state and political figures.,…国家首脑和政治要员们的简要陈述。
indignant,ɪn'dɪɡnənt,adj. 愤愤不平的；义愤的,an indignant reply,愤慨的回复
impress,ɪm'prɛs,v. 盖印；强征；传送；给予某人深刻印象；n. 印象，印记；特征，痕迹,Steve borrowed his dad’s sports car to impress his girlfriend.,史蒂夫借来他爸爸的跑车向女友炫耀。
subtract,səb'trækt,v. 减去；扣掉,"Thus, if you have staff activities in loops and want to run the above request, you need to ensure that you subtract only events which belong together.",因此，如果您在循环中具有人员活动，并且想要运行以上的请求，那么您必须确保您只减去了属于一起的事件。
vigorous,'vɪɡərəs,adj. 有力的；精力充沛的,Your dog needs at least 20 minutes of vigorous exercise every day.,你的狗每天需要进行至少20分钟的剧烈运动。
handicap,'hændɪ'kæp,n. 障碍；不利条件，不利的因素；v. 妨碍，阻碍；使不利,Not speaking the language is a real handicap.,不会讲这种语言的确是一个障碍。
alleviate,ə'livɪ'et,v. 减轻，缓和,measures to alleviate poverty,扶贫措施
imitate,'ɪmɪtet,v. 模仿，仿效；仿造，仿制,She was a splendid mimic and loved to imitate Winston Churchill.,她是个出色的模仿者，喜欢模仿温斯顿·丘吉尔。
descend,dɪ'sɛnd,v. 下降；下去；下来；遗传；屈尊,Our plane started to descend.,我们的飞机开始下降。
disappear,'dɪsə'pɪr,v. 消失；失踪；不复存在,At this point the path seemed to disappear altogether (= disappear completely ) .,小路到这里好像完全消失了。
sample,'sæmpl,v. 取样；尝试；抽样检查；n. 样品；样本；例子；adj. 试样的，样品的；作为例子的,a chance to sample the local food,品尝当地食品的一个机会
ignorance,'ɪɡnərəns,n. 无知，愚昧；不知，不懂,"Excuse my ignorance, but how does it actually work?",请原谅我的无知，它究竟是如何运作的？
intermittent,",ɪntɚ'mɪtənt",adj. 间歇的；断断续续的；间歇性,"The weather forecast is for sun, with intermittent showers.",天气预报为晴，有阵雨。
fatal,'fetl,adj. 致命的；重大的；毁灭性的；命中注定的；n. (Fatal)人名；(葡、芬)法塔尔,potentially fatal diseases,潜在致命的疾病
blunt,blʌnt,adj. 钝的，不锋利的；生硬的；直率的；v. 使迟钝；n. (Blunt)人名；(英)布伦特,Sharpen all your blunt knives.,把你所有的钝刀子都磨一磨。
dump,dʌmp,v. 倾倒；倾卸；丢下，卸下；摆脱，扔弃；倾销；n. 垃圾场；仓库；无秩序地累积,Merrill dumped her suitcase down in the hall.,梅里尔把手提箱扔在门厅里。
advantage,əd'væntɪdʒ,n. 优势；利益；有利条件；v. 获利,Younger workers tend to be at an advantage (=  have an advantage  ) when applying for jobs.,年轻点的工人申请工作时往往处于优势地位。
participate,pɑr'tɪsə'pet,v. 参与，参加；分享,Some members refused to participate.,有些会员拒绝参加。
enforce,ɪn'fɔrs,v. 实施，执行；强迫，强制,Parking restrictions will be strictly enforced.,停车限制将会严格执行。
enlarge,ɪn'lɑrdʒ,v. 扩大；放大；详述,an operation to enlarge her breasts,她的丰胸手术
elect,ɪ'lɛkt,adj. 选出的；当选的；卓越的；n. 被选的人；特殊阶层；上帝的选民；v. 选举；选择；推选,...the date when the president-elect takes office.,…总统当选人的就职日。
luxurious,lʌɡ'ʒʊrɪəs,adj. 奢侈的；丰富的；放纵的；特级的,a luxurious 30-room villa,一栋有30个房间的豪华度假别墅
subscribe,səb'skraɪb,v. 订阅；捐款；认购；赞成；签署,My main reason for subscribing to New Scientist is to keep abreast of advances in science.,我订阅《新科学家》的主要原因是要跟上科学的进步。
powerful,'paʊɚfl,adj. 强大的；强有力的；adv. 很；非常,He was one of the most powerful men in Bohemia.,他是波希米亚最有权势的人物之一。
consciousness,'kɑnʃəsnəs,n. 意识；知觉；觉悟；感觉,The painful memories eventually faded from her consciousness.,那些痛苦的回忆最终从她的意识中淡去了。
instant,'ɪnstənt,adj. 立即的；紧急的；紧迫的；n. 瞬间；立即；片刻,an instant success,马到成功
liberate,'lɪbə'ret,v. 解放；放出；释放,"A few days later, our armies liberated the city.",几天以后，我军解放了这座城市。
detest,dɪ'tɛst,v. 厌恶；憎恨,The two men detested each other.,两个男人互相厌恶。
instinct,'ɪnstɪŋkt,n. 本能，直觉；天性；adj. 充满着的,Her instinct told her that something was wrong.,直觉告诉她有些不对劲。
gap,ɡæp,n. 间隙；缺口；差距；分歧；v. 裂开,a gap in the traffic,车流中的一个空档
upgrade,",ʌp'ɡred",v. 使升级；提升；改良品种；n. 升级；上升；上坡；adv. 往上；adj. 向上的,The hotel has recently been refurbished and upgraded.,这家酒店最近重新装修过，设施更加完善了。
numerous,'numərəs,adj. 许多的，很多的,Numerous attempts have been made to hide the truth.,为掩盖事实作了很多尝试。
apartment,ə'pɑrtmənt,n. 公寓；房间,She lives in a small apartment.,她住在一套小公寓里。
multiply,'mʌltɪplaɪ,v. 乘；使增加；使繁殖；使相乘；adv. 多样地；复合地；adj. 多层的；多样的,Children will learn to multiply in the second grade.,儿童在二年级学习乘法。
neighbourhood,nebɚˌhʊd,n. 邻近；周围；邻居关系；附近一带,Be quiet! You’ll wake up the whole neighbourhood!,安静点！ 你会把邻居全都吵醒的！
subsidy,'sʌbsədi,n. 补贴；津贴；补助金,European farmers are planning a massive demonstration against farm subsidy cuts.,欧洲的农场主们正在策划一场反对削减农场补贴的大游行。
comparison,kəm'pærɪsn,n. 比较；对照；比喻；比较关系,Her paintings invite comparison with those of the early Impressionists (= they remind you of them ) .,她的画作让人想起早期的印象派作品。
resent,rɪ'zɛnt,v. 怨恨；愤恨；厌恶,Paul resented the fact that Carol didn’t trust him.,保罗非常气愤，因为卡萝尔不信任他。
dampen,'dæmpən,v. 抑制；使…沮丧；使…潮湿,The light rain dampened the crowd’s enthusiasm.,小雨使观众的热情减退了。
retirement,rɪ'taɪɚmənt,n. 退休，退役,She took early retirement (= retired at an earlier age than usual ) last year.,她去年提前退休了。
award,ə'wɔrd,v. 授予；判定；n. 奖品；判决,Moodie has been awarded a golf scholarship at the University of Hawaii.,穆迪获授夏威夷大学高尔夫奖学金。
array,ə're,n. 数组，阵列；排列，列阵；大批，一系列；衣服；v. 排列，部署；打扮,a bewildering array of options,一大堆眼花缭乱的选择
breeze,briz,n. 微风；轻而易举的事；煤屑；焦炭渣；小风波；v. 吹微风；逃走,flowers waving in the breeze,在微风中摇曳的花儿
diagnose,",daɪəɡ'nos",v. 诊断；断定,How did they diagnose you?,他们怎么给你的诊断的？
accommodate,ə'kɑmədet,v. 容纳；使适应；供应；调解,He bought a huge house to accommodate his library.,他买了一座大房子来放他的藏书。
constitute,'kɑnstətut,v. 组成，构成；建立；任命,We must redefine what constitutes a family.,我们必须对家庭的构成重新定义。
metropolitan,",mɛtrə'pɑlɪtən",adj. 大都市的；大主教辖区的；宗主国的；n. 大城市人；大主教；宗主国的公民,a metropolitan area of South Australia,南澳大利亚的一个都市区
permeate,'pɝmɪet,v. 渗透，透过；弥漫,The smell of diesel oil permeated the air.,空气里充斥着柴油的气味。
connection,kə'nɛkʃən,n. 连接；关系；人脉；连接件,Police have so far failed to establish a connection between the two murders.,到目前为止警方尚未确定两宗凶杀案之间有关联。
bind,baɪnd,v. 结合；装订；有约束力；过紧；n. 捆绑；困境；讨厌的事情；植物的藤蔓,The monks are bound by vows of silence.,僧侣们必须遵守保持缄默的誓言。
swarm,swɔrm,v. 挤满；成群浮游；云集；n. 蜂群；一大群,Within minutes the area was swarming with officers who began searching a nearby wood.,几分钟之内这个地方挤满了警官，他们开始搜查附近的一片树林。
dramatic,drə'mætɪk,adj. 戏剧的；急剧的；引人注目的；激动人心的,A superb goal by Owen earned United a dramatic victory yesterday.,昨天欧文的一个超级入球为联队赢得了激动人心的胜利。
hesitation,",hɛzə'teʃən",n. 犹豫,After some hesitation one of them began to speak.,犹豫了一会儿之后，他们中有一个人开口了。
formal,'fɔrml,adj. 正式的；拘谨的；有条理的；n. 正式的社交活动；夜礼服,formal recognition of the reformed church,改革后的教会所获得的官方承认
contract,'kɑntrækt,v. 收缩；感染；订约；n. 合同；婚约,Metal contracts as it cools.,金属遇冷收缩。
outcome,'aʊt'kʌm,n. 结果，结局；成果,People who had heard the evidence at the trial were surprised at the outcome.,在审判过程中听过证词的人都对此结果感到吃惊。
controversial,",kɑntrə'vɝʃl",adj. 有争议的；有争论的,the controversial issue of welfare reform,福利改革这一有争议的话题
productive,prə'dʌktɪv,adj. 能生产的；生产的，生产性的；多产的；富有成效的,Most of us are more productive in the morning.,我们大多数人在早上更有效率。
severe,sɪ'vɪr,adj. 严峻的；严厉的；剧烈的；苛刻的,His injuries were quite severe.,他的伤势很严重。
strengthen,'strɛŋθn,v. 加强；巩固,Our friendship has steadily strengthened over the years.,我们的友谊逐年加深。
tempt,tɛmpt,v. 诱惑；引起；冒…的风险；使感兴趣,If you leave valuables in your car it will tempt thieves.,如果把贵重物品留在车上，会招来小偷的。
dedicate,'dɛdɪket,v. 致力；献身；题献,"For the next few years, she dedicated herself to her work.",随后的几年里，她全身心地投入工作。
indication,",ɪndɪ'keʃən",n. 指示，指出；迹象；象征,Could you give me some indication as to when I am likely to receive a reply?,你能给我透露一下什么时候我能收到回复吗？
rotate,'rotet,v. 旋转；循环；adj. [植] 辐状的,The Earth rotates on its axis once every 24 hours.,地球每24小时绕地轴自转一周。
identify,aɪ'dɛntɪfaɪ,v. 确定；鉴定；识别，辨认出；使参与；把…看成一样 vi确定；认同；一致,He was too far away to be able to identify faces.,他离得太远，没法看面孔认出谁是谁。
convention,kən'vɛnʃən,n. 大会；[法] 惯例；[计] 约定；[法] 协定；习俗,a teachers’ convention,教师大会
relieve,rɪ'liv,v. 解除，减轻；使不单调乏味；换…的班；解围；使放心,Drugs helped to relieve the pain.,药物有助于舒缓疼痛。
origin,'ɔrɪdʒɪn,n. 起源；原点；出身；开端,The tradition has its origins in the Middle Ages.,这一传统源于中世纪。
chronic,'krɑnɪk,adj. 慢性的；长期的；习惯性的；n. (Chronic)人名；(英)克罗尼克,chronic arthritis,慢性关节炎
stock,stɑk,n. 股份，股票；库存；血统；树干；家畜；adj. 存货的，常备的；平凡的；v. 进货；备有；装把手于…,We have a huge stock of quality carpets on sale.,我们备有大量优质地毯出售。
scheme,skim,n. 计划；组合；体制；诡计；v. 搞阴谋；拟订计划,The money will be used for teacher training schemes.,这笔钱将用于教师培训计划。
constrain,kən'stren,v. 驱使；强迫；束缚,Poor soil has constrained the level of crop production.,贫瘠的土地限制了农作物的产量。
alcohol,'ælkəhɔl,n. 酒精，乙醇,I don’t drink alcohol anymore.,我不再喝酒了。
triple,'trɪpl,adj. 三倍的；三方的；n. 三倍数；三个一组；v. 增至三倍,a triple murder investigation,对一宗三重谋杀案的调查
hoist,hɔɪst,n. 起重机；升起，吊起；v. 升起；吊起,a boat hoist,吊艇机
theme,θim,n. 主题；主旋律；题目；adj. 以奇想主题布置的,The book’s theme is the conflict between love and duty.,本书的主题是爱与责任之间的冲突。
standpoint,'stændpɔɪnt,n. 立场；观点,a discussion of marriage from the standpoint of women,从女性角度对婚姻的探讨
proclaim,prə'klem,v. 宣告，公布；声明；表明；赞扬,The President proclaimed the republic’s independence.,总统宣布共和国独立。
territory,'tɛrətɔri,n. 领土，领域；范围；地域；版图,Hong Kong is a Chinese territory.,香港是中国的领土。
evident,'ɛvɪdənt,adj. 明显的；明白的,Bob ate his lunch with evident enjoyment.,显然鲍勃吃午饭吃得津津有味。
arbitrary,ˈɑːrbətreri,adj. [数] 任意的；武断的；专制的,an arbitrary decision,武断的决定
peculiarity,pɪ'kjʊlɪ'ærəti,n. 特性；特质；怪癖；奇特,Margaret regarded her mother’s peculiarities with a fond tolerance.,玛格丽特宽容地看待母亲的怪癖。
optional,'ɑpʃənl,adj. 可选择的，随意的；n. 选修科目,three optional courses,三门选修课
minority,maɪ'nɔrəti,n. 少数民族；少数派；未成年；adj. 少数的；属于少数派的,Gaelic is still spoken in Ireland by a tiny minority.,爱尔兰仍有极少数人在说盖尔语。
ridiculous,rɪ'dɪkjələs,adj. 可笑的；荒谬的,That’s a ridiculous idea!,那主意很荒唐！
argument,'ɑrɡjumənt,n. 论证；论据；争吵；内容提要,We need to provide a convincing argument as to why the system should be changed.,我们得提出有说服力的论据，证明为何要改变体制。
heal,hil,v. 治愈，痊愈；和解；n. (Heal)人名；(英)希尔,a preacher who claims that he can heal the sick,自称可以治病的传道士
expert,"'ɛkspɝt; (for adj., also) ɛksˈpɝt ; ɪkˈspɝt",adj. 熟练的；内行的；老练的；n. 专家；行家；能手；vt. 当专家；在…中当行家,He cast his expert eye on the gardener’s work.,他用内行的眼光看了看园丁干的活。
conform,kən'fɔrm,v. 符合；遵照；适应环境；adj. 一致的；顺从的,Joseph does not conform to the stereotype of a policeman.,约瑟夫不同于人们一般印象中的警察形象。
respond,rɪ'spɑnd,v. 回答；作出反应；承担责任；n. 应答；唱和,They are likely to respond positively to the president's request for aid.,他们有可能积极地回应该总统的援助请求。
flash,flæʃ,v. 使闪光；反射；n. 闪光，闪现；一瞬间；adj. 闪光的，火速的,Lightning flashed overhead.,头顶上电光闪闪。
contact,'kɑntækt,n. 接触，联系；v. 使接触，联系,The town is cut off from contact with the outside world.,小镇与外界的联系被切断了。
mood,mud,n. 情绪，语气；心境；气氛,You’re in a good mood this morning!,你今天早晨心情不错啊！
realm,rɛlm,n. 领域，范围；王国,the spiritual realm,精神领域
sparkle,'spɑrkl,n. 闪耀；火花；活力；v. 使闪耀；使发光,the sparkle of the diamonds,钻石的光芒
optimistic,",ɑptɪ'mɪstɪk",adj. 乐观的；乐观主义的,Andrew took a more optimistic view.,安德鲁抱有更为乐观的想法。
ingredient,ɪn'ɡridɪənt,n. 原料；要素；组成部分；adj. 构成组成部分的,Combine all the ingredients in a large bowl.,把所有食材都放在一个大碗里。
handle,'hændl,n. [建] 把手；柄；手感；口实；v. 处理；操作；运用；买卖；触摸,Then he turned the handle and went in.,然后他转动把手走了进去。
compatible,kəm'pætəbl,adj. 兼容的；能共处的；可并立的,The new software is IBM compatible (= can be used with IBM computers ) .,这个新软件与IBM的计算机兼容。
accelerate,əkˈsɛləˌret,v. 使……加快；使……增速,measures to accelerate the rate of economic growth,加快经济增长速度的措施
bald,bɔld,adj. 秃顶的；光秃的；单调的；无装饰的；v. 变秃；n. (Bald)人名；(英)鲍尔德；(德、法、波)巴尔德,a bald man,一名秃顶男子
compress,kəm'prɛs,v. 受压缩小,"Light silk is best for parachutes, as it compresses well and then expands rapidly.",轻质丝绸最适合制作降落伞，因为这种面料便于压缩，而且展开迅速。
union,'junɪən,n. 联盟，协会；工会；联合,Are you planning to join the union?,你打算加入工会吗？
commerce,'kɑmɝs,n. 贸易；商业；商务,measures promoting local commerce and industry,促进地方工商业发展的措施
distinguish,dɪ'stɪŋɡwɪʃ,v. 区分；辨别；使杰出，使表现突出,The light was too dim for me to distinguish anything clearly.,光线太暗，我什么也看不清。
probe,prob,n. 探针；调查；v. 调查；探测,a police corruption probe,对警察贪污行为的彻底调查
justify,'dʒʌstə'fai,v. 证明合法；整理版面,No argument can justify a war.,没有任何理由能证明一个战争有理。
aggressor,ə'ɡrɛsɚ,n. 侵略者；侵略国；挑衅者,measures taken to deter potential aggressors,阻止潜在侵略者的措施
slump,slʌmp,v. 下降，衰落；倒下；大幅度下降，暴跌；n. 衰退；暴跌；消沉,Sales slumped by 20% last year.,去年销售额骤减 20%。
rental,'rɛntl,n. 租金收入，租金；租赁；adj. 租赁的；收取租金的,Video rental is usually £3.,录像带的租金通常是3英镑。
routine,rʊ'tin,n. [计] 程序；日常工作；例行公事；adj. 日常的；例行的,John’s departure had upset their daily routine .,约翰的离去打乱了他们的日常生活。
cement,sə'mɛnt,v. 巩固，加强；用水泥涂；接合；n. 水泥；接合剂,Nothing cements a friendship between countries so much as trade.,没有任何东西能比贸易更能巩固国家间的友谊了。
joint,dʒɔɪnt,n. 关节；接缝；接合处，接合点；（牛，羊等的腿）大块肉；adj. 共同的；连接的；联合的，合办的；v. 连接，贴合；接合；使有接头,What should I use to seal the joint between the carport roof and the house wall?,我应该用什么材料填补车棚顶和房屋墙面的接缝？
account,ə'kaʊnt,n. 账户；解释；账目，账单；理由；描述；v. 解释；导致；报账,My salary is paid into my bank account.,我的工资直接存入我的银行账户。
campaign,kæm'pen,v. 作战；参加竞选；参加活动；n. 运动；活动；战役,Jones ran a good campaign.,琼斯的活动搞得很成功。
denial,dɪ'naɪəl,n. 否认；拒绝；节制；背弃,"It seems clear that despite official denials, differences of opinion lay behind the ambassador's decision to quit.",很清楚，尽管官方否认，人们对大使决定辞职还是有不同看法。
frustrate,'frʌstret,v. 挫败；阻挠；使感到灰心；adj. 挫败的；无益的,Their attempts to speak to him were frustrated by the guards.,他们想跟他说话，但被警卫拦住了。
flesh,flɛʃ,n. 肉；肉体；v. 喂肉给…；使发胖,a freshwater fish with firm white flesh,一种肉色雪白、肉质紧实的淡水鱼
susceptible,sə'sɛptəbl,adj. 易受影响的；易感动的；容许…的；n. 易得病的人,A lot of TV advertising is aimed at susceptible young children.,很多电视广告瞄准了易受影响的幼儿。
attach,ə'tætʃ,v. 使依附；贴上；系上；使依恋,We attach labels to things before we file them away.,我们在把东西归档前先给它们贴上标签。
formulate,'fɔrmjə'let,v. 规划；用公式表示；明确地表达,We are studying the situation but have not formulated any response yet.,我们正在研究形势，但尚未考虑好如何回应。
evidence,'ɛvɪdəns,n. 证据，证明；迹象；明显；v. 证明,Murrow’s evidence was enough to convict Hayes of murder.,默罗的证词足以证明海斯犯了谋杀罪。
despise,dɪ'spaɪz,v. 轻视，鄙视,She despised her neighbours.,她看不起她的邻居。
extensive,ɪk'stɛnsɪv,adj. 广泛的；大量的；广阔的,The house stands in extensive grounds.,这栋房子占地面积很大。
oppose,ə'poz,v. 反对；对抗，抗争,Congress is continuing to oppose the President’s health care budget.,国会继续反对总统的医疗保健预算。
outstanding,'aʊt'stændɪŋ,adj. 杰出的；显著的；未解决的；未偿付的；n. 未偿贷款,an outstanding example of a 13th-century castle,13世纪城堡的杰出典范
humiliate,hju'mɪlɪet,v. 羞辱；使…丢脸；耻辱,Her boss humiliated her in front of all her colleagues.,她的老板在所有同事面前羞辱了她。
attain,ə'ten,v. 达到，实现；获得；到达；n. 成就,More women are attaining positions of power.,越来越多的女性获得要职。
outline,'aʊtlaɪn,n. 轮廓；大纲；概要；略图；v. 概述；略述；描画…轮廓,a research proposal outline,研究计划梗概
scenery,'sinəri,n. 风景；景色；舞台布景,The best part of the trip was the fantastic scenery.,此次旅行最精彩之处就是那美妙绝伦的风景。
opponent,ə'ponənt,n. 对手；反对者；敌手；adj. 对立的；敌对的,Graf’s opponent in today’s final will be Sukova.,格拉芙今天的决赛对手将是苏科娃。
solve,sɔlv,v. 解决；解答；溶解,Charlie thinks money will solve all his problems.,查理认为钱能解决他所有的问题。
infinite,'ɪnfɪnət,adj. 无限的，无穷的；无数的；极大的；n. 无限；[数] 无穷大；无限的东西（如空间，时间）,a woman of infinite patience,极有耐心的女子
preclude,prɪ'klud,v. 排除；妨碍；阻止,rules that preclude experimentation in teaching methods,禁止进行教学方法试验的规定
detect,dɪ'tɛkt,v. 察觉；发现；探测,Many forms of cancer can be cured if detected early.,如果发现得早，许多种癌症都可以治愈。
vocation,vo'keʃən,n. 职业；天职；天命；神召,Her vocation is her work as an actress.,她适合的职业就是当演员。
restoration,'rɛstə'reʃən,n. 恢复；复位；王政复辟；归还,,
subjective,səb'dʒɛktɪv,adj. 主观的；个人的；自觉的,"As a critic, he is far too subjective.",作为评论家，他过于主观。
caution,'kɔʃən,n. 小心，谨慎；警告，警示；v. 警告,The physician must exercise caution when prescribing antidepressants.,医师在开抗抑郁药处方时必须谨慎。
earnest,,adj. 认真的，热心的；重要的；n. 认真；定金；诚挚,a rather earnest young man,相当认真的一个年轻人
paradox,'pærədɑks,n. 悖论，反论；似非而是的论点；自相矛盾的人或事,It’s a paradox that in such a rich country there can be so much poverty.,在如此富有的国家却有这么多的贫穷现象，真是矛盾。
conduct,kən'dʌkt,v. 导电；带领；n. 进行；行为；实施,"Aluminium, being a metal, readily conducts heat .",铝这种金属导热性能很好。
decorate,'dɛkəret,v. 装饰；布置；授勋给,Children’s pictures decorated the walls of the classroom.,教室的墙上装点着儿童画。
diplomat,'dɪpləmæt,n. 外交家，外交官；有外交手腕的人；处事圆滑机敏的人,French diplomats,法国外交官
circulate,'sɝkjəlet,v. 传播，流传；循环；流通,Swimming helps to get the blood circulating through the muscles.,游泳有助于肌肉的血液循环。
crawl,krɔl,v. 爬行；匍匐行进；n. 爬行；养鱼池；匍匐而行,The floor was crawling with ants.,地板上爬满了蚂蚁。
aggravate,'æɡrəvet,v. 加重；使恶化；激怒,Their money problems were further aggravated by a rise in interest rates.,由于利率上调，他们的财务问题更加严重。
scope,skop,n. 范围；余地；视野；眼界；导弹射程；v. 审视,measures to limit the scope of criminals’ activities,限制罪犯活动范围的措施
terrific,tə'rɪfɪk,adj. 极好的；极其的，非常的；可怕的,That’s a terrific idea!,这个主意真棒！
community,kə'mjʊnəti,n. 社区；[生态] 群落；共同体；团体,The new arts centre will serve the whole community.,这座新的艺术中心将为整个社区服务。
mandate,'mændet,n. 授权；命令，指令；委托管理；受命进行的工作；v. 授权；托管,Matters debated in meetings do not become a mandate automatically.,会议上讨论的事宜并不能自动成为一项指令。
resist,rɪ'zɪst,v. 抵抗，抗拒；忍耐；n. [助剂] 抗蚀剂；防染剂,He resisted pressure to resign.,他顶住压力，没辞职。
interpret,ɪn'tɝprɪt,v. 说明；口译,"They spoke good Spanish, and promised to interpret for me.",他们西班牙语说得很好，答应替我翻译。
proportion,prə'pɔrʃən,n. 比例，占比；部分；面积；均衡；v. 使成比例；使均衡；分摊,A large proportion of the dolphins in that area will eventually die.,那个地区的很大一部分海豚最终都会死去。
total,'totl,adj. 全部的；完全的；整个的；v. 总数达；n. 总数，合计,a total ban on cigarette advertising,香烟广告的全面禁止
bureau,'bjʊro,n. 局，处；衣柜；办公桌,the Federal Bureau of Investigation,联邦调查局
series,'sɪriz,n. 系列，连续；[电] 串联；级数；丛书,the series of events that led to the outbreak of war,导致战争爆发的一系列事件
ancestry,'ænsɛstri,n. 祖先；血统,"Most people of European or African ancestry have the ""wet"" kind: thick and sticky.",大多数欧洲或者非洲血统的人耳垢是湿的，厚的，有粘性的。
stretch,strɛtʃ,"v. 伸展,张开；（大量地）使用，消耗（金钱，时间）；使竭尽所能；使全力以赴；；n. 伸展，延伸","Carl sat up in bed, yawned, and stretched.",卡尔从床上坐起来，打了个呵欠，伸了伸懒 腰。
prudent,'prʊdnt,adj. 谨慎的；精明的；节俭的；n. (Prudent)人名；(法)普吕当,prudent house buyers,谨慎的购房者
publisher,'pʌblɪʃɚ,n. 出版者，出版商；发行人,The publishers planned to produce the journal on a weekly basis.,出版社计划将这份杂志做成周刊。
phrase,frez,"n. 短语, 习语, 措辞, 乐句；v. 措词, 将(乐曲)分成乐句",Who first used the phrase ‘survival of the fittest’?,“适者生存”这一说法最早是谁说的？
halt,hɔlt,v. 停止；立定；踌躇，犹豫；n. 停止；立定；休息,The government has failed to halt economic decline.,政府没能阻止经济衰退。
survey,ˈsɝˌve; (for v.) sɝˈve,n. 调查；测量；审视；纵览；v. 调查；勘测；俯瞰,The council conducted a survey of the uses to which farm buildings are put.,该委员会对农场建筑的用途进行了一个调查。
reside,rɪ'zaɪd,v. 住，居住；属于,"He spent most of his time in Rutherglen, where his family resided.",他大部分时间都在拉瑟格伦度过，他的家人就在那里居住。
discourage,dɪs'kɝɪdʒ,v. 阻止；使气馁,Aspirin may discourage tumour growth in some types of cancer.,阿司匹林可能遏制某些恶性肿瘤的生长。
carpenter,ˈkɑːrpəntər,n. 木匠，木工；v. 当木匠，做木匠工作,He is a carpenter by profession.,他以木工为业。
reverse,rɪ'vɝs,n. 背面；相反；倒退；失败；v. 颠倒；倒转；adj. 反面的；颠倒的；反身的,"I owe you nothing. If anything, the reverse is true (= you owe me ) .",我不欠你什么。 如果说欠的话，是你欠我才对。
declare,dɪ'klɛr,v. 宣布，声明；断言，宣称,A state of emergency has been declared.,已宣布进入紧急状态。
deliver,dɪ'lɪvɚ,v. 交付；发表；递送；释放；给予（打击）；给…接生；n. 投球,The morning mail has just been delivered.,早晨的邮件刚送到。
spoil,spɔɪl,v. 溺爱；糟蹋；破坏；掠夺；n. 次品；奖品,The whole park is spoiled by litter.,整个公园环境都给垃圾破坏了。
astonish,ə'stɑnɪʃ,v. 使惊讶,Her reply astonished me.,她的回答让我大吃一惊。
suspicious,sə'spɪʃəs,adj. 可疑的；怀疑的；多疑的,His reluctance to answer my questions made me suspicious .,他不愿回答我的问题，这引起我的怀疑。
prevail,pri'vel,v. 盛行，流行；战胜，获胜,Justice will prevail.,正义终将获胜。
compete,kəm'pit,v. 竞争；比赛；对抗,He will be competing in the 100-metre race.,他将参加100米比赛。
display,dɪ'sple,n. 显示；炫耀；v. 显示；表现；陈列；adj. 展览的；陈列用的,This time the display flashed a red warning signal.,这次显示器上闪烁着红色的警报信号。
department,dɪ'pɑrtmənt,n. 部；部门；系；科；局,the personnel department,人事部
condense,kən'dɛns,v. 浓缩；凝结,the mist which condensed on every cold surface,每个冰冷的表面上凝结的水汽
ascend,ə'sɛnd,v. 上升；登高；追溯,The plane ascended rapidly.,飞机迅速爬升。
convenient,kən'vinɪənt,adj. 方便的；[废语]适当的；[口语]近便的；实用的,Mail-order catalogs are a convenient way to shop.,使用邮购目录是一种方便的购物方式。
dim,dɪm,adj. 暗淡的，昏暗的；模糊的，看不清的；悲观的，怀疑的；v. 使暗淡，使失去光泽；使变模糊；n. 笨蛋，傻子,in the dim light of the early dawn,在微弱的晨曦里
clinic,'klɪnɪk,n. 临床；诊所,an appointment at an outpatient clinic,门诊预约
raise,rez,v. 提高；筹集；养育；升起；n. 高地；上升；加薪,Can you raise the lamp so I can see?,你能把灯举高点好让我看清吗？
impartial,ɪm'pɑrʃəl,adj. 公平的，公正的；不偏不倚的,We offer impartial advice on tax and insurance.,我们就税收和保险问题提供公充的建议。
fashion,'fæʃən,n. 时尚；时装；样式；时髦人物；v. 使用；改变；做成…的形状,His ideas are coming back into fashion (= they are becoming popular again ) .,他的观点又流行起来。
custom,'kʌstəm,n. 习惯，惯例；风俗；海关，关税；经常光顾；[总称]（经常性的）顾客；adj. （衣服等）定做的，定制的,"He awoke early, as was his custom.",他很早醒来，这是他的习惯。
auditorium,",ɔdɪ'tɔrɪəm",n. 礼堂，会堂；观众席,Anderson was to sing at the Constitution Hall auditorium.,安德森将要在宪法厅的观众席演唱。
invalid,ˈɪnvəlɪd；ɪnˈvælɪd,adj. 无效的；有病的；残废的；n. 病人；残废者；v. 使伤残；使退役,"Without the right date stamped on it, your ticket will be invalid.",票上若没有加盖正确日期就是废票。
contemptuous,kən'tɛmptʃuəs,adj. 轻蔑的；侮辱的,a contemptuous glance,轻蔑的一瞥
envy,'ɛnvi,n. 嫉妒，妒忌；羡慕；v. 嫉妒，妒忌；羡慕,She could see that all the other girls were green with envy(= feeling a lot of envy ).,她看得出其他女孩都很眼红。
characteristic,",kærəktə'rɪstɪk",adj. 典型的；特有的；表示特性的；n. 特征；特性；特色,the highly characteristic (= very typical ) flint walls of the local houses,当地房子非常有特色的燧石墙
foundation,faʊn'deʃən,n. 基础；地基；基金会；根据；创立,It took the builders three weeks to lay the foundations .,建筑工人花了三星期的时间打地基。
petition,pə'tɪʃən,n. 请愿；请愿书；祈求；[法] 诉状；v. 请愿；请求,Local residents have drawn up a petition to protest the hospital closure.,当地居民已草拟了一份请愿书，抗议关闭医院。
fresh,frɛʃ,adj. 新鲜的；清新的；淡水的；无经验的；n. 开始；新生；泛滥；adv. 刚刚，才；最新地,I’ll just make some fresh coffee.,我来重新煮点咖啡。
organ,'ɔrɡən,n. [生物] 器官；机构；风琴；管风琴；嗓音,the decision-making organs,决策机关
considerate,kənˈsɪdərɪt,adj. 体贴的；体谅的；考虑周到的,He was always kind and considerate.,他总是很善良，为别人着想。
harness,'hɑrnɪs,v. 治理；套；驾驭；披上甲胄；利用；n. 马具；甲胄；挽具状带子；降落伞背带；日常工作,We can harness the power of the wind to generate electricity.,我们可以利用风力发电。
overtake,",ovɚ'tek",v. 赶上；压倒；突然来袭,He pulled out to overtake the van.,他把车驶出所在车道想超过那辆小货车。
dense,dɛns,adj. 稠密的；浓厚的；愚钝的,a dense rurally-based population,居住在乡村的密集人口
ventilate,'vɛntɪlet,v. 使通风；给…装通风设备；宣布,Both patients are sedated and ventilated.,两位病人都用了镇静剂和呼吸机。
site,saɪt,n. 地点；位置；场所；v. 设置；为…选址,an archaeological site,考古现场
parade,pə'red,n. 游行；阅兵；炫耀；行进；阅兵场；v. 游行；炫耀；列队行进,a victory parade,胜利游行
bill,bɪl,n. [法] 法案；广告；账单；[金融] 票据；钞票；清单；v. 宣布；开账单；用海报宣传,Have you paid the phone bill?,电话费你付了吗？
decay,dɪ'ke,v. 衰退，[核] 衰减；腐烂，腐朽；n. 衰退，[核] 衰减；腐烂，腐朽,Her body was already starting to decay.,她的尸体已经开始腐烂。
marvellous,'mɑrvələs,adj. 不可思议的；惊人的,‘How was your holiday?’ ‘Marvellous!’,“假期过得好吗？”“好极了！”
grave,ɡrev,adj. 重大的；严肃的；黯淡的；n. 墓穴，坟墓；死亡；v. 雕刻；铭记,Matthew’s life is in grave danger .,马修的生命危在旦夕。
diminish,dɪ'mɪnɪʃ,v. 使减少；使变小,The party’s share of the electorate has diminished steadily.,支持这个政党的选民比例持续下降。
storage,'stɔrɪdʒ,n. 存储；仓库；贮藏所,the storage of highly radioactive material,高放射性材料的存放
drastic,'dræstɪk,adj. 激烈的；猛烈的；n. 烈性泻药,drastic cuts in government spending,政府开支的急剧削减
peep,pip,n. 偷看；隐约看见，瞥见；v. 窥视；慢慢露出，出现；吱吱叫,"""Fourteen minutes,"" Chris said, taking a peep at his watch.",“十四分钟，”克里斯瞥了一眼手表说道。
mischief,'mɪstʃɪf,n. 恶作剧；伤害；顽皮；不和,"Now run along, and don’t get into mischief .",好了，走开，不要捣乱。
deploy,dɪ'plɔɪ,v. 配置；展开；使疏开；n. 部署,"So far, however, we have said nothing about how to deploy it.",到现在，我们还没说任何如何部署的内容。
shift,ʃɪft,n. 移动；变化；手段；轮班；v. 移动；转变；转换,I work shifts.,我轮班工作。
percent,pɚ'sɛnt,n. 百分比，百分率；部分；百分数；adj. 百分之…的；adv. 以百分之…地,"But there are billions more people out there who are not in the top one percent, and they’re not in the top two or three either.",但是还有十亿多的人不在其中，他们不在其中的百分之一，也不再其中的两百分之一或者三百分之一的其中。
dubious,'dubɪəs,adj. 可疑的；暧昧的；无把握的；半信半疑的,The firm was accused of dubious accounting practices.,该公司被指控有不诚实的会计行为。
weird,wɪrd,adj. 怪异的；不可思议的；超自然的；n. （苏格兰）命运；预言,A really weird thing happened last night.,昨晚发生了一件非常奇怪的事。
preferable,'prɛfrəbl,adj. 更好的，更可取的；更合意的,"For this dish, fresh herbs and garlic are preferable.",做这道菜，用新鲜香草和大蒜更好。
cope,kop,v. 处理；对付；竞争；n. 长袍,Sometimes I find it hard to cope.,有时候我觉得很难应付。
dictate,'dɪktet,v. 命令；口述；使听写；n. 命令；指示,Federal funds have to be used as dictated by Washington.,联邦款项得按照华盛顿规定的途径使用。
warrant,'wɔrənt,n. 根据；证明；正当理由；委任状；v. 保证；担保；批准；辩解,There is no warrant for copying other people’s work.,剽窃他人作品毫无道理。
foremost,'fɔr'most,adj. 最重要的；最先的；adv. 首先；居于首位地,one of the country’s foremost authorities on chemical warfare,该国化学战方面的最高权威之一
bend,bɛnd,v. 使弯曲；使屈服；使致力；使朝向；n. 弯曲,Several branches started bending towards the ground.,数根枝条开始向地面弯垂。
evaluate,ɪ'væljʊ'et,v. 评价；估价；求…的值,You should be able to evaluate your own work.,你应该能够评估自己的工作。
headline,'hɛdlaɪn,n. 大标题；内容提要；栏外标题；头版头条新闻；v. 给…加标题；使成为注意中心；大力宣传,a paper carrying the front-page headline: ‘Space Aliens meet with President’,头版报道题为“天外来客会见总统”的报纸
attend,ə'tɛnd,v. 出席；上（大学等）；照料；招待；陪伴,Only 12 people attended the meeting.,只有12个人出席了会议。
interfere,",ɪntɚ'fɪr",v. 干涉；妨碍；打扰,"My daughter-in-law said that I was interfering, but I was only trying to help.",我的儿媳说我多管闲事，但我只是想帮忙。
locate,ˈloˌket; loˈket,v. 位于；查找…的地点,We couldn’t locate the source of the radio signal.,我们无法确定无线电信号的来源。
integrate,'ɪntɪɡret,v. 使…完整；使…成整体；求…的积分；表示…的总和；adj. 整合的；完全的；n. 一体化；集成体,The Marine Corps was the last service to integrate.,美国海军陆战队是最后合并的部队。
ancestor,'ænsɛstɚ,n. 始祖，祖先；被继承人,My ancestors were French.,我的祖先是法国人。
flush,flʌʃ,n. 激动，洋溢；面红；萌芽；旺盛；奔流；v. 使齐平；发红，使发亮；用水冲洗；使激动；adj. 大量的；齐平的；丰足的，洋溢的；挥霍的,There was a slight flush on his cheeks.,他的面颊上有淡淡的红晕。
statute,'stætʃut,n. [法] 法规；法令；条例,Protection for the consumer is laid down by statute (= established by law ) .,保障消费者权益已有法律明文规定。
defect,‘dɪfɛkt,n. 缺点，缺陷；不足之处；v. 变节；叛变,All the cars are tested for defects before they leave the factory.,所有汽车在出厂前都经过品质检验。
manipulate,mə'nɪpjulet,v. 操纵；操作；巧妙地处理；篡改,He was one of those men who manipulated people.,他是那种要摆布别人的人。
expectation,",ɛkspɛk'teʃən",n. 期待；预期；指望,"Having raised expectations (= made people more hopeful ), he went on to help only a few people.",他唤起了大家的希望，但接着只是帮助了几个人。
respect,rɪ'spɛkt,n. 尊敬，尊重；方面；敬意；v. 尊敬，尊重；遵守,The boys showed a complete lack of respect for authority.,这些男孩子根本无视权威。
acrobat,'ækrəbæt,n. 杂技演员，特技演员；随机应变者；翻云覆雨者，善变者,,
provision,prə'vɪʒn,n. 规定；条款；准备；[经] 供应品；v. 供给…食物及必需品,The agreement includes a provision for each side to check the other side’s weapons.,协议有项规定，允许双方互查武器。
potential,pə'tɛnʃl,n. 潜能；可能性；[电] 电势；adj. 潜在的；可能的；势的,The boy has great potential.,这个男孩有很大的潜力。
focus,'fokəs,n. 焦点；中心；清晰；焦距；v. 使集中；使聚焦,The focus of recent research has been on environmental issues.,近期的研究重点是环境问题。
encounter,ɪn'kaʊntɚ,v. 遭遇，邂逅；遇到；n. 遭遇，偶然碰见,The doctor had encountered several similar cases in the past.,那位医生过去曾碰到过好几个类似病例。
object,'ɑbdʒɛkt,n. 目标；物体；客体；宾语；v. 提出…作为反对的理由,an everyday object such as a spoon,调羹之类的日常用品
forehead,'fɔr'hɛd,n. 额，前额,...the lines on her forehead.,…她前额上的皱纹。
reject,rɪ'dʒɛkt,v. 拒绝；排斥；抵制；丢弃；n. 被弃之物或人；次品,Sarah rejected her brother’s offer of help.,萨拉拒绝了她弟弟的帮助。
despair,dɪ'spɛr,n. 绝望；令人绝望的人或事；v. 绝望，丧失信心,The noise from the neighbours used to drive him to despair .,过去，邻居的噪音常常吵得他心烦意乱。
collide,kə'laɪd,v. 碰撞；抵触，冲突,A car and a van collided on the motorway.,一辆汽车和一辆小型货车在高速公路上相撞了。
fade,fed,v. 褪色；凋谢；逐渐消失；adj. 平淡的；乏味的；n. [电影][电视] 淡出；[电影][电视] 淡入,Hopes of a peace settlement are beginning to fade.,达成和平协议的希望日渐渺茫。
pretend,prɪ'tɛnd,v. 假装，伪装，佯装；adj. 假装的,Let’s pretend we’re on the moon.,我们假装自己是在月球上吧。
variable,'vɛrɪəbl,adj. 变量的；可变的；易变的，多变的；变异的，[生物] 畸变的；n. [数] 变量；可变物，可变因素,Expect variable cloudiness and fog tomorrow.,预计明天多云有雾，天气多变。
feedback,'fidbæk,n. 反馈；成果，资料；回复,How can I provide feedback without making someone angry?,我怎样才能提出反馈意见又不会得罪人呢？
mutual,'mjutʃuəl,adj. 共同的；相互的，彼此的,"I didn’t like Dev, and the feeling seemed to be mutual.",我不喜欢德夫，他好像也不喜欢我。
boost,bʊst,v. 促进；增加；支援；n. 推动；帮助；宣扬,The new resort area has boosted tourism.,新的度假区促进了旅游业的发展。
sequence,'sikwəns,n. [数][计] 序列；顺序；续发事件；v. 按顺序排好,Be careful to perform the actions in the correct sequence .,注意要按正确的顺序来完成动作。
flourish,ˈflɜːrɪʃ,n. 兴旺；茂盛；挥舞；炫耀；华饰；v. 夸耀；挥舞,He took his cap from under his arm with a flourish and pulled it low over his eyes.,他挥手从腋下取出帽子，拉低帽檐盖住眼睛。
obsess,əb'sɛs,v. 迷住，缠住；使…着迷；使…困扰,A string of scandals is obsessing America.,一系列丑闻在困扰着美国。
humanity,hjʊ'mænəti,n. 人类；人道；仁慈；人文学科,We want a clean healthy environment for all humanity .,我们希望全人类拥有一个干净健康的生存环境。
demonstrate,'dɛmən'stret,v. 证明；展示；论证,The study demonstrates the link between poverty and malnutrition.,这项研究证明了贫困与营养不良之间的联系。
advisable,əd'vaɪzəbl,adj. 明智的，可取的，适当的,Regular medical check-ups are advisable.,定期检查身体是明智的。
rough,rʌf,adj. 粗糙的；粗略的；粗野的；艰苦的；未经加工的；v. 使粗糙；粗暴对待；草拟；n. 艰苦；高低不平的地面；未经加工的材料；粗糙的部分；adv. 粗糙地；粗略地；粗暴地,Her hands were rough from hard work.,她的双手因为干重活而变得很粗糙。
status,ˈstætəs; ˈstetəs,n. 地位；状态；情形；重要身份,These documents have no legal status in Britain.,这些文件在英国并无法律效力。
restrict,rɪ'strɪkt,v. 限制；约束；限定,The new law restricts the sale of hand guns.,新法规限制手枪的销售。
religion,rɪ'lɪdʒən,n. 宗教；宗教信仰,The U.S. Constitution promises freedom of religion.,美国宪法保证宗教信仰自由。
pathetic,pə'θɛtɪk,adj. 可怜的，悲哀的；感伤的；乏味的,The child looked a pathetic sight.,那个孩子看上去很可怜。
wander,'wɑndɚ,v. 徘徊；漫步；迷路；离题；n. (Wander)人名；(英)万德(女子教名),She wandered aimlessly about the house.,她漫无目的地在房子里走来走去。
pledge,plɛdʒ,n. 保证，誓言；抵押；抵押品，典当物；v. 保证，许诺；用……抵押；举杯祝……健康,The meeting ended with a pledge to step up cooperation between the six states of the region.,会议以加快该地区6个州之间合作的承诺结束。
resort,rɪ'zɔrt,n. 凭借，手段；度假胜地；常去之地；v. 求助，诉诸；常去；采取某手段或方法,Lagoon Reef is one of the best resort hotels.,潟湖礁是最好的度假酒店之一。
jealous,'dʒɛləs,adj. 妒忌的；猜疑的；唯恐失去的；戒备的,She got insanely jealous and there was a terrible fight.,她变得过分地猜忌，接着是一场激烈的打斗。
actual,'æktʃuəl,adj. 真实的，实际的；现行的，目前的,I’m not joking. Those were his actual words.,我没开玩笑，那都是他的原话。
artifact,"'ɑrtə,fækt",n. 人工制品；手工艺品,,
outrage,'aʊtredʒ,n. 愤怒，愤慨；暴行；侮辱；v. 凌辱，强奸；对…施暴行；激起愤怒,The response to the jury’s verdict was one of outrage.,陪审团的裁决引发了愤慨。
limited,'lɪmɪtɪd,adj. 有限的；n. 高级快车,My knowledge of the business is limited.,我对这一行了解有限。
asset,'æsɛt,n. 资产；优点；有用的东西；有利条件；财产；有价值的人或物,the value of a company’s assets,公司的资产价值
instrument,'ɪnstrəmənt,n. 仪器；工具；乐器；手段；器械,surgical instruments,外科(手术)器械
eliminate,ɪ'lɪmɪnet,v. 消除；排除,a ruthless dictator who eliminated all his rivals,铲除所有异己的残酷独裁者
physician,fɪ'zɪʃən,n. [医] 医师；内科医师,...your family physician.,…你的家庭医生。
stable,'stebl,n. 马厩；牛棚；adj. 稳定的；牢固的；坚定的；v. 被关在马厩,Our stable abuts against his dwelling.,我们的马厩和他的住所毗连。
fake,feɪk,n. 假货；骗子；假动作；v. 捏造；假装…的样子；adj. 伪造的,The painting was judged a fake.,这幅画被鉴定为赝品。
fancy,'fænsi,n. 幻想；想象力；爱好；adj. 想象的；奇特的；昂贵的；精选的；v. 想象；喜爱；设想；自负,"Oh, that was just a fancy of his.",啊，那只是他的异想天开。
viewpoint,'vjupɔɪnt,n. 观点，看法；视角,Different viewpoints produce different images.,角度不同，产生的画面也不同。
approximate,ə'prɑksɪmət,v. 近似；使…接近；粗略估计；adj. [数] 近似的；大概的,What is the approximate number of students in each class?,每个班大致有多少学生？
default,dɪ'fɔlt,v. 拖欠；不履行；不到场；n. 违约；缺席；缺乏；系统默认值,"The credit card business is down, and more borrowers are defaulting on loans.",信用卡生意正在走下坡路，更多的借贷人不履行还贷责任。
negotiate,nɪ'ɡoʃɪet,v. 谈判，商议；转让；越过,His first aim is to get the warring parties back to the negotiating table (= discussing something ).,他的首要目标就是把交战各方拉回到谈判桌上。
institute,'ɪnstɪtut,v. 开始（调查）；制定；创立；提起（诉讼）；n. 学会，协会；学院,We had no choice but to institute court proceedings against the airline.,我们别无选择，只能对航空公司提起诉讼。
exquisite,ɪk'skwɪzɪt,adj. 精致的；细腻的；优美的，高雅的；异常的；剧烈的；n. 服饰过于讲究的男子,the most exquisite craftsmanship,最精美的工艺
superiority,"su,pɪrɪ'ɔrəti",n. 优越，优势；优越性,Janet always spoke with an air of superiority.,珍妮特说话时总显得盛气凌人。
domestic,də'mɛstɪk,adj. 国内的；家庭的；驯养的；一心只管家务的；n. 国货；佣人,Unfortunately his domestic life wasn’t very happy.,不幸的是，他的家庭生活并不幸福。
repress,rɪ'prɛs,v. 抑制；镇压（叛乱等）；约束,He had long ago repressed the painful memories of his childhood.,他长久压抑着儿时的痛苦记忆。
accompany,ə'kʌmpəni,v. 陪伴，伴随；伴奏,Children under 14 must be accompanied by an adult.,14岁以下儿童必须有成人陪同。
litter,'lɪtɚ,n. 垃圾；轿，担架；一窝（动物的幼崽）；凌乱；v. 乱丢；给…垫褥草；把…弄得乱七八糟,People who drop litter can be fined in some cities.,在有些城市，乱扔垃圾的人会被罚款。
explode,ɪk'splod,v. 爆炸，爆发；激增,The device was thrown at an army patrol but failed to explode.,炸弹投向了陆军巡逻队，但没有爆炸。
sway,swe,v. 影响；统治；使摇动；n. 影响；摇摆；统治,Don’t allow yourself to be swayed by his promises.,你可不要听了他的许诺就改变主意呀。
exclaim,ɪk'sklem,v. 呼喊，惊叫；大声叫嚷,‘No!’ she exclaimed in shock.,“不！”她惊呼道。
faculty,'fæklti,n. 科，系；能力；全体教员,Both faculty and students oppose the measures.,教师和学生都反对这些措施。
lure,lʊr,n. 诱惑；饵；诱惑物；v. 诱惑；引诱,The excitement of hunting big game in Africa has been a lure to Europeans for 200 years.,在非洲捕捉大型猎物所带来的刺激，200年来一直吸引着欧洲人。
forum,'fɔrəm,n. 论坛，讨论会；法庭；公开讨论的广场,Members of the council agreed that was an important forum for discussion.,理事会成员们一致认为那是一个用于讨论的重要论坛。
glitter,'ɡlɪtɚ,v. 闪光；闪烁；n. 闪光；灿烂,The river glittered in the sunlight.,阳光下河面波光粼粼。
qualification,",kwɑlɪfɪ'keʃən",n. 资格；条件；限制；赋予资格,He left school without any qualifications.,他离校时没有拿到任何文凭。
mercy,'mɝsi,n. 仁慈，宽容；怜悯；幸运；善行,He showed no mercy to his enemies.,他对敌人毫不仁慈。
dismiss,dɪs'mɪs,v. 解散；解雇；开除；让离开；不予理会、不予考虑,The government has dismissed criticisms that the country’s health policy is a mess.,有人认为国家医疗政策一塌糊涂，政府对这种批评持否认态度。
acquaint,ə'kwent,v. 使熟悉；使认识,I need to acquaint myself with the new regulations.,我得熟悉一下新的规章制度。
contend,kən'tɛnd,v. 竞争；奋斗；斗争；争论,"Inevitably, fights break out between the members of contending groups.",争权夺利的几个团体之间不可避免地发生了打斗。
tame,teɪm,adj. 驯服的；平淡的；乏味的；顺从的；v. 驯养；使变得平淡；制服；n. (Tame)人名；(捷)塔梅,Most of the criticism has been pretty tame.,评论的大部分内容很乏味。
phase,fez,n. 月相,We should phase the input and output of the machine.,我们应该使机器的输入功率和输出功率的相位同步。
exploit,ɪk'splɔɪt,v. 开发，开拓；剥削；开采；n. 勋绩；功绩,Homeworkers can easily be exploited by employers.,在家工作的人容易被雇主剥削。
tangible,'tændʒəbl,adj. 有形的；切实的；可触摸的；n. 有形资产,The silence of the countryside was almost tangible .,乡村的寂静几乎能感觉得到。
regulate,'rɛɡjulet,v. 调节，规定；控制；校准；有系统的管理,strict rules regulating the use of chemicals in food,限制化学品在食物中使用的严格规定
personality,",pɝsə'næləti",n. 个性；品格；名人,"Despite their different personalities, they became the best of friends.",尽管个性不同，他们还是成了最好的朋友。
metropolis,mə'trɑpəlɪs,n. 大都市；首府；重要中心,"The city has become a huge, bustling metropolis.",这座城市已变成繁忙的大都市。
extravagance,ɪk'strævəɡəns,n. 奢侈，浪费；过度；放肆的言行,"When the company went under, tales of his extravagance surged through the industry.",这家公司破产时，有关他的奢靡的传言传遍了整个业界。
eternal,ɪ'tɝnl,adj. 永恒的；不朽的,the Christian promise of eternal life,基督教承诺的永生
execute,'ɛksɪkjut,v. 实行；执行；处死,13 people were summarily executed (= killed without any trial or legal process ) by the guerrillas.,有13人被游击队员就地处决。
rigorous,'rɪɡərəs,adj. 严格的，严厉的；严密的；严酷的,a rigorous analysis of defence needs,对国防需求的缜密分析
fearful,'fɪrfəl,adj. 可怕的；担心的；严重的,a shy and fearful child,一个羞涩、胆怯的小孩
interior,ɪn'tɪrɪɚ,n. 内部；本质；adj. 内部的；国内的；本质的,The interior of the church was dark.,教堂里很暗。
concrete,'kɑŋkrit,adj. 混凝土的；实在的，具体的；有形的；v. 凝结；n. 具体物；凝结物,a concrete floor,混凝土地面
diploma,dɪ'plomə,n. 毕业证书，学位证书；公文，文书；奖状；vt. 发给…毕业文凭,I’m hoping to get my teaching diploma this year.,我希望今年能拿到教师证书。
pollute,pə'lut,v. 污染；玷污；败坏,beaches polluted by raw sewage,受未经处理的污水污染的海滩
cohesive,ko'hisɪv,adj. 凝聚的；有结合力的；紧密结合的；有粘着力的,a cohesive community,团结的社区
accomplish,ə'kɑmplɪʃ,v. 完成；实现；达到,We have accomplished all we set out to do.,所有计划要做的事情，我们都已完成。
characterise,'kærəktəraiz,v. 刻划……的性格；表示……的特性,,
aspect,'æspɛkt,n. 方面；方向；形势；外貌,a south-facing aspect,朝南方向
agony,'æɡəni,n. 苦恼；极大的痛苦；临死的挣扎,the agony of arthritis,关节炎的剧烈疼痛
swell,swɛl,v. 膨胀；肿胀；隆起；n. 肿胀；隆起；adj. 漂亮的；一流的,Her ankle was already starting to swell.,她的脚踝已经开始肿起来了。
desperately,'despərətli,adv. 拼命地；绝望地；极度地,The doctors tried desperately to save her life.,医生们不惜一切挽救她的生命。
contempt,kən'tɛmpt,n. 轻视，蔑视；耻辱,The public is treated with contempt by broadcasters.,公众受到了节目主持人的轻蔑对待。
injurious,ɪn'dʒʊrərɪəs,adj. 有害的；诽谤的,...substances that are injurious to health.,...有害健康的物质。
succession,sək'sɛʃən,n. 连续；继位；继承权；[生态] 演替,She won the championship four times in succession.,她连续四次夺得冠军。
enclose,ɪn'kloz,v. 围绕；装入；放入封套,Please enclose a cheque with your order.,请随订单附上支票。
highlight,'haɪlaɪt,v. 突出；强调；使显著；加亮；n. 最精彩的部分；最重要的事情；加亮区,Your résumé should highlight your skills and achievements.,你的简历应该突出自己的技能和成绩。
conflict,'kɑnflɪkt,n. 冲突，矛盾；斗争；争执；v. 冲突，抵触；争执；战斗,the threat of industrial conflict in the coalfields,煤田发生劳资纠纷的风险
gamble,'ɡæmbl,v. 赌博；孤注一掷；投机；打赌；n. 赌博；冒险；打赌,Their religion forbids them to drink or gamble.,他们的宗教禁止饮酒和赌博。
superior,səˈpɪriər,adj. 上级的；优秀的，出众的；高傲的；n. 上级，长官；优胜者，高手；长者,She had that superior tone of voice.,她带着那种傲慢的语气。
deceive,dɪ'siv,v. 欺骗；行骗,He had been deceived by a young man claiming to be the son of a millionaire.,他被一个自称是百万富翁之子的年轻人骗了。
accuracy,'ækjərəsi,n. [数] 精确度，准确性,He passes the ball with unerring accuracy.,他传球准确无误。
particle,'pɑrtɪkl,n. 颗粒；[物] 质点；极小量；小品词,dust particles,尘埃
inspire,ɪn'spaɪɚ,v. 激发；鼓舞；启示；产生；使生灵感,We need someone who can inspire the team.,我们需要一个能鼓舞团队士气的人。
repay,ri'pɛi,v. 偿还；报答；报复,I’d like to buy them something to repay all their kindness.,我想给他们买点东西来报答他们的好意。
racial,'reʃl,adj. 种族的；人种的,a victim of racial discrimination,种族歧视的受害者
radiant,'redɪənt,adj. 辐射的；容光焕发的；光芒四射的；n. 光点；发光的物体,She looked radiant in a white silk dress.,她身穿白色真丝礼服，看上去光彩照人。
overtime,",ovə'taɪm",n. [劳经] 加班时间；延长时间；加时赛；adj. 超时的；加班的；vt. 使超过时间；adv. 加班地,six hours’ overtime,六小时的加班
confer,kən'fɝ,v. 授予；给予；n. (Confer)人名；(英)康弗,The constitution also confers large powers on Brazil's 25 constituent states.,宪法还授予巴西25个成员州极大的权力。
fee,fi,n. 费用；酬金；小费；v. 付费给……,You can use the gym and pool for a fee of £35 a month.,月付35英镑，即可使用健身房和游泳池。
worship,'wɝʃɪp,n. 崇拜；礼拜；尊敬；v. 崇拜；尊敬；爱慕,...the worship of the ancient Roman gods.,…对古罗马众神的敬奉。
accommodation,"ə,kɑmə'deʃən",n. 住处，膳宿；调节；和解；预订铺位,The price for the holiday includes flights and accommodation.,度假的价格包括机票和住宿。
transparent,træns'pærənt,adj. 透明的；显然的；坦率的；易懂的,a transparent plastic container,透明的塑料容器
humid,'hjumɪd,adj. 潮湿的；湿润的；多湿气的,Tokyo is extremely humid in mid-summer.,仲夏的东京十分潮湿。
contaminate,kən'tæmɪnet,v. 污染，弄脏,Drinking water supplies are believed to have been contaminated.,据信饮用水已受到污染。
pray,pre,v. 祈祷；恳求；央求；n. (Pray)人名；(匈)普劳伊；(英)普雷,They went to the mosque to pray.,他们去清真寺祷告。
possess,pə'zɛs,v. 控制；使掌握；持有；迷住；拥有，具备,Different workers possess different skills.,不同的工人拥有不同技能。
predict,prɪ'dɪkt,v. 预报，预言；预知,Sales were five percent lower than predicted.,销售额比预期低5%。
composition,",kɑmpə'zɪʃən",n. 作文，作曲，作品；[材] 构成；合成物；成分,Some minerals have complex chemical compositions.,有些矿物的化学构成很复杂。
faithful,'feθfəl,adj. 忠实的，忠诚的；如实的；准确可靠的；n. (Faithful)人名；(英)费思富尔,a faithful friend,忠诚的朋友
cease,sis,v. 停止；终了；n. 停止,The things people will do for charity never cease to amaze me (= I am always surprised by them ) .,人们的慈善义举总是让我感到惊讶。
discard,dɪsˈkɑːrd,v. 抛弃；放弃；丢弃；n. 抛弃；被丢弃的东西或人,Read the manufacturer's guidelines before discarding the box.,先阅读制造商的说明书再把盒子丢掉。
refer,rɪ'fɝ,v. 参考；涉及；提到；查阅,"In his speech, he referred to a recent trip to Canada.",在他的讲话中，他提到了最近的加拿大之行。
original,ə'rɪdʒənl,n. 原件；原作；原物；原型；adj. 原始的；最初的；独创的；新颖的,The colours are much more striking in the original.,原作的色彩要鲜艳得多。
penalty,'pɛnəlti,n. 罚款，罚金；处罚,No littering. Penalty $500.,禁止乱扔垃圾。 违者罚款500美元。
dismay,dɪs'me,n. 沮丧，灰心；惊慌；v. 使沮丧；使惊慌,The thought of leaving filled him with dismay .,想到要离开，他心里充满了忧伤。
superb,/suːˈpɜːrb/,adj. 极好的；华丽的；宏伟的；n. (Superb)人名；(罗)苏佩尔布,The food was superb.,食物好吃极了。
comprehensive,ˌkɑːmprɪˈhensɪv,adj. 综合的；广泛的；有理解力的；n. 综合学校；专业综合测验,We offer our customers a comprehensive range of financial products.,我们为客户提供全面的金融产品。
approval,əˈpruvl,n. 批准；认可；赞成,The president has already given his approval to the plan.,总统已经批准了这个计划。
derive,dɪ'raɪv,v. 源于；得自；获得；n. (Derive)人名；(法)德里夫,Mr. Ying is one of those happy people who derive pleasure from helping others.,英先生是那种助人为乐的快活人。
register,'rɛdʒɪstɚ,v. 登记；注册；记录；挂号邮寄；把…挂号；正式提出；n. 登记；注册；记录；寄存器；登记簿,The tanker is registered in Rotterdam.,这艘油轮是在鹿特丹登记的。
sweep,swip,v. 扫除；猛拉；掸去；n. 打扫，扫除；范围；全胜,I swept the papers quickly into the drawer.,我迅速把那些文件扫进抽屉里。
abundant,ə'bʌndənt,adj. 丰富的；充裕的；盛产,an abundant supply of fresh water,充足的淡水供应
immortal,ɪ'mɔrtl,adj. 不朽的；神仙的；长生的；n. 神仙；不朽人物,Plato believed that the soul is immortal.,柏拉图认为灵魂不灭。
household,'haʊshold,adj. 家庭的；日常的；王室的；n. 全家人，一家人；(包括佣工在内的)家庭，户,household chores,家务杂活
blunder,'blʌndɚ,v. 跌跌撞撞地走；犯大错；n. 大错,They blundered badly when they gave him the job.,他们犯了大错，让他做这份工作。
tolerant,'tɑlərənt,adj. 宽容的；容忍的；有耐药力的,a tolerant society,宽容的社会
revolve,rɪ'vɔlv,v. 旋转；循环出现；反复考虑；n. 旋转；循环；旋转舞台,The wheel began to revolve.,轮子开始旋转。
forbid,fɚ'bɪd,v. 禁止；不准；不允许；〈正式〉严禁,Lack of space forbids listing the names of all those who contributed.,由于篇幅限制，无法列出所有捐款人的姓名。
nutrient,'nutrɪənt,n. 营养物；滋养物；adj. 营养的；滋养的,The plant absorbs nutrients from the soil.,植物从土壤中吸取养分。
suffering,'sʌfərɪŋ,n. 受难；苦楚；adj. 受苦的；患病的；v. 受苦；蒙受（suffer的ing形式）,the suffering of the refugees after the war,战后难民所遭受的苦难
density,'dɛnsəti,n. 密度,areas of high population density,人口密度高的地区
blank,blæŋk,adj. 空白的；空虚的；单调的；n. 空白；空虚；空白表格；v. 使…无效；使…模糊；封锁,Leave the last page blank .,最后一页留空。
notion,'noʃən,n. 概念；见解；打算,She had no notion what he meant.,她根本不明白他是什么意思。
dimension,dɪ'mɛnʃ(ə)n; daɪ-,n. 方面;[数] 维；尺寸；次元；容积 vt标出尺寸；adj. 规格的,You can have a spiritual dimension to your life without being religious.,即使你不信宗教，也可以在生命中拥有精神层面的内容。
veto,'vito,n. 否决权；v. 否决；禁止,The Senate had a sufficient majority to override the presidential veto (= not accept his refusal ).,参议院有足够的多数票可以推翻总统的否决。
specialist,'spɛʃəlɪst,n. 专家；专门医师；adj. 专家的；专业的,a heart specialist,心脏专科医生
emit,ɪ'mɪt,v. 发出，放射；发行；发表,The kettle emitted a shrill whistle.,水壶发出了刺耳的鸣笛声。
sacred,'sekrɪd,adj. 神的；神圣的；宗教的；庄严的,a sacred vow,神圣的誓言
smash,smæʃ,v. 粉碎；使破产；溃裂；n. 破碎；扣球；冲突；大败；adj. 了不起的；非常轰动的；出色的,Vandals had smashed all the windows.,破坏分子打碎了所有的窗子。
terror,'tɛrɚ,n. 恐怖；恐怖行动；恐怖时期；可怕的人,There was a look of sheer terror (= complete terror ) on his face.,他脸上的表情异常惊恐。
alternate,'ɔltɚnət,v. 交替；轮流；adj. 交替的；轮流的；n. 替换物,The two patterns alternate over periods of two to seven years in the tropical Pacific.,在热带的太平洋地区，这两种现象的交替周期超过了两到七年。
dominate,'dɑmɪnet,v. 控制；支配；占优势；在…中占主要地位,The industry is dominated by five multinational companies.,这个行业受五家跨国公司控制。
atom,'ætəm,n. 原子,carbon atoms,碳原子
humiliating,hju:'milieitiŋ,adj. 丢脸的；羞辱性的；v. 使蒙耻（humiliate的ing形式）,a humiliating defeat,丢脸的失败
target,'tɑrɡɪt,n. 目标；靶子；v. 把……作为目标；规定……的指标；瞄准某物,There is no target date for completion of the new project.,这个新的项目何时完工没有预定日期。
board,bɔrd,n. 董事会；木板；甲板；膳食；v. 上（飞机、车、船等）；用板盖上；给提供膳宿,Martha was chopping vegetables on a wooden board.,玛莎正在用一块木砧板切蔬菜。
active,'æktɪv,adj. 积极的；活跃的；主动的；有效的；现役的；n. 主动语态；积极分子,games for active youngsters,活跃好动的年轻人玩的游戏
destroy,dɪ'strɔɪ,v. 破坏；消灭；毁坏,companies that are polluting and destroying the environment,污染和破坏环境的公司
reclaim,rɪ'klem,v. 开拓；回收再利用；改造某人，使某人悔改；n. 改造，感化；再生胶,You may be entitled to reclaim some tax.,你也许可以享受一定额度的退税。
vague,veɡ,adj. 模糊的；含糊的；不明确的；暧昧的；n. (Vague)人名；(法)瓦格；(英)韦格,The governor gave only a vague outline of his tax plan.,州长只是含糊地大致说了一下他的税务计划。
analogy,ə'nælədʒi,n. 类比；类推；类似,The analogy between music and fragrance has stuck.,音乐与香味的类比已经深入人心了。
worthy,wɜði,adj. 值得的；有价值的；配得上的，相称的；可尊敬的；应…的；n. 杰出人物；知名人士,Leeds United were worthy winners of the competition.,利兹联队是比赛当之无愧的获胜者。
motivate,'motə'vet,v. 刺激；使有动机；激发…的积极性,Was he motivated solely by a desire for power?,他只是受到权欲的驱使吗？
circumstance,'sɝkəmstæns,n. 环境，情况；事件；境遇,The Soviet Union had been forced by circumstances to sign a pact with Nazi Germany.,苏联为形势所迫同纳粹德国签订了一项条约。
surgeon,'sɝdʒən,n. 外科医生,...a heart surgeon.,…一位心脏外科医生。
donate,'donet,v. 捐赠；捐献；n. 捐赠；捐献,people who volunteer to donate blood,自愿献血者
bond,bɑnd,n. 债券；结合；约定；粘合剂；纽带；v. 结合，团结在一起,My father put all his money into stock market bonds.,我父亲把他所有的钱都投在上市债券上。
ancient,ˈeɪnʃənt,adj. 古代的；古老的，过时的；年老的；n. 古代人；老人,the ancient civilizations of Asia,亚洲的古代文明
registration,'rɛdʒɪ'streʃən,n. 登记；注册；挂号,Student registration (= for a course of study ) starts the first week in September.,学生注册在9月份的第一个星期开始。
additional,ə'dɪʃənl,adj. 附加的，额外的,Additional information can be obtained from the centre.,可以从中心获取更多信息。
scan,skæn,v. 扫描；浏览；细看；详细调查；标出格律；n. 扫描；浏览；审视；细看,"He scanned the horizon, but there was no sign of the ship.",他朝地平线处仔细眺望，但是找不到那艘船的踪影。
fundamental,",fʌndə'mɛntl",adj. 基本的，根本的；n. 基本原理；基本原则,We have to tackle the fundamental cause of the problem.,我们必须解决问题的根本原因。
headquarters,'hɛdkwɔrtɚz,n. 总部；指挥部；司令部,the headquarters of the United Nations,联合国总部
imperative,ɪm'pɛrətɪv,adj. 必要的，不可避免的；紧急的；命令的，专横的；势在必行的；[语]祈使的；n. 必要的事；命令；需要；规则；[语]祈使语气,It is imperative that politicians should be good communicators.,政治家应该是很好的沟通者，这很重要。
deposit,dɪ'pɑzɪt,n. 存款；押金；订金；保证金；沉淀物；v. 使沉积；存放,fatty deposits on the heart,心脏上沉积的脂肪层
bubble,'bʌbl,n. 气泡，泡沫，泡状物；透明圆形罩，圆形顶；v. 沸腾，冒泡；发出气泡声,"When water boils, bubbles rise to the surface.",水烧开时，水面会冒泡泡。
sting,stɪŋ,n. 刺痛；讽刺，刺激；刺毛；v. 刺；驱使；使…苦恼；使…疼痛,She felt the sting of tears in her eyes.,她感觉泪水刺痛了眼睛。
conference,'kɑnfərəns,n. 会议；讨论；协商；联盟；（正式）讨论会；[工会、工党用语]（每年的）大会；vi. 举行或参加（系列）会议,Representatives from over 100 countries attended the International Peace Conference in Geneva.,来自一百多个国家的代表出席了在日内瓦举行的国际和平大会。
impact,ɪm'pækt,n. 影响；效果；碰撞；冲击力；v. 挤入，压紧；撞击；对…产生影响,The force of the impact knocked the breath out of her.,撞击力使她喘不过气来。
precise,prɪ'saɪs,adj. 精确的；明确的；严格的,precise sales figures,准确的销售数据
client,'klaɪənt,n. [经] 客户；顾客；委托人,a meeting with an important client,与一位重要客户的会面
threat,θrɛt,n. 威胁，恐吓；凶兆,Your threats don’t scare me.,你的那些威胁吓不倒我。
desert,(for v.) dɪˈzɝ​t; (for n.) 'dɛzɚt,v. 遗弃；放弃；逃跑；n. 沙漠；荒原；应得的赏罚；adj. 沙漠的；荒凉的；不毛的,Helen was deserted by her husband.,海伦被丈夫遗弃了。
rate,ret,n. 比率，率；速度；价格；等级；v. 认为；估价；责骂,Immediately his heart rate (= the number of beats per minute ) increased.,他的心率立即加快了。
bulletin,'bʊlətɪn,n. 公告，公报；v. 公布，公告,At 3:30 p.m. a bulletin was released announcing that the president was out of immediate danger.,下午3:30发布了公告，宣布总统暂时脱离了危险。
rational,'ræʃnəl,adj. 合理的；理性的；n. 有理数,Parents need to be fully informed so they can make a rational decision.,父母需要充分了解情况，这样才可以作出合理的决定。
sanction,'sæŋkʃən,n. 制裁，处罚；认可；支持；v. 制裁，处罚；批准；鼓励,a resolution to impose sanctions (= start using sanctions ) on DPRK,对朝鲜实施制裁的决议
alternative,ɔl'tɝnətɪv,adj. 供选择的；选择性的；交替的；n. 二中择一；供替代的选择,...alternative health care.,…替代性保健。
avenue,'ævənu,n. 大街；林荫大道；[比喻](达到某物的)途径，手段，方法，渠道,Fifth Avenue,第五大街
elementary,",ɛlɪ'mɛntri",adj. 基本的；初级的；[化学] 元素的,the elementary principles of justice and democracy,正义和民主的基本信条
excursion,ɪk'skɝʒn,n. 偏移；远足；短程旅行；离题；游览，游览团,a shopping excursion,购物游
elapse,ɪ'læps,v. 消逝；时间过去；n. 流逝；时间的过去,Several months elapsed before his case was brought to trial.,过了几个月他的案子才开审。
offend,ə'fɛnd,v. 冒犯；使…不愉快,His remarks deeply offended many Scottish people.,他的话严重冒犯了许多苏格兰人。
budget,'bʌdʒɪt,n. 预算，预算费；v. 安排，预定；把…编入预算；adj. 廉价的,We had a really tight budget .,我们的预算很紧。
formidable,'fɔrmɪdəbl,adj. 强大的；可怕的；令人敬畏的；艰难的,"The building is grey, formidable, not at all picturesque.",那幢建筑呈灰色，气势凛然，与漂亮沾不上边。
considerable,kən'sɪdərəbl,adj. 相当大的；重要的，值得考虑的,Michael has already spent considerable time in Barcelona.,迈克尔在巴塞罗那已经待了相当长的时间了。
burden,'bɝdn,n. 负担；责任；船的载货量；v. 使负担；烦扰；装货于,His family responsibilities had started to become a burden.,家庭责任已开始成为他的负担。
harmful,'hɑrmfəl,adj. 有害的；能造成损害的,the harmful effects of smoking,吸烟的害处
confidential,",kɑnfɪ'dɛnʃl",adj. 机密的；表示信任的；获信任的,a confidential government report,一份机密的政府报告
illustrate,'ɪləstret,v. 阐明，举例说明；图解,Let me give an example to illustrate the point.,让我举个例子来说明这一点。
encourage,ɪn'kɝrɪdʒ,v. 鼓励，怂恿；激励；支持,I want to thank everyone who has encouraged and supported me.,我要感谢每一位鼓励和支持过我的人。
margin,'mɑrdʒən,n. 边缘；利润，余裕；页边的空白；vt. 加边于；加旁注于,Someone had scribbled a note in the margin .,有人在页边写了条批注。
conscience,ˈkɑːnʃəns,n. 道德心，良心,"Well, at least I can face them all with a clear conscience (= the knowledge that you have done nothing wrong ) .",好吧，至少我可以问心无愧地面对他们所有人。
upset,ʌp'sɛt,v. 使心烦；颠覆；扰乱；adj. 心烦的；混乱的；弄翻的；n. 混乱；翻倒；颠覆,Don’t do anything that would upset him.,别做惹他生气的事情。
spot,spɑt,n. 地点；斑点；v. 认出；弄脏；用灯光照射；adj. 现场的；现货买卖的；adv. 准确地；恰好,a nice quiet spot on the beach,海滩上一个安静的好地方
swallow,'swɑlo,v. 忍受；吞没；n. 燕子；一次吞咽的量,You are asked to swallow a capsule containing vitamin B.,你被要求吞下一颗含维生素B的胶囊。
specimen,'spɛsəmən,n. 样品，样本；标本,a blood specimen,血样
confident,'kɑnfɪdənt,adj. 自信的；确信的,"Despite her disability, Philippa is very confident.",菲莉帕虽然有残疾，却很自信。
mode,mod,n. 模式；方式；风格；时尚,Set the monitor to 256 colour mode.,把显示器调成256色彩模式。
advent,,n. 到来；出现；基督降临；基督降临节,the advent of the computer,计算机的问世
provoke,prə'vok,v. 驱使；激怒；煽动；惹起,The novel has provoked fierce debate in the US.,那部小说在美国引发了激烈的争论。
compensate,'kɑmpɛnset,v. 补偿，赔偿；抵消,"Because my left eye is so weak, my right eye has to work harder to compensate.",因为我左眼视力差，右眼就要辛苦点来弥补一下。
compassion,kəm'pæʃən,n. 同情；怜悯,I was shocked by the doctor’s lack of compassion .,我对这个医生如此缺乏同情心感到震惊。
allowance,ə'laʊəns,n. 津贴，零用钱；允许；限额；v. 定量供应,Sales staff get a generous mileage allowance or a company car.,销售人员有优厚的里程补贴或者公司提供的专用汽车。
folk,fok,n. 民族；人们；亲属（复数）；adj. 民间的,I’m sure there are some folk who would rather they weren’t here.,我敢肯定有些人宁愿自己不在这里。
customer,'kʌstəmɚ,n. 顾客；家伙,We aim to offer good value and service to all our customers.,我们力求为所有的客户提供物有所值的商品和服务。
welfare,'wɛl'fɛr,n. 福利；幸福；福利事业；安宁；adj. 福利的；接受社会救济的,Our only concern is the children’s welfare.,我们唯一关心的是孩子们的幸福。
dizzy,'dɪzi,adj. 晕眩的；使人头晕的；昏乱的；心不在焉的；愚蠢的；v. 使头晕眼花；使混乱；使茫然；n. (Dizzy)人名；(英)迪齐,The heat and the champagne made him feel dizzy .,高温和香槟酒使他感到眩晕。
plausible,'plɔzəbl,adj. 貌似可信的，花言巧语的；貌似真实的，貌似有理的,His story certainly sounds plausible.,他的叙述听上去当然很合理。
sovereign,sɑvrɪn,adj. 至高无上的；有主权的；拥有最高统治权的；不折不扣的；极好的；n. 君主；独立国；最高统治者,Lithuania and Armenia signed a treaty in Vilnius recognizing each other as independent sovereign states.,立陶宛和亚美尼亚在维尔纽斯签订了一份互相承认各自为独立主权国家的协定。
error,'ɛrɚ,n. 误差；错误；过失,an error message,出错信息
assimilate,ə'sɪməlet,v. 吸收；使同化；把…比作；使相似,It will take time to assimilate all these facts.,充分掌握所有这些情况需要时间。
visible,'vɪzəbl,adj. 明显的；看得见的；现有的；可得到的；n. 可见物；进出口贸易中的有形项目,The comet is visible to the naked eye (= can be seen without using special equipment ).,这颗彗星肉眼看得见。
communicate,kə'mjunɪket,v. 通讯，传达；相通；交流；感染,We communicated mostly by e-mail.,我们主要是用电子邮件沟通。
graduate,ˈɡrædʒuˌet,v. 授予…学位；分等级；标上刻度；n. 研究生；毕业生；adj. 毕业的；研究生的,As an actress she has graduated from small roles to more substantial parts.,作为演员，她从配角演起，慢慢地开始出演比较重要的角色。
resource,'risɔrs,n. 资源，财力；办法；智谋,Canada’s vast mineral resources,加拿大丰富的矿产资源
awe,ɔ,v. 使敬畏；使畏怯；n. 敬畏,The girls were awed by the splendour of the cathedral.,女孩们对大教堂的宏伟气势大为惊叹。
esteem,ɪ'stim,v. 尊敬；认为；考虑；估价；n. 尊重；尊敬,Peden was greatly esteemed by the people of Ayrshire.,佩登深受艾尔郡人的尊敬。
bonus,'bonəs,n. 奖金；红利；额外津贴,Long-term savers qualify for a cash bonus.,长期储户可获现金红利。
plentiful,'plɛntɪfəl,adj. 丰富的；许多的；丰饶的；众多的,a plentiful supply of food,食物的大量供应
negative,'nɛɡətɪv,adj. [数] 负的；消极的；否定的；阴性的；n. 否定；负数；[摄] 底片；v. 否定；拒绝,students with a negative attitude to school,对上学抱消极态度的学生
intact,ɪn'tækt,adj. 完整的；原封不动的；未受损伤的,Only the medieval tower had remained intact.,只有这座中世纪塔楼保存完好。
insulate,ˈɪnsəˌleɪt ; ˈɪnsjʊˌleɪt,v. 隔离，使孤立；使绝缘，使隔热,an insulated attic,隔热[隔音]的阁楼
hesitate,'hɛzɪtet,v. 踌躇，犹豫；不愿,Some parents hesitate to take these steps because they suspect that their child is exaggerating.,一些家长迟迟不肯采取这些措施，因为他们怀疑自己的孩子在夸大其词。
affluent,'æfluənt,adj. 富裕的；丰富的；流畅的；n. 支流；富人,affluent families,富裕的家庭
absurd,"əbˈsɚd, -ˈzɚd",adj. 荒谬的；可笑的；n. 荒诞；荒诞作品,It seems an absurd idea.,这似乎是个荒唐的想法。
prospect,'prɑspɛkt,n. 前途；预期；景色；v. 勘探，找矿,"I had no job, no education, and no prospects .",我没有工作，没受过什么教育，前途渺茫。
code,kod,n. 代码，密码；编码；法典；v. 编码；制成法典,,
prime,praɪm,adj. 主要的；最好的；基本的；adv. 极好地；n. 初期；青年；精华；全盛时期；v. 使准备好；填装,Smoking is the prime cause of lung disease.,抽烟是引发肺部疾病的首要原因。
positive,'pɑzətɪv,adj. 积极的；[数] 正的，[医][化学] 阳性的；确定的，肯定的；实际的，真实的；绝对的；n. 正数；[摄] 正片,At least something positive has come out of the situation.,至少这个情况也产生了一些积极的东西。
expense,ɪk'spɛns,n. 损失，代价；消费；开支；vt. 向…收取费用；vi. 被花掉,He's bought a big TV at vast expense so that everyone can see properly.,他花了很多钱买了台大电视，这样人人都可以看清楚了。
perplex,pɚ'plɛks,v. 使困惑，使为难；使复杂化,Shea’s symptoms perplexed the doctors.,谢伊的症状令医生们困惑。
estate,ɪ'stet,n. 房地产；财产；身份,"His estate was valued at $150,000.",他的遗产价值为15万美元。
invade,ɪn'ved,v. 侵略；侵袭；侵扰；涌入,"The Romans invaded Britain 2,000 years ago.","2,000年前古罗马人入侵了英国。"
claim,klem,v. 提出要求；n. 要求；声称；索赔；断言；值得,There is already a long list of people claiming her attention.,已经有太多人需要她的关注了。
extract,'ɛkstrækt,v. 提取；取出；摘录；榨取；n. 汁；摘录；榨出物；选粹,You’ll have to have that tooth extracted.,你得把那颗牙拔掉。
erroneous,ɪ'ronɪəs,adj. 错误的；不正确的,His economic predictions are based on some erroneous assumptions.,他的经济预测是基于错误假设之上的。
hasty,'hesti,adj. 轻率的；匆忙的；草率的；懈怠的；n. (Hasty)人名；(英)黑斯蒂,He soon regretted his hasty decision.,他很快就对自己仓促作出的决定感到后悔了。
capacity,kə'pæsəti,n. 能力；容量；资格，地位；生产力,The room had seating capacity for about 80.,这房间能坐80个人左右。
absorb,æbˈsɔrb; æbˈzɔrb; əbˈsɔrb,v. 吸收；吸引；承受；理解；使…全神贯注,Plants absorb nutrients from the soil.,植物从土壤中吸收养分。
amateur,ˈæmətər,n. 爱好者；业余爱好者；外行；adj. 业余的；外行的,a gifted amateur,有天赋的业余爱好者
deny,dɪ'nai,v. 否定，否认；拒绝给予；拒绝…的要求,The government denied the existence of poverty among 16- and 17-year-olds.,政府否认十六七岁的青少年当中存在贫困问题。
preserve,prɪ'zɝv,v. 保存；保护；维持；腌；禁猎；n. 保护区；禁猎地；加工成的食品,We must encourage the planting of new trees and preserve our existing woodlands.,我们必须鼓励栽种新树木，同时也要保护现有的林地。
miniature,ˈmɪniətʃɚ; ˈmɪnɪtʃɚ,adj. 微型的，小规模的；n. 缩图；微型画；微型图画绘画术；vt. 是…的缩影,miniature roses,微型玫瑰
majority,mə'dʒɔrəti,n. 多数；成年,The Labour Party won a huge majority at the last general election.,工党在上次大选中以巨大的票数优势获胜。
arise,ə'raɪz,v. 出现；上升；起立；n. (Arise)人名；(西)阿里塞；(日)在濑(姓),A crisis has arisen in the Foreign Office.,外交部出现了危机。
dusk,dʌsk,n. 黄昏，薄暮；幽暗，昏暗；adj. 微暗的；v. 使变微暗,The street lights go on at dusk.,街灯在黄昏时亮起来。
executive,ɪɡ'zɛkjətɪv,adj. 行政的；经营的；执行的，经营管理的；n. 总经理；执行委员会；执行者；经理主管人员,a commission with executive powers,有执行权的委员会
intentional,ɪn'tɛnʃənl,adj. 故意的；蓄意的；策划的,"I did trip him, but it wasn’t intentional.",我的确把他绊倒了，但不是故意的。
coherent,ko'hɪrənt,adj. 连贯的，一致的；明了的；清晰的；凝聚性的；互相耦合的；粘在一起的,The three years of the course are planned as a coherent whole.,这三年的课程是作为连贯的整体来安排的。
tag,tæɡ,n. 标签；名称；结束语；附属物；v. 尾随，紧随；连接；起浑名；添饰,His speed earned him the tag of ‘the runner’.,他的速度使他赢得了“飞人”的称号。
amiable,'emɪəbl,adj. 和蔼可亲的，亲切的；n. (Amiable)人名；(法)阿米亚布勒；(英)阿米娅布尔,The driver was an amiable young man.,司机是位友善的年轻人。
manage,'mænɪdʒ,v. 管理；经营；控制；设法,He was asked to manage a new department.,他被要求去管理一个新的部门。
furthermore,",fɝðɚ'mɔr",adv. 此外；而且,"He is old and unpopular. Furthermore, he has at best only two years of political life ahead of him.",他年纪已老，又不得人心，而且他最多也只有两年的政治生命了。
recruit,rɪ'krut,n. 招聘；新兵；新成员；v. 补充；聘用；征募；使…恢复健康,New recruits are sent to the Atlanta office for training.,新成员被送到亚特兰大办事处接受培训。
affirm,ə'fɝm,v. 肯定；断言,The general affirmed rumors of an attack.,将军证实了袭击的传闻。
innovate,'ɪnəvet,v. 创新；改革；革新,the need for large businesses to innovate,大公司革新的需要
shrewd,ʃrud,adj. 精明的；狡猾的；机灵的；n. 精明（的人）；机灵（的人）,Malcolm is a shrewd businessman.,马尔科姆是个精明的商人。
triumph,'traɪʌmf,n. 胜利，凯旋；欢欣；v. 获得胜利，成功,Winning the championship is a great personal triumph .,赢得冠军是伟大的个人成就。
serial,'sɪrɪəl,adj. 连续的；连载的；分期偿还的；n. 电视连续剧；[图情] 期刊；连载小说,Keep the questions in the same serial order .,让这些问题保持原来的顺序。
stun,stʌn,v. 使震惊；打昏；给以深刻的印象；n. 昏迷；打昏；惊倒；令人惊叹的事物,Redfern stunned the crowd with a last-minute goal.,雷德芬在最后一分钟进球，使观众很是震惊。
adhere,əd'hɪr,v. 坚持；依附；粘着；追随,,
creation,krɪ'eʃən,n. 创造，创作；创作物，产物,a job creation scheme,创造就业机会的计划
ally,'ælaɪ,n. 同盟国；伙伴；同盟者；助手；v. 使联盟；使联合,a meeting of the European allies,欧洲盟国会议
abound,ə'baʊnd,v. 富于；充满,Stories abound about when he was in charge.,他负责时传闻很多。
annoy,ə'nɔɪ,v. 骚扰；惹恼；打搅；n. 烦恼（等于annoyance）,He is not doing this to annoy you.,他做这件事并非是要惹你烦恼。
odd,ɑd,adj. 奇数的；古怪的；剩余的；临时的；零散的；n. 奇数；怪人；奇特的事物,It was an odd thing to say.,这话说得很奇怪。
furnish,'fɝnɪʃ,v. 提供；供应；装备,Will these finds furnish more information on prehistoric man?,这些发现是否能提供更多有关史前人类的资料？
hinder,'hɪndɚ,v. 成为阻碍；adj. 后面的；n. (Hinder)人名；(芬)欣德,His career has been hindered by injury.,由于受伤，他的事业受到了阻碍。
arrest,ə'rɛst,v. 逮捕；阻止；吸引；n. 逮捕；监禁,He was arrested and charged with murder.,他遭到逮捕并被指控谋杀。
grant,ɡrænt,v. 授予；允许；承认；n. 拨款；[法] 授予物,"He’s got talent, I grant you , but he doesn’t work hard enough.",他有天赋，这不假，但是他不够努力。
humble,'hʌmbl,adj. 谦逊的；简陋的；（级别或地位）低下的；不大的；v. 使谦恭；轻松打败（尤指强大的对手）；低声下气,a modest and humble man,一个谦卑的男人
rely,rɪ'laɪ,v. 依靠；信赖,They relied heavily on the advice of their professional advisers.,他们非常依赖专业顾问的建议。
proficient,prə'fɪʃnt,adj. 熟练的，精通的；n. 精通；专家，能手,a proficient typist,熟练的打字员
authority,ə'θɔrəti,n. 权威；权力；当局,an agreement between the US and Colombian authorities,美国和哥伦比亚当局的一份协议
plea,pli,n. 恳求，请求；辩解，辩护；借口，托辞,Caldwell made a plea for donations.,考德威尔恳求捐款。
holy,'holi,adj. 圣洁的，神圣的；至善的；n. 神圣的东西,the holy city of Varanasi,圣城瓦拉纳西
regime,re'ʒim,n. 政权，政体；社会制度；管理体制,The regime got rid of most of its opponents.,该政权清除了大多数反对者。
manual,'mænjuəl,adj. 手工的；体力的；n. 手册，指南,People in manual occupations have a lower life expectancy.,干体力活的人预期寿命较短。
vote,vot; voʊt,n. 投票，选举；选票；得票数；v. 提议，使投票；投票决定；公认,A vote for us is not a wasted vote.,投我们的票是不会白投的。
simultaneously,saɪməl'tenɪəsli,adv. 同时地,The image below is an example of showing an image and some text simultaneously.,下面的图像是同时显示图像和一些文本的示例。
excess,'ɛk'sɛs,n. 超过，超额；过度，过量；无节制；adj. 额外的，过量的；附加的,"After you apply the oil, wait 20 minutes before wiping off any excess.",涂上油以后，等20分钟再擦掉多余部分。
reliance,rɪ'laɪəns,n. 信赖；信心；受信赖的人或物,the country’s heavy reliance on trade,该国对贸易的严重依赖
tuition,tʊ'ɪʃən,n. 学费；讲授,I had to have extra tuition in maths.,我不得不上数学补习课。
tackle,'tækl,n. 滑车；装备；用具；扭倒；v. 处理；抓住；固定；与…交涉,...fishing tackle.,…渔具。
creature,'kritʃɚ,n. 动物，生物；人；创造物,all the living creatures in the sea,海洋中所有的生物
publish,'pʌblɪʃ,v. 出版；发表；公布,The first edition was published in 1765.,第一版于1765年出版。
literacy,'lɪtərəsi,n. 读写能力；精通文学,a new adult literacy campaign,新一轮成人识字[扫盲]运动
host,host,n. [计] 主机；主人；主持人；许多；v. 主持；当主人招待,Our host greeted us at the door.,主人在门口迎接我们。
overthrow,",ovɚ'θro",n. 推翻；倾覆；瓦解；v. 推翻；打倒；倾覆,They were charged with plotting the overthrow of the state.,他们被控密谋颠覆国家。
invest,ɪn'vɛst,v. 投资；覆盖；耗费；授予；包围,I’ve got a few thousand dollars I’m looking to invest.,我有几千美元想作投资。
combat,'kɑmbæt,v. 反对；与…战斗；n. 战斗；争论；adj. 战斗的；为…斗争的,We flew over 200 combat missions in the war.,我们在战争中执行过两百多次战斗飞行任务。
stir,stɝ,n. 搅拌；轰动；v. 搅拌；激起；惹起,"Give that pan a stir , will you?",把那锅东西搅一搅，好吗？
chaos,'keɑs,n. 混沌，混乱,The country was plunged into economic chaos.,这个国家陷入了经济大混乱。
mute,mjut,adj. 哑的；沉默的；无声的；v. 减弱……的声音；使……柔和；n. 哑巴；弱音器；闭锁音,"Billy continued to stand there, mute and defiant.",比利还是站在那儿一声不吭，一副不服气的样子。
appropriate,əˈpropriɪt,adj. 适当的；恰当的；合适的；v. 占用，拨出,The timing of the announcement was particularly appropriate .,通告发布的时机很合适。
justice,'dʒʌstɪs,n. 司法，法律制裁；正义；法官，审判员,a book on the criminal justice system,一本有关刑事审判制度的书
veil,vel,n. 面纱；面罩；遮蔽物；托词；v. 遮蔽；掩饰；以面纱遮掩；用帷幕分隔,She lifted her veil with both hands.,她用双手揭开面纱。
champion,'tʃæmpɪən,n. 冠军；拥护者；战士；v. 支持；拥护；adj. 优胜的；第一流的,the world heavyweight boxing champion,世界重量级拳击冠军
solid,'sɑlɪd,adj. 固体的；可靠的；立体的；结实的；一致的；n. 固体；立方体,The lake was frozen solid .,湖水冻得结结实实。
refine,rɪ'faɪn,v. 精炼，提纯；改善；使…文雅,Car makers are constantly refining their designs.,汽车制造商在不断完善他们的设计。
social,'soʃl,adj. 社会的，社交的；群居的；n. 联谊会；联欢会,"social issues, such as unemployment and education",失业和教育之类的社会问题
genius,'dʒinjəs,n. 天才，天赋；精神,The film reveals Fellini’s genius.,这部影片展现了费里尼的天赋。
suburb,'sʌbɝb,n. 郊区；边缘,a London suburb,一个伦敦郊区
fabricate,'fæbrɪket,v. 制造；伪造；装配,The police were accused of fabricating evidence.,警方被控捏造证据。
fluent,'fluənt,adj. 流畅的，流利的；液态的；畅流的,He spoke in fluent Italian.,他用流利的意大利语讲话。
shortage,'ʃɔrtɪdʒ,n. 缺乏，缺少；不足,There is no heating available due to fuel shortages.,因为燃料短缺，所以没有供暖。
enlighten,ɪn'laɪtn,v. 启发，启蒙；教导，开导；照耀,A few dedicated doctors have fought for years to enlighten the profession.,少数富有献身精神的医生为启蒙这一行业而奋斗多年。
existence,ɪɡ'zɪstəns,n. 存在，实在；生存，生活；存在物，实在物,Scientists have many theories about how the universe first came into existence (= started to exist ).,关于宇宙的起源，科学家有多种理论。
observe,əb'zɝv,v. 庆祝,...where he will observe Thanksgiving with family members.,…在那里他将与家人一起庆祝感恩节。
abolish,ə'bɑlɪʃ,v. 废除，废止；取消，革除,Slavery was abolished in the US in the 19th century.,美国于19世纪废除了奴隶制。
partial,'pɑrʃəl,adj. 局部的；偏爱的；不公平的,The exhibition was only a partial success.,那次展会只获得部分成功。
distinct,dɪ'stɪŋkt,adj. 明显的；独特的；清楚的；有区别的,The outline of the ship became more distinct.,船的轮廓变得更加清晰了。
feeble,'fibl,adj. 微弱的，无力的；虚弱的；薄弱的,His voice sounded feeble and far away.,他的声音听上去既无力又遥远。
component,kəm'ponənt,adj. 组成的，构成的；n. 成分；组件；[电子] 元件,Gorbachev failed to keep the component parts of the Soviet Union together.,戈尔巴乔夫没能使苏联各组成部分保持在一起。
sympathetic,",sɪmpə'θɛtɪk",adj. 同情的；交感神经的；共鸣的；赞同的；和谐的；合意的；n. 交感神经；容易感受的人,a sympathetic friend,一个有同情心的朋友
critical,'krɪtɪkl,adj. 鉴定的；[核] 临界的；批评的，爱挑剔的；危险的；决定性的；评论的,He made some highly critical remarks.,他发表了一些严厉的批判性言论。
interact,",ɪntɚ'ækt",v. 互相影响；互相作用；n. 幕间剧；幕间休息,"While the other children interacted and played together, Ted ignored them.",当其他孩子们相互交往、一起玩耍时，泰德却不理他们。
inventor,ɪn'vɛntɚ,n. 发明家；[专利] 发明人；创造者,"...Alexander Graham Bell, the inventor of the telephone.",…亚历山大·格雷厄姆·贝尔，电话的发明者。
administer,əd'mɪnɪstɚ,v. 管理；执行；给予,The money will be administered by local charities.,这笔资金将由当地慈善机构管理。
speculate,'spɛkjə'let,v. 推测；投机；思索,She refused to speculate.,她拒绝猜测。
gloom,ɡlum,n. 昏暗；阴暗,He peered into the gathering (= increasing ) gloom.,他在渐深的暮色中眺望远方。
entertain,",ɛntɚ'ten",v. 娱乐；招待；怀抱；容纳,Mark usually does the cooking when we entertain.,我们招待客人时通常都是马克下厨。
passion,'pæʃən,n. 激情；热情；酷爱；盛怒,The issue arouses strong passions .,那件事激起了人们强烈的情绪。
skim,skɪm,v. 略读；撇去…的浮物；从…表面飞掠而过；去除；（为逃税而）隐瞒（部分收入）；n. 撇；撇去的东西；表层物；瞒报所得的收入；adj. 脱脂的；撇去浮沫的；表层的,Julie skimmed the sports page.,朱莉浏览了体育版。
confine,kən'faɪn,n. 界限，边界;约束；限制；v. 限制；禁闭,Vaughan is confined to a wheelchair .,沃恩离不开轮椅。
contemplate,'kɑntəmplet,v. 沉思；注视；思忖；预期,He contemplated her with a faint smile.,他微微含笑注视着她。
successor,sək'sɛsɚ,n. 继承者；后续的事物,He set out several principles that he hopes will guide his successors.,"他制定出了几条原则,希望能指导其继任者。"
reserve,rɪ'zɝv,n. 储备，储存；自然保护区；预备队；缄默；[金融] 储备金；v. 储备；保留；预约,$10 million in cash reserves,"1,000万美元的现金储备"
organise,"'ɔrgə,naɪz",v. 组织起来；组织工会,,
equality,ɪ'kwɑləti,n. 平等；相等；[数] 等式,...equality of the sexes.,…性别平等。
flame,flem,n. 火焰；热情；光辉；v. 焚烧；泛红,Flames poured out of the windows of the building.,火焰从大楼窗口冒出来。
ultimate,'ʌltəmət,adj. 最终的；极限的；根本的；n. 终极；根本；基本原则,The ultimate outcome of the experiment cannot be predicted.,试验的最后结果无法预测。
artificial,",ɑrtɪ'fɪʃl",adj. 人造的；仿造的；虚伪的；非原产地的；武断的,artificial flowers,假花
summon,'sʌmən,v. 召唤；召集；鼓起；振作,Robert summoned the waiter for the bill.,罗伯特召唤服务员结账。
reciprocal,rɪ'sɪprəkl,adj. 互惠的；相互的；倒数的，彼此相反的；n. [数] 倒数；互相起作用的事物,He spoke of the necessity for a reciprocal relationship that would be useful for all sides.,他谈及需要建立对各方都有益的互惠关系。
disrupt,dɪs'rʌpt,v. 破坏；使瓦解；使分裂；使中断；使陷于混乱；adj. 分裂的，中断的；分散的,Traffic was disrupted by a hoax bomb.,有人虚报有炸弹，造成了交通混乱。
ingenious,ɪn'dʒinɪəs,adj. 有独创性的；机灵的，精制的；心灵手巧的,Many fish have ingenious ways of protecting their eggs from predators.,很多鱼都有绝妙的方法来保护它们产的卵不被捕食者吃掉。
versatile,'vɝsətl,adj. 多才多艺的；通用的，万能的；多面手的,a very versatile performer,多才多艺的表演者
physical,'fɪzɪkl,adj. [物] 物理的；身体的；物质的；根据自然规律的，符合自然法则的；n. 体格检查,She was in constant physical pain.,她一直感到身上疼痛。
refresh,ri'frɛʃ,v. 更新；使……恢复；使……清新；消除……的疲劳,A shower will refresh you.,洗个淋浴你就凉快了。
sympathy,'sɪmpəθi,n. 同情；慰问；赞同,Our sympathies are with the families of the victims.,我们向受害者家庭表示慰问。
revive,rɪ'vaɪv,v. 复兴；复活；苏醒；恢复精神,Local people have decided to revive this centuries-old tradition.,当地人决定复兴这一延续了数个世纪的传统。
feasible,'fizəbl,adj. 可行的；可能的；可实行的,a feasible solution,可行的解决方法
evaporate,ɪ'væpəret,v. 使……蒸发；使……脱水；使……消失,Most of the water had evaporated.,大部分的水都蒸发了。
revenue,'rɛvənu,n. 税收，国家的收入；收益,advertising revenue,广告收入
betray,bɪ'tre,v. 背叛；出卖；泄露（秘密）；露出…迹象,He felt that she had betrayed him.,他感觉她背叛了自己。
fruitful,'frutfl,adj. 富有成效的；多产的；果实结得多的,Today’s meeting proved more fruitful than last week’s.,事实证明今天的会议比上星期的更有成效。
expedition,",ɛkspə'dɪʃən",n. 远征；探险队；迅速,an expedition to the North Pole,北极探险
respective,rɪ'spɛktɪv,adj. 分别的，各自的,We all went back to our respective homes to wait for news.,我们都各自回家等待消息。
germ,dʒɝm,n. [植] 胚芽，萌芽；细菌；vi. 萌芽,Put disinfectant down the toilet to kill any germs.,在抽水马桶里投放消毒剂杀菌。
signify,'sɪɡnɪfaɪ,v. 表示；意味；预示,Some tribes use special facial markings to signify status.,有些部落使用特殊的面部标记来表示地位。
constant,'kɑnstənt,adj. 不变的；恒定的；经常的；n. [数] 常数；恒量,There was a constant stream of visitors to the house.,参观这幢房子的游客川流不息。
illuminate,ɪ'lumɪnet,v. 阐明，说明；照亮；使灿烂；用灯装饰,A single candle illuminated his face.,一支蜡烛照亮了他的脸。
peek,pik,n. 偷看；一瞥，看一眼；v. 窥视，偷看,Companies have been paying outrageous fees for a peek at the technical data.,各公司一直在为该技术资料的一窥支付惊人的费用。
postpone,po'spon,v. 使…延期；把…放在次要地位；把…放在后面,The match had to be postponed until next week.,比赛不得不推迟到下周举行。
scrutiny,'skrutəni,n. 详细审查；监视；细看；选票复查,Their activities have come under police scrutiny .,他们的活动受到警方的严密监视。
census,'sɛnsəs,v. 实施统计调查；n. 人口普查，人口调查,"He and Mary journeyed to Bethlehem to be counted in the Roman census, and while they were there the child was born.",他和玛利亚一起去到伯利恒，罗马的人口普查把他们统计在内。 他们在那里时，孩子降生了。
concession,kən'sɛʃən,n. 让步；特许（权）；承认；退位,The British were not prepared to make any concessions .,英国人没有打算作出让步。
therapy,'θɛrəpi,n. 治疗，疗法,new drug therapies,新的药物疗法
image,'ɪmɪdʒ,n. 影像；想象；肖像；偶像；v. 想象；反映；象征；作…的像,She peered closely at her image in the mirror.,她仔细检视镜子中自己的映像。
barrier,'bærɪɚ,n. 障碍物，屏障；界线；vt. 把…关入栅栏,He advocated the removal of trade barriers.,他提倡消除贸易壁垒。
thrive,θraɪv,v. 繁荣，兴旺；茁壮成长,plants that thrive in tropical rain forests,在热带雨林蓬勃生长的植物
boast,bost,v. 夸口说，自吹自擂说；以有…而自豪；n. 自夸；值得夸耀的事物，引以为荣的事物,"‘I wouldn’t be afraid,’ she boasted.",“我才不怕呢。”她吹嘘道。
fiction,'fɪkʃən,n. 小说；虚构，编造；谎言,romantic fiction,爱情小说
endeavour,ɪndɛvəʳ,n. 尽力，竭力；v. 竭力做到，试图或力图（做某事）,"But I will endeavour to banish every painful thought, and think only of what will make me happy: your affection, and the invariable kindness of my dear uncle and aunt.",可是我一定会竭力打消一切苦痛的念头，只去想一些能使我高兴的事───譬如想想你的亲切以及亲爱的舅父母对我始终如一的关切。
distant,'dɪstənt,adj. 遥远的；冷漠的；远隔的；不友好的，冷淡的,the sound of distant gunfire,远处的炮火声
opportunity,"ˌɑpɚˈtunɪti, -ˈtju-",n. 时机，机会,There are fewer opportunities for new graduates this year.,今年新毕业的大学生就业机会较少。
replace,rɪ'ples,v. 取代，代替；替换，更换；归还，偿还；把…放回原处,I’m replacing Sue on the team.,我将接替队里的休。
jury,'dʒʊri,n. [法] 陪审团；评判委员会；adj. 应急的,the members of the jury,陪审团成员
paramount,'pærəmaʊnt,adj. 最重要的，主要的；至高无上的；n. 最高统治者,"During a war the interests of the state are paramount, and those of the individual come last.",战争时期国家利益是首要的，个人利益置于最后。
understanding,",ʌndɚ'stændɪŋ",n. 谅解，理解；理解力；协议；adj. 了解的；聪明的；有理解力的；v. 理解；明白（understand的ing形式）,We had an understanding that Jean-Claude should never be mentioned.,我们有一个共识，永远不提让－克洛德。
glow,ɡlo,v. 发热；洋溢；绚丽夺目；n. 灼热；色彩鲜艳；兴高采烈,,
constitution,'kɑnstə'tʊʃən,n. 宪法；体制；章程；构造；建立，组成；体格,The right to speak freely is written into the Constitution of the United States.,言论自由的权利被写入美国宪法。
persevere,",pɝsə'vɪr",v. 坚持；不屈不挠；固执己见（在辩论中）,"It can be tricky at first, but persevere.",一开始会有些棘手，不过要坚持。
rural,'rʊrəl,adj. 农村的，乡下的；田园的，有乡村风味的,a rural setting,乡村环境
quote,kwot,v. 报价；引述；举证；n. 引用,He quoted a short passage from the Bible.,他引用了《圣经》里的一小段。
perspective,pɚ'spɛktɪv,n. 观点；远景；透视图；adj. 透视的,the artist’s use of perspective,那位画家对透视法的运用
inquire,ɪn'kwaɪr,v. 询问；查究；问明,‘Why are you doing that?’ the boy inquired.,“你为什么这么做？”男孩问道。
bound,baʊnd,adj. 有义务的；必定的；受约束的；装有封面的；v. 束缚；使跳跃；n. 范围；跳跃,You are legally bound to report the accident.,法律上你有责任报告这起事故。
possession,pə'zɛʃən,n. 拥有；财产；领地；自制；着迷,That information is not in our possession.,那则信息不归我们所有。
expand,ɪk'spænd,v. 扩张；使膨胀；详述,The computer industry has expanded greatly over the last decade.,计算机行业在过去十年间大大地发展起来。
toast,tost,n. 干杯；烤面包；接受敬酒的人；（在某领域）广受赞誉的人；v. 向…祝酒，为…干杯,I had a piece of toast for breakfast.,我早饭吃了一片吐司。
foresee,fɔr'si,v. 预见；预知,I’ve put your name on the list and I don’t foresee any problems.,我把你的名字写在名单上了，估计不会有什么问题。
random,'rændəm,adj. [数] 随机的；任意的；胡乱的；n. 随意；adv. 胡乱地,The company has introduced random drug testing of its employees.,公司已实行对雇员的随机毒品测试。
parliament,'pɑrləmənt,n. 议会，国会,They demanded a free parliament and press.,他们要求议会自由和新闻自由。
lower,'loɚ,v. 减弱，减少；放下，降下；贬低；adj. 下游的；下级的；下等的；n. (Lower)人名；(英、意)洛厄,Do you think we should lower the price?,你觉得我们应该降价吗？
strap,stræp,v. 用带捆绑；用皮条抽打；约束；n. 带；皮带；磨刀皮带；鞭打,soldiers with grenades strapped to their belts,腰带上绑着手榴弹的士兵
express,ɪk'sprɛs,v. 表达；快递；adj. 明确的；迅速的；专门的；n. 快车，快递，专使；捷运公司,Parents have expressed their concerns about their children’s safety.,父母对自己孩子的安全表示忧虑。
cliff,klɪf,n. 悬崖；绝壁,The car rolled over the edge of a cliff.,汽车翻下了悬崖边。
compulsory,kəm'pʌlsəri,adj. 义务的；必修的；被强制的；n. （花样滑冰、竞技体操等的）规定动作,the threat of compulsory redundancies,强制性裁员的威胁
consist,kən'sɪst,v. 由…组成；在于；符合,My diet consisted almost exclusively of chocolate-covered cookies and glasses of milk.,我的饮食几乎只包含裹上巧克力的曲奇饼和一杯杯牛奶。
wrap,ræp,v. 包；缠绕；隐藏；掩护；n. 外套；围巾,I’ve still got a few Christmas presents to wrap up.,我还有一些圣诞礼物要包起来。
spread,sprɛd,v. 传播；伸展；n. 传播；伸展；adj. 伸展的,News of the explosion spread swiftly.,发生爆炸的消息迅速传播开来。
primitive,'prɪmətɪv,adj. 原始的，远古的；简单的，粗糙的；n. 原始人,a primitive society,原始社会
heir,ɛr,n. [法] 继承人；后嗣；嗣子,Jonson was his political heir as leader of the party.,琼森是他的政治接班人，他将担任该党派的领袖。
statue,'stætʃu,n. 雕像，塑像；vt. 以雕像装饰,Churchill’s statue stands outside the parliament building.,丘吉尔的塑像矗立在议会大厦外。
seminar,'sɛmɪnɑr,n. 讨论会，研讨班,a Shakespeare seminar,莎士比亚研讨班
fierce,fɪrs,adj. 凶猛的；猛烈的；暴躁的；n. (Fierce)人名；(英)菲尔斯,fierce fighting in the city,城里的激烈战斗
identity,aɪ'dɛntəti,n. 身份；同一性，一致；特性；恒等式,The identity of the killer is still unknown.,凶手的身份仍未查明。
maintain,men'ten,v. 维持；继续；维修；主张；供养,Careers Officers maintain contact with young people when they have left school.,年轻人离开学校以后，职业指导员和他们保持联系。
indifference,ɪn'dɪfrəns,n. 漠不关心；冷淡；不重视；中立,Whether you stay or leave is a matter of total indifference to me (= I do not care ).,你是留是走我根本无所谓。
harmony,'hɑrməni,n. 协调；和睦；融洽；调和,the gorgeous vocal harmonies on ‘Mexicali Rose’,《墨西哥玫瑰》的精彩和声演唱
bench,bɛntʃ,n. 长凳；工作台；替补队员；v. 给…以席位；为…设置条凳,We sat on a park bench.,我们坐在公园的长椅上。
bleak,blik,adj. 阴冷的；荒凉的，无遮蔽的；黯淡的，无希望的；冷酷的；单调的,a bleak January afternoon,一月里一个阴冷的下午
