paragraph,'pærəɡræf,n. 段落；短评；段落符号；v. 将…分段,the opening paragraphs of the novel,小说开篇的几个段落
influence,'ɪnfluəns,n. 影响；势力；感化；有影响的人或事；v. 影响；改变,"As a scientist, his influence was immense.",身为一名科学家，他的影响力极大。
intellectual,",ɪntə'lɛktʃuəl",adj. 智力的；聪明的；理智的；n. 知识分子；凭理智做事者,Mark’s very intellectual.,马克很聪明。
political,pə'lɪtɪkl,adj. 政治的；党派的,All other political parties there have been completely banned.,那里的其他所有政党都已经完全被取缔了。
science,'saɪəns,n. 科学；技术；学科；理科,Many leading scientists do not consider that science can give absolutely reliable knowledge.,许多杰出科学家都不认为科学能够提供绝对可靠的知识。
economic,"ˌikəˈnɑmɪk, ˌɛkəˈ-nɑmɪk",adj. 经济的，经济上的；经济学的,Economic growth is slow.,经济增长缓慢。
century,'sɛntʃəri,n. 世纪，百年；（板球）一百分,the story of life on a small farm at the turn of the century,讲述世纪初一个小农场生活的故事
increase,'ɪnkris,n. 增加，增长；提高；v. 增加，增大；繁殖,Recent tax increases have affected the poor more than the rich.,新近的增税对穷人的影响比对富人的大。
stress,strɛs,n. 压力；强调；紧张；重要性；重读；v. 强调；使紧张；加压力于；用重音读,Your headaches are due to stress.,你的头痛是压力造成的。
power,'paʊɚ,n. 力量，能力；电力，功率；政权，势力；[数] 幂；v. 激励；供以动力；使…有力量；adj. 借影响有权势人物以操纵权力的,They seized power in a military coup.,他们在一场军事政变中夺取了政权。
national,'næʃnəl,adj. 国家的；国民的；民族的；国立的；n. 国民,Religion matters very much at a national level.,宗教事务在全国都非常重要。
consider,kən'sɪdɚ,v. 考虑；认为；考虑到；细想,We will have to consider your offer carefully .,我们得仔细考虑你的提议。
process,'prɑsɛs,v. 处理；加工；n. 过程，进行；方法，步骤；作用；程序；推移；adj. 经过特殊加工（或处理）的,Goats’ cheese may be processed in many ways.,山羊奶干酪可以有多种加工方法。
create,krɪ'et,v. 创造，创作；造成,Some people believe the universe was created by a big explosion.,有些人认为宇宙是通过一次大爆炸创造出来的。
drug,drʌg,n. 药；毒品；麻醉药；滞销货；v. 使服麻醉药；使服毒品；掺麻醉药于,A lot of young people start taking drugs at school.,许多年轻人上学时开始吸毒。
care,kɛr,n. 关怀；照料；谨慎；忧虑；v. 照顾；关心；喜爱；顾虑,high standards of medical care,高水平的医疗护理
group,ɡrup,n. 组；团体；adj. 群的；团体的；v. 聚合,A group of us are going to London.,我们有一群人要去伦敦。
discovery,dɪ'skʌvəri,n. 发现，发觉；被发现的事物,I felt I'd made an incredible discovery.,我感到自己有了一个惊人的发现。
include,ɪn'klud,v. 包含，包括,Does the price include postage?,这个价格包含邮费吗？
price,praɪs,n. 价格；价值；代价；v. 给……定价；问……的价格,They may pay a high price for their few years of glory.,为了短短几年的辉煌，他们也许要付出高昂的代价。
sector,'sɛktɚ,n. 部门；扇形，扇区；象限仪；函数尺；vt. 把…分成扇形,...the nation's manufacturing sector.,…该国的制造部门。
service,'sɝvɪs,n. 服务，服侍；服役；仪式；adj. 服务性的；耐用的；服现役的；v. 维修，检修；保养,the health service,医疗保健服务
search,sɝtʃ,v. 搜寻；调查；探求；n. 搜寻；探究，查究,It was too dark to search further.,天太暗，无法继续寻找。
experience,ɪk'spɪrɪəns,n. 经验；经历；体验；v. 经验；经历；体验,"The advice in the booklet reflects the practical experience we have gained (= experience gained by actually doing something, rather than knowledge from books etc ).",小册子中的建议反映了我们所获得的实践经验。
require,rɪ'kwaɪr,v. 需要；要求；命令,Campbell’s broken leg will probably require surgery.,坎贝尔的一条腿骨折，可能需要手术。
individual,",ɪndɪ'vɪdʒuəl",adj. 个人的；个别的；独特的；n. 个人，个体,Each individual leaf on the tree is different.,树上每片叶子都不相同。
scientific,",saɪən'tɪfɪk",adj. 科学的，系统的,We believe in investing in scientific research.,我们相信科学研究的投资价值。
attention,ə'tɛnʃən,n. 注意力；关心；立正！（口令）,My attention wasn’t really on the game.,我的注意力其实不在比赛上。
influential,",ɪnflu'ɛnʃl",adj. 有影响的；有势力的；n. 有影响力的人物,He had influential friends.,他有一些有影响力的朋友。
court,kɔrt,n. 法院；球场；朝廷；奉承；v. 招致（失败、危险等）；向…献殷勤；设法获得,It could not be proved in a court of law.,这无法在法庭上证实。
law,lɔ,n. 法律；规律；法治；法学；诉讼；司法界；vi. 起诉；控告；vt. 控告；对…起诉,Elected officials ought to obey the law.,民选官员理应遵守法律。
federal,'fɛdərəl,adj. 联邦的；同盟的；联邦政府的； 联邦制的；adv. 联邦政府地；n. (Federal)人名；(英)费德勒尔,Switzerland is a federal republic.,瑞士是一个联邦共和国。
past,pæst,n. 过去；往事；adj. 过去的；结束的；prep. 越过；晚于；adv. 过；经过,You mustn’t think about it. It’s all in the past now.,你千万不要再想那件事，现在一切都过去了。
deal,dil,v. 处理；给予；分配；发牌；n. 交易；（美）政策；待遇；份量,Whose turn is it to deal?,轮到谁发牌了？
rise,raɪz,v. 上升；增强；起立；高耸；n. 上升；高地；增加；出现,The police seem unable to cope with the rising tide of (= large increase in ) car crime.,面对日益增多的汽车罪案，警方似乎无能为力。
limit,'lɪmɪt,n. 限制；限度；界线；v. 限制；限定,a 55 mph speed limit,55英里的时速限制
peer,pɪr,n. 贵族；同等的人；同龄人；v. 凝视，盯着看；窥视,American children did less well in math than their peers in Japan.,美国儿童的数学成绩不如日本的同龄儿童。
scientist,'saɪəntɪst,n. 科学家,Scientists say they've already collected more data than had been expected.,科学家们说他们已经搜集到比预期更多的数据。
financial,faɪ'nænʃl,adj. 金融的；财政的，财务的,financial transactions,财务往来
report,rɪ'pɔrt,n. 报告；报道；成绩单；v. 报告；报导；使报到,"According to recent news reports , two of the victims are Americans.",根据近期的新闻报道，受害者中有两名是美国人。
issue,'ɪʃu,n. 问题；流出；期号；发行物；v. 发行，发布；发给；放出，排出,Abortion is a highly controversial issue.,堕胎是个很有争议的话题。
risk,rɪsk,n. 风险；危险；冒险；v. 冒…的危险,"It was a risk, sending a letter to my house.",将信寄到我家是冒险。
method,'mɛθəd,n. 方法；条理；类函数；adj. 使用体验派表演方法的,traditional teaching methods,传统的教学法
publish,'pʌblɪʃ,v. 出版；发表；公布,The first edition was published in 1765.,第一版于1765年出版。
practice,'præktɪs,n. 实践；练习；惯例；v. 练习；实习；实行,It takes hours of practice to learn to play the guitar.,学习弹吉他需要长时间的练习。
future,'fjʊtʃɚ,n. 未来；前途；期货；将来时；adj. 将来的，未来的,The islands should have the right to decide their own future.,这些岛屿应当有权决定自己的未来。
function,'fʌŋkʃən,n. 功能；[数] 函数；职责；盛大的集会；v. 运行；活动；行使职责,"The nervous system regulates our bodily functions (= eating, breathing, going to the toilet etc ) .",神经系统控制着我们身体的功能。
evidence,'ɛvɪdəns,n. 证据，证明；迹象；明显；v. 证明,Murrow’s evidence was enough to convict Hayes of murder.,默罗的证词足以证明海斯犯了谋杀罪。
pressure,'prɛʃɚ,n. 压力；压迫，[物] 压强；v. 迫使；密封；使……增压,They are putting pressure on people to vote yes.,他们正在向民众施加压力，要求他们投赞成票。
turn,tɝn,v. 转动，使旋转；转弯；翻过来；兑换；n. 转弯；变化；(损害或有益于别人的)行为，举动，举止,Ricky turned and walked away.,里基转身走了。
argue,'ɑrgjʊ,v. 争论，辩论；提出理由；n. (Argue)人名；(英、法)阿格,We could hear the neighbours arguing.,我们听到邻居在争吵。
support,sə'pɔrt,v. 支持，支撑，支援；扶持，帮助；赡养，供养；n. 支持，维持；支援，供养；支持者，支撑物,The bill was supported by a large majority in the Senate.,这项法案得到参议院绝大多数人的支持。
offer,'ɔfɚ,v. 提供；出价；试图；n. 提议；出价；意图；录取通知书,A number of groups offer their services free of charge.,一些团体免费提供服务。
understand,'ʌndɚ'stænd,v. 理解；懂；获悉；推断；省略,She doesn’t understand English.,她不懂英语。
history,ˈhɪstəri; ˈhɪstri,n. 历史，历史学；历史记录；来历,Throughout history the achievements of women have been largely ignored.,从古至今，妇女的成就都被大大地忽视了。
bring,brɪŋ,v. 带来；促使；引起；使某人处于某种情况或境地；n. (Bring)人名；(英、瑞典)布林,The discovery of gold brought thousands of people to the Transvaal.,黄金的发现把成千上万的人引到了德兰士瓦。
knowledge,'nɑlɪdʒ,n. 知识，学问；知道，认识；学科,He did not have much knowledge of American history.,他对美国历史所知不多。
medical,'mɛdɪkl,adj. 医学的；药的；内科的；n. 医生；体格检查,medical research,医学研究
rate,ret,n. 比率，率；速度；价格；等级；v. 认为；估价；责骂,Immediately his heart rate (= the number of beats per minute ) increased.,他的心率立即加快了。
continue,kən'tɪnju,v. 继续，延续；仍旧，连续,He will be continuing his education in the US.,他将在美国继续求学。
monkey,'mʌŋki,n. 猴子；顽童；v. 胡闹；捣蛋,"Stop that, you little monkey!",别这样，你这个小淘气鬼！
student,'studnt,n. 学生；学者,Warren's eldest son is an art student.,沃伦的长子是一名学艺术的学生。
smell,smɛl,v. 嗅，闻；有…气味；n. 气味，嗅觉；臭味,I can smell burning.,我闻到烧焦的气味。
single,'sɪŋɡl,adj. 单一的；单身的；单程的；n. 一个；单打；单程票；v. 选出,A single tree gave shade from the sun.,唯有一棵树遮阴。
average,'ævərɪdʒ,n. 平均；平均数；海损；adj. 平均的；普通的；通常的；v. 算出…的平均数；将…平均分配；使…平衡,The December figures brought the annual average for 2001 up to 10.6 per cent.,12月的数据将2001年的年平均水平提升到10.6%。
loss,lɔs,n. 减少；亏损；失败；遗失,"The company is closing down two of its factories, leading to 430 job losses .",公司要关闭其中的两家工厂，这将造成430人失业。
legal,'ligl,adj. 法律的；合法的；法定的；依照法律的；n. (Legal)人名；(法)勒加尔,What the company has done is perfectly legal.,公司所做的这一切完全合法。
effect,ɪ'fɛkt,n. 影响；效果；作用；v. 产生；达到目的,the long-term effects of the drug,这种毒品的长期影响
feeling,'filɪŋ,n. 感觉，触觉；感情，情绪；同情；adj. 有感觉的；有同情心的；富于感情的；v. 感觉；认为（feel的现在分词）；触摸,Knowing we’d won was a wonderful feeling.,得知我们赢了，感觉真好。
gamble,'ɡæmbl,v. 赌博；孤注一掷；投机；打赌；n. 赌博；冒险；打赌,Their religion forbids them to drink or gamble.,他们的宗教禁止饮酒和赌博。
writing,'raɪtɪŋ,n. 书写；作品；著作；[法] 笔迹；v. 书写（write的ing形式）,What does the writing on the back say?,背面的文字说什么？
share,ʃɛr,v. 分享，分担；分配；n. 份额；股份,As a kid he’d never share his toys.,他小时候从不肯与人分享他的玩具。
earn,ɝn,v. 赚，赚得；获得，挣得；使得到；博得；n. (Earn)人名；(泰)炎,"He earns nearly £20,000 a year.","他每年挣近20,000英镑。"
message,'mɛsɪdʒ,n. 消息；差使；启示；预言；广告词；v. 报信，报告；[通信] 报文,He left a message saying he would probably be a little late.,他留言说可能会晚一点来。
standard,'stændɚd,n. 标准；水准；旗；度量衡标准；adj. 标准的；合规格的；公认为优秀的,Students have to reach a certain standard or they won’t pass.,学生必须达到某一标准，否则无法通过。
quit,kwɪt,v. 离开；放弃；停止；使…解除；n. 离开；[计] 退出；adj. 摆脱了…的；已经了结的,He quit his job after an argument with a colleague.,他和一个同事争吵后就辞职了。
railroad,'relrod,v. 由铁道运输；铺设铁路；以捏造不实之罪使入狱；n. 铁路；铁路公司,The supplies were sent on the railroad.,补给经由铁路运送。
certain,'sɝtn,adj. 某一；必然的；确信；无疑的；有把握的；pron. 某些；某几个；n. (Certain)人名；(葡)塞尔塔因；(法)塞尔坦,I felt certain that I’d passed the test.,我感觉自己肯定通过这次测验了。
decision,dɪ'sɪʒn,n. 决定，决心；决议,Do you ever wonder if you made the right decision?,你怀疑过自己所作的决定是否正确吗？
performance,pɚ'fɔrməns,n. 性能；绩效；表演；执行；表现,This evening’s performance will begin at 8.00 pm.,今晚的演出8点开始。
concept,'kɑnsɛpt,n. 观念，概念,a new concept in business travel,商务旅行的新理念
class,klæs,n. 阶级；班级；种类；班；等级；v. 分类；把…分等级；把…归入某等级，把…看作（或分类、归类）；把…编入某一班级；adj. 极好的；很好的，优秀的，出色的,He had to spend about six months in a class with younger students.,他不得不在一个比他小的学生的班上呆了大约六个月。
difference,'dɪfrəns,n. 差异；不同；争执,(= there’s a very big difference ) between us.,我们之间有着天壤之别。
genetic,dʒə'nɛtɪk,adj. 遗传的；基因的；起源的,genetic defects,遗传性缺陷
journal,'dʒɝnl,n. 日报，杂志；日记；分类账,the British Medical Journal,《英国医学杂志》
slave,sleɪv,n. 奴隶；从动装置；v. 苦干；拼命工作,a slave to fashion,时尚的奴隶
brain,bren,n. 头脑，智力；脑袋；v. 猛击…的头部,Messages from the brain are carried by the central nervous system.,大脑发出的信息是通过中枢神经系统传递的。
response,rɪ'spɑns,n. 响应；反应；回答,His immediate response was one of disbelief.,他的第一反应是不相信。
potential,pə'tɛnʃl,n. 潜能；可能性；[电] 电势；adj. 潜在的；可能的；势的,The boy has great potential.,这个男孩有很大的潜力。
site,saɪt,n. 地点；位置；场所；v. 设置；为…选址,an archaeological site,考古现场
produce,prə'dus,v. 生产；引起；创作；生育，繁殖；n. 农产品，产品,New drugs are producing remarkable results .,新药正在产生显著的效果。
spread,sprɛd,v. 传播；伸展；n. 传播；伸展；adj. 伸展的,News of the explosion spread swiftly.,发生爆炸的消息迅速传播开来。
attitude,'ætɪtʊd,n. 态度；看法；意见；姿势,"As soon as they found out I was a doctor, their whole attitude changed.",他们一听说我是医生，态度就完全改变了。
living,'lɪvɪŋ,adj. 活的；现存的；活跃的；逼真的；n. 生活；生存；生计；v. 生活；居住（live的ing形式）；度过,He’s one of the greatest living composers.,他是仍然健在的最伟大的作曲家之一。
union,'junɪən,n. 联盟，协会；工会；联合,Are you planning to join the union?,你打算加入工会吗？
born,bɔrn,v. 出世（bear的过去分词）；adj. 天生的；n. (Born)人名；(柬)邦；(英、西、俄、捷、德、瑞典、匈)博恩,Forty lambs were born this spring.,今年春天有40头小羊羔出生。
define,dɪ'faɪn,v. 定义；使明确；规定；n. (Define)人名；(英)德法恩；(葡)德菲内,the ability to define clients’ needs,确定客户需求的能力
critic,'krɪtɪk,n. 批评家，评论家；爱挑剔的人,Mather was a film critic for many years.,马瑟做过多年的电影评论家。
institution,",ɪnstɪ'tuʃən",n. 制度；建立；（社会或宗教等）公共机构；习俗,powerful institutions such as world banks,诸如世界银行之类的强大机构
experiment,ɪk'sperɪmənt,v. 尝试；进行实验；n. 实验，试验；尝试,The teacher provided some different materials and left the children to experiment.,老师提供了几种不同的材料让孩子们试验。
adult,'ædʌlt,adj. 成年的；成熟的；n. 成年人,an adult lion,一头成年的狮子
review,rɪ'vju,n. 回顾；复习；评论；检讨；检阅；v. 回顾；检查；复审,The policy comes up for review (= will be reviewed ) in April.,这项政策将在4月份予以审议。
generation,'dʒɛnə'reʃən,n. 一代；产生；一代人；生殖,"Like most of my generation, I had never known a war.",和我们这一代的大多数人一样，我并没有经历过战争。
quality,'kwɑləti,n. 质量，[统计] 品质；特性；才能；adj. 优质的；高品质的；<英俚>棒极了,Much of the land was of poor quality.,很多地的土质很差。
criticism,'krɪtə'sɪzəm,n. 批评；考证；苛求,"Despite strong criticism , the new system is still in place.",尽管遭到了猛烈的批评，新制度依然原封不动。
remain,rɪ'men,v. 保持；依然；留下；剩余；逗留；残存；n. 遗迹；剩余物，残骸,Please remain seated until all the lights are on.,请留在座位上，直到灯全都亮起。
product,'prɑdʌkt,n. 产品；结果；[数] 乘积；作品,The London factory assembles the finished product .,伦敦工厂组装成品。
nation,'neʃən,n. 国家；民族；国民,the President’s radio broadcast to the nation,总统对全国的广播讲话
infer,ɪn'fɝ,v. 推断；推论,I inferred from what she said that you have not been well.,我从她的话里推断出你身体一直不大好。
community,kə'mjʊnəti,n. 社区；[生态] 群落；共同体；团体,The new arts centre will serve the whole community.,这座新的艺术中心将为整个社区服务。
happy,'hæpɪ,adj. 幸福的；高兴的；巧妙的；n. (Happy)人名；(英、瑞典、喀)哈皮,It’s a lovely house and we’ve been very happy here.,房子很漂亮，我们住在这里非常开心。
cover,'kʌvɚ,v. 包括；采访，报导；涉及；n. 封面，封皮；盖子；掩蔽物;幌子，借口,a course covering business law,一门包括商业法的课程
publication,",pʌblɪ'keʃən",n. 出版；出版物；发表,The guide is being translated into several languages for publication near Christmas.,这本指南正被翻译成好几种语言，准备在圣诞节前后出版。
segment,'sɛɡmənt,v. 分割；n. 段；部分,...the poorer segments of society.,…社会中的较贫困阶层。
seek,sik,v. 寻求；寻找；探索；搜索,Do you think the President will seek re-election ?,你认为总统会谋求连任吗？
condition,kən'dɪʃən,n. 条件；情况；环境；身份；v. 决定；使适应；使健康；以…为条件,Conditions in the prison were atrocious.,这座监狱的条件糟透了。
internet,'ɪntɚnɛt,n. 因特网,,
success,sək'sɛs,n. 成功，成就；胜利；大获成功的人或事物,The experiment was a big success.,实验非常成功。
fund,fʌnd,n. 基金；资金；存款；v. 投资；资助,The fund was set up to try to save the cathedral.,设立基金以挽救大教堂。
structure,'strʌktʃɚ,n. 结构；构造；建筑物；v. 组织；构成；建造,challenges to the existing power structure,对现有权力结构的挑战
sense,sɛns,n. 感觉，功能；观念；道理；理智；v. 感觉到；检测,"Cats have a very acute sense of hearing (= very good, so that they can hear even the smallest sound ) .",猫的听觉非常敏锐。
newspaper,'nuzpepɚ,n. 报纸,She had read about it in the newspapers.,关于这件事她已经在报纸上看到了。
customer,'kʌstəmɚ,n. 顾客；家伙,We aim to offer good value and service to all our customers.,我们力求为所有的客户提供物有所值的商品和服务。
learned,'lɝnd; lɝ​nɪd,adj. 博学的；有学问的；学术上的；n. (Learned)人名；(英)勒尼德,a learned professor,一位博学的教授
board,bɔrd,n. 董事会；木板；甲板；膳食；v. 上（飞机、车、船等）；用板盖上；给提供膳宿,Martha was chopping vegetables on a wooden board.,玛莎正在用一块木砧板切蔬菜。
president,'prɛzɪdənt,n. 总统；董事长；校长；主席,President Bush,布什总统
remove,rɪ'muv,v. 移动，迁移；开除；调动；n. 移动；距离；搬家,Remove the old wallpaper and fill any holes in the walls.,撕下旧墙纸，把墙上的洞都填平。
series,'sɪriz,n. 系列，连续；[电] 串联；级数；丛书,the series of events that led to the outbreak of war,导致战争爆发的一系列事件
record,(for v.) rɪˈkɔrd; (for n. adj.) ˈrɛkɚd,v. 记录，记载；标明；将录音；n. 档案，履历；唱片；最高纪录；adj. 创纪录的,Her husband made her record every penny she spent.,她丈夫要她把花的每分钱都记下来。
moral,'mɔrəl,adj. 道德的；精神上的；品性端正的；n. 道德；寓意,It is easy to have an opinion on a moral issue like the death penalty for murder.,对于判谋杀犯死刑这种涉及伦理道德的问题，有个观点并非难事。
production,prə'dʌkʃən,n. 成果；产品；生产；作品,the new Shakespeare production at the Arts Theatre,艺术剧院新排演的莎士比亚戏剧
population,",pɑpju'leʃən",n. 人口；[生物] 种群，[生物] 群体；全体居民,Nearly 70 percent of the population still live in the countryside.,人口中差不多有70%仍住在乡村。
underline,'ʌndəlaɪn,v. 强调；在…下面划线；预告；n. 下划线；下期节目预告,This tragic incident underlines the need for immediate action.,这一悲剧事件突显了立即采取行动的必要性。
humanity,hjʊ'mænəti,n. 人类；人道；仁慈；人文学科,We want a clean healthy environment for all humanity .,我们希望全人类拥有一个干净健康的生存环境。
position,pə'zɪʃən,n. 位置，方位；职位，工作；姿态；站位；v. 安置；把……放在适当位置,Lie in a comfortable position .,以一个舒服的姿势躺下。
particular,pɚ'tɪkjəlɚ,adj. 特别的；详细的；独有的；挑剔的；n. 详细说明；个别项目,"In this particular case, no one else was involved.",这件事没有其他人牵涉其中。
immigrant,'ɪmɪɡrənt,adj. 移民的；迁入的；n. 移民，侨民,"But “the hostile part can be mobilized from time to time,” by what he calls “anti-immigrant entrepreneurs.",但是“敌对的那部分可能会不时地动员”，以他称之为“反移民企业家”的名义。
opportunity,"ˌɑpɚˈtunɪti, -ˈtju-",n. 时机，机会,There are fewer opportunities for new graduates this year.,今年新毕业的大学生就业机会较少。
access,'æksɛs,v. 使用；存取；接近；n. 进入；使用权；通路,Users can access their voice mail remotely.,用户可以远程获取语音邮件。
observe,əb'zɝv,v. 庆祝,...where he will observe Thanksgiving with family members.,…在那里他将与家人一起庆祝感恩节。
stay,ste,v. 停留；坚持；暂住；停下；n. 逗留；停止；支柱,They stayed all afternoon chatting.,他们待了整个下午聊天。
commercial,kə'mɝʃəl,adj. 商业的；营利的；靠广告收入的；n. 商业广告,Our top priorities must be profit and commercial growth.,我们必须把利润和贸易增长作为我们的第一要务。
reveal,rɪ'vil,v. 显示；透露；揭露；泄露；n. 揭露；暴露；门侧，窗侧,He may be prosecuted for revealing secrets about the security agency.,他可能因泄露安全部门的机密而被起诉。
effort,'ɛfɚt,n. 努力；成就,please make an effort to be polite.,请尽量礼貌些。
reduce,rɪ'dʊs,v. 减少；降低；使处于；把…分解,The governor announced a new plan to reduce crime.,州长宣布了一项降低犯罪率的新计划。
term,tɝm,n. 术语；学期；期限；条款；(代数式等的)项；v. 把…叫做,Teachers often feel overworked in term time (= during the term ) .,教师在学期内经常觉得工作担子过重。
action,'ækʃən,n. 行动；活动；功能；战斗；情节,The government must take action (=  do something  ) now to stop the rise in violent crime.,政府现在必须采取行动遏止暴力犯罪的上升。
decade,'dɛked,n. 十年，十年期；十,...the last decade of the nineteenth century.,…19世纪的最后10年。
productivity,",prodʌk'tɪvəti",n. 生产力；生产率；生产能力,high productivity levels in manufacturing,制造业中的高生产率
sentence,'sɛntəns,n. [语][计] 句子，命题；宣判，判决；v. 判决，宣判,His voice dropped at the end of the sentence.,到句子结尾处，他压低了嗓音。
celebrity,sə'lɛbrəti,n. 名人；名声,a sporting celebrity,体育明星
teacher,'titʃɚ,n. 教师；导师,a primary school teacher,小学教师
concern,kən'sɝn,v. 涉及，关系到；使担心；n. 关系；关心；关心的事；忧虑,Issues like food additives do concern me.,食品添加剂这类事情确实使我很担心。
score,skɔ,n. 分数；二十；配乐；刻痕；v. 获得；评价；划线，刻划；把…记下,a musical score,乐谱
variety,və'raɪəti,n. 多样；种类；杂耍；变化，多样化,I really like the variety the store has to offer.,我很喜欢这家商店商品的丰富多样。
unique,jʊ'nik,adj. 独特的，稀罕的；[数] 唯一的，独一无二的；n. 独一无二的人或物,Each person’s fingerprints are unique.,每个人的指纹都是独一无二的。
depend,dɪ'pɛnd,v. 依赖，依靠；取决于；相信，信赖,He depended on his writing for his income.,他靠写作谋生。
nuclear,'nuklɪɚ,adj. 原子能的；[细胞] 细胞核的；中心的；原子核的,France’s reliance on nuclear energy,法国对核能的依赖
involve,ɪn'vɑlv,v. 包含；牵涉；使陷于；潜心于,What will the job involve?,这份工作包括什么？
career,kə'rɪr,n. 生涯；职业；事业；速度，全速；adj. 作为毕生职业的；v. 全速前进，猛冲,a teaching career,教学事业
belief,bɪ'lif,n. 相信，信赖；信仰；教义,"When you get something wrong, it can shake your belief in yourself.",如果有什么事情没做好，就会动摇你对自己的信心。
spend,spɛnd,v. 度过，消磨（时光）；花费；浪费；用尽；n. 预算,I can’t afford to spend any more money this week.,这星期我没有能力花更多的钱了。
necessary,ˈnɛsəˌsɛri,adj. 必要的；必需的；必然的；n. 必需品,The booklet provides all the necessary information about the college.,这本小册子提供了关于那所学院的所有必需信息。
general,'dʒɛnrəl,adj. 一般的，普通的；综合的；大体的；n. 一般；将军，上将；常规,a general introduction to computing,计算机应用概论
cure,kjʊr,v. 治疗；治愈；使硫化；加工处理；n. 治疗；治愈；[临床] 疗法,Many types of cancer can now be cured.,现在许多癌症都可以治好。
network,'nɛtwɝk,n. 网络；广播网；网状物,Hungary’s telephone network,匈牙利的电话网
determine,dɪ'tɝmɪn,v. （使）下决心，（使）做出决定,The date of the court case has not yet been determined.,庭审日期尚未确定。
possible,'pɑsəbl,adj. 可能的；合理的；合适的；n. 可能性；合适的人；可能的事物,Is it possible toget tickets for the game?,有没有可能弄到比赛的门票？
security,sə'kjʊrəti,n. 安全；保证；证券；抵押品；adj. 安全的；保安的；保密的,The trial was held under tight security .,这场审讯是在戒备森严的情况下进行的。
organization,",ɔrɡənə'zeʃən",n. 组织；机构；体制；团体,The public expect high standards from any large organization.,公众对任何大型机构都期望很高。
pursuit,pɚ'sut,n. 追赶，追求；职业，工作,The quarterback sprinted toward the end zone with Jansen in hot pursuit (= following closely behind ) .,那名四分卫快速冲向底线区，詹森穷追不舍。
plant,plænt,n. 工厂，车间；植物；设备；庄稼；v. 种植；培养；栽培；安置,Don’t forget to water the plants.,别忘记给植物浇水。
situation,",sɪtʃu'eʃən",n. 情况；形势；处境；位置,I explained the situation to everyone.,我向大家介绍了一下情况。
agency,'edʒənsi,n. 代理，中介；代理处，经销处,a UN agency responsible for helping refugees,负责为难民提供帮助的联合国机构
natural,'nætʃrəl,adj. 自然的；物质的；天生的；不做作的；n. 自然的事情；白痴；本位音,the study of the natural world ,对自然界的研究
speak,spik,v. 说话；演讲；表明；陈述,I was so shocked I couldn’t speak.,我震惊得说不出话来。
feature,'fitʃɚ,n. 特色，特征；容貌；特写或专题节目；v. 起重要作用,Air bags are a standard feature in most new cars.,气囊是大多数新车的标准配置。
translation,træns'leʃən,n. 翻译；译文；转化；调任,She read the letter and gave us a rough translation (= she did not translate everything exactly ) .,她看了信，给我们大概翻译了一下。
mass,mæs,n. 块，团；群众，民众；大量，众多；质量；adj. 群众的，民众的；大规模的，集中的；v. 聚集起来，聚集,The road was blocked by a solid mass of protesters.,道路被密密麻麻的抗议者阻塞了。
achieve,ə'tʃiv,v. 取得；获得；实现；成功,Frances achieved very good exam results.,弗朗西丝考试取得了优异成绩。
agree,ə'ɡri,v. 同意，赞成；承认；约定，商定,Teenagers and their parents rarely agree.,十几岁的孩子跟父母意见很少一致。
difficult,'dɪfɪkəlt,adj. 困难的；不随和的；执拗的,a difficult question,难解的问题
formal,'fɔrml,adj. 正式的；拘谨的；有条理的；n. 正式的社交活动；夜礼服,formal recognition of the reformed church,改革后的教会所获得的官方承认
lawyer,'lɔjɚ,n. 律师；法学家,Prosecution and defence lawyers are expected to deliver closing arguments next week.,原告律师和被告律师下周将要作终结辩论。
trend,trɛnd,n. 趋势，倾向；走向；v. 趋向，伸向,The current trend is towards more part-time employment.,当前的趋势是雇用更多的兼职人员。
order,'ɔrdɚ,n. 命令；顺序；规则；[贸易] 定单；v. 命令；整理；定购,There seemed to be no logical order to the sections.,这几部分似乎没有逻辑顺序。
advantage,əd'væntɪdʒ,n. 优势；利益；有利条件；v. 获利,Younger workers tend to be at an advantage (=  have an advantage  ) when applying for jobs.,年轻点的工人申请工作时往往处于优势地位。
suppose,sə'poz,v. 假设；认为；让（虚拟语气）；推想；conj. 假使…结果会怎样,There were many more deaths than was first supposed.,死亡人数远远超过最初的预料。
province,'prɑvɪns,n. 省；领域；职权,a Chinese province,中国的一个省
soccer,'sɑkɚ,n. 英式足球，足球,It must be one of those soccer scarfs from England.,那一定是某个英国足球队的围巾。
encourage,ɪn'kɝrɪdʒ,v. 鼓励，怂恿；激励；支持,I want to thank everyone who has encouraged and supported me.,我要感谢每一位鼓励和支持过我的人。
promise,'prɑmɪs,n. 许诺，允诺；希望；v. 允诺，许诺；给人以…的指望或希望,"If you make a promise, you should keep it.",如果你许下一个诺言，你就应该遵守它。
sign,saɪn,n. 迹象；符号；记号；手势；指示牌；v. 签署；签名,a sign on the door,门上的标牌
analysis,ə'næləsɪs,n. 分析；分解；验定,She’s been in analysis for three years.,她接受精神分析治疗已经三年了。
translate,træns'let,v. 翻译；转化；解释；转变为；调动,Poetry doesn’t usually translate well.,诗歌通常都译不好。
expert,"'ɛkspɝt; (for adj., also) ɛksˈpɝt ; ɪkˈspɝt",adj. 熟练的；内行的；老练的；n. 专家；行家；能手；vt. 当专家；在…中当行家,He cast his expert eye on the gardener’s work.,他用内行的眼光看了看园丁干的活。
present,'prɛznt,v. 提出；介绍；呈现；赠送；adj. 现在的；出席的；n. 现在；礼物；瞄准,She was presented with an award .,她被授予一个奖项。
justice,'dʒʌstɪs,n. 司法，法律制裁；正义；法官，审判员,a book on the criminal justice system,一本有关刑事审判制度的书
apply,ə'plaɪ,v. 申请；涂，敷；应用,We need to apply for planning permission to build a garage.,我们建车库需要申请规划许可。
limited,'lɪmɪtɪd,adj. 有限的；n. 高级快车,My knowledge of the business is limited.,我对这一行了解有限。
source,sɔrs,n. 来源；水源；原始资料,They get their money from various sources.,他们从各种途径弄到钱。
carry,'kæri,v. 拿，扛；携带；支持；搬运；n. 运载；[计] 进位；射程,Gina was carrying a small bunch of flowers.,吉娜拿着一小束花。
focus,'fokəs,n. 焦点；中心；清晰；焦距；v. 使集中；使聚焦,The focus of recent research has been on environmental issues.,近期的研究重点是环境问题。
sleep,slip,v. 睡，睡觉；n. 睡眠,I usually sleep on my back.,我一般仰卧着睡觉。
reality,rɪ'æləti,n. 现实；实际；真实,the distinction between fantasy and reality,幻想和现实之间的区别
catch,kætʃ,v. 赶上；抓住；感染；了解；n. 捕捉；捕获物；窗钩,He was caught red-handed (= as he was doing something wrong ) taking money from the cash register.,他从现金出纳机偷钱时被当场抓住。
basic,'besɪk,adj. 基本的；基础的；n. 基础；要素,the basic principles of chemistry,化学的基本原理
drink,drɪŋk,v. 喝，饮；吸收；举杯庆贺；n. 酒，饮料；喝酒,You should drink plenty of water.,你应该大量喝水。
finding,'faɪndɪŋ,n. 发现；裁决；发现物；v. 找到；感到（find的ing形式）；遇到,Surveys conducted in other countries reported similar findings.,在其他国家进行的调查也报告说有类似的结果。
visit,'vɪzɪt,n. 访问；参观；逗留；v. 访问；参观；视察,We’re just here on a short visit.,我们只在这儿作短暂逗留。
model,'mɑdl,n. 模型；典型；模范；模特儿；样式；v. 模拟；塑造；模仿；adj. 模范的；作模型用的,a working model (= one with parts which move ) of a steam engine,蒸汽机车的活动模型
matter,'mætɚ,n. 物质；事件；v. 有关系；要紧,particles of matter,物质的微粒
physical,'fɪzɪkl,adj. [物] 物理的；身体的；物质的；根据自然规律的，符合自然法则的；n. 体格检查,She was in constant physical pain.,她一直感到身上疼痛。
classical,'klæsɪkl,adj. 古典的；经典的；传统的；第一流的；n. 古典音乐,the classical theory of relativity,经典相对论
growth,ɡroθ,n. 增长；发展；生长；种植,measures to stimulate economic growth,刺激经济增长的措施
trade,tred,n. 贸易，交易；行业；职业；v. 交易，买卖；以物易物,international trade agreements,国际贸易协定
track,træk,n. 轨道；足迹，踪迹；小道；v. 追踪；通过；循路而行；用纤拉,The road leading to the farm was little more than a dirt track .,只有一条烂泥小路通往农场。
senior,'sinɪɚ,adj. 高级的；年长的；地位较高的；年资较深的，资格较老的；n. 上司；较年长者；毕业班学生,the senior Democrat on the House committee,众议院委员会中的资深民主党人
educate,'ɛdʒuket,v. 教育；培养；训练,The Ormerod School educates handicapped children.,奥默罗德学校的教育对象为残疾儿童。
stand,stænd,v. 站立；位于；停滞；n. 站立；立场；看台；停止,It looks like we’ll have to stand – there are no seats left.,看来我们只能站着——没有座位了。
journalist,'dʒɝnəlɪst,n. 新闻工作者；报人；记日志者,a well-known journalist and broadcaster,一位著名的新闻记者兼播音员
setting,'sɛtɪŋ,n. 环境；安装；布置；[天] 沉落；v. 放置；沉没；使…处于某位置（set的ing形式）,"I’ve worked with children in various settings, mainly in secondary school.",我在许多地方教过孩子，主要是在中学。
return,rɪ'tɝn,v. 返回；报答；n. 返回；归还；回球；adj. 报答的；回程的；返回的,It was forty five minutes before she returned.,过了45分钟她才回来。
relationship,rɪ'leʃən'ʃɪp,n. 关系；关联,He’s never had a sexual relationship before.,他以前从未与人有过性关系。
pattern,'pætɚn,n. 模式；图案；样品；v. 模仿；以图案装饰,Weather patterns have changed in recent years.,气候模式近年已经发生了变化。
emerge,ɪ'mɝdʒ,v. 浮现；摆脱；暴露,The flowers emerge in the spring.,花儿在春天开放。
ignore,ɪɡ'nɔr,v. 驳回诉讼；忽视；不理睬,You can’t ignore the fact that many criminals never go to prison.,你不能无视很多罪犯从未获刑的事实。
flow,flo,v. 流动，涌流；川流不息；飘扬；n. 流动；流量；涨潮，泛滥,Money has been flowing into the country from Western aid agencies.,资金源源不断地从西方援助机构流入该国。
suitable,'sutəbl,adj. 适当的；相配的,We are hoping to find a suitable school.,我们希望能找到一所合适的学校。
environment,ɪn'vaɪrənmənt,n. 环境，外界,Some of these chemicals are very damaging to the environment.,这些化学品中有些对环境非常有害。
exercise,'ɛksɚsaɪz,n. 运动；练习；运用；操练；礼拜；典礼；v. 锻炼；练习；使用；使忙碌；使惊恐,Try to fit some regular exercise into your daily routine.,尽量在日常生活中安排一些经常性的锻炼。
force,fɔrs,n. 力量；武力；军队；魄力；v. 促使，推动；强迫；强加,Peace cannot be imposed by force .,和平不能通过武力来实现。
introduce,ˌɪntrə'dus,v. 介绍；引进；提出；采用,"Have you two been introduced? Tom, this is Greg.",有人给你们俩互相介绍了吗？汤姆，这位是格雷格。
personal,'pɝsənl,adj. 个人的；身体的；亲自的；n. 人事消息栏；人称代名词,My personal view is that we shouldn’t offer him the job.,我个人认为我们不该给他这份工作。
negative,'nɛɡətɪv,adj. [数] 负的；消极的；否定的；阴性的；n. 否定；负数；[摄] 底片；v. 否定；拒绝,students with a negative attitude to school,对上学抱消极态度的学生
native,'netɪv,adj. 本国的；土著的；天然的；与生俱来的；天赋的；n. 本地人；土产；当地居民,They never saw their native land again.,他们再也没见到故土。
investment,ɪn'vɛstmənt,n. 投资；投入；封锁,We plan to buy some property as an investment.,我们打算买些房地产作为投资。
exchange,ɪks'tʃendʒ,n. 交换；交流；交易所；兑换；v. 交换；交易；兑换,Four of my cassettes for your Madonna CD is a fair exchange.,我用四盒磁带换你的麦当娜激光唱片很公平。
range,rendʒ,n. 范围；幅度；排；山脉；v. （在内）变动；平行，列为一行；延伸；漫游；射程达到,a temperature range of 72-85˚,72 度到85度之间的温度范围
professional,prə'fɛʃənl,adj. 专业的；职业的；职业性的；n. 专业人员；职业运动员,This business plan looks very professional.,这个商业计划看上去很有专业水平。
strong,strɔŋ,adj. 坚强的；强壮的；牢固的；擅长的；adv. 强劲地；猛烈地；n. (Strong)人名；(英)斯特朗,He was a big strong man.,他高大健壮。
extra,'ɛkstrə,adv. 特别地，非常；另外；n. 临时演员；号外；额外的事物；上等产品；adj. 额外的，另外收费的；特大的,They need to offer something extra to attract customers.,他们需要提供额外的东西以吸引顾客。
threat,θrɛt,n. 威胁，恐吓；凶兆,Your threats don’t scare me.,你的那些威胁吓不倒我。
successful,sək'sɛsfl,adj. 成功的；一帆风顺的,The operation was successful.,手术成功了。
conduct,kən'dʌkt,v. 导电；带领；n. 进行；行为；实施,"Aluminium, being a metal, readily conducts heat .",铝这种金属导热性能很好。
consequence,'kɑnsəkwɛns,n. 结果；重要性；推论,I don’t suppose it is of any consequence now.,现在我觉得这事一点都无所谓了。
simply,'sɪmpli,adv. 简单地；仅仅；简直；朴素地；坦白地,This work is simply not good enough.,这工作做得实在不够好。
largely,'lɑrdʒli,adv. 主要地；大部分；大量地,The state of Nevada is largely desert.,内华达州大部分是沙漠。
evolution,ˌɛvəˈluʃən; (occas.) ˌ ivəˈluʃən,n. 演变；进化论；进展,the theory of evolution,进化论
enhance,ɪn'hæns,v. 提高；加强；增加,Good lighting will enhance any room.,良好的照明能给房间增色不少。
emotion,ɪ'moʃən,n. 情感；情绪,Her voice was full of emotion.,她的声音充满了激情。
usual,'juʒuəl,adj. 通常的，惯例的；平常的,Make a cheese sauce in the usual way.,按通常的做法做奶酪酱。
guide,ɡaɪd,n. 指南；向导；入门书；v. 引导；带领；操纵,a tour guide,导游
economy,ɪ'kɑnəmi,n. 经济；节约；理财,a successful economy,发展成功的经济
exist,ɪɡ'zɪst,v. 存在；生存；生活；继续存在,The custom of arranged marriages still exists in many countries.,许多国家仍存在包办婚姻的习俗。
politics,'pɑlətɪks,n. 政治，政治学；政治活动；政纲,a good understanding of politics in China,对中国政治很好的了解
expose,ɪk'spoz；ek-,v. 揭露，揭发；使曝光；显示,He lifted his T-shirt to expose a jagged scar across his chest.,他撩起T恤衫，露出横贯胸部的锯齿状伤疤。
technology,tɛk'nɑlədʒi,n. 技术；工艺；术语,Modern technology makes moving money around much easier than it used to be.,现代科技使货币流动比以前便捷得多。
predict,prɪ'dɪkt,v. 预报，预言；预知,Sales were five percent lower than predicted.,销售额比预期低5%。
epidemic,",ɛpɪ'dɛmɪk",adj. 流行的；传染性的；n. 传染病；流行病；风尚等的流行,Over 500 people died during last year’s flu epidemic.,去年流感大暴发期间有五百多人死亡。
smoke,smok,n. 烟；抽烟；无常的事物；v. 冒烟，吸烟；抽烟；弥漫,cigarette smoke,香烟的烟雾
firm,fɝm,adj. 坚定的；牢固的；严格的；结实的；v. 使坚定；使牢固；adv. 稳固地；n. 公司；商号,The sofa cushions are fairly firm.,沙发的坐垫很硬。
discipline,'dɪsəplɪn,n. 学科；纪律；训练；惩罚；v. 训练，训导；惩戒,The book gives parents advice on discipline.,这本书指导父母如何管教孩子。
emphasize,'ɛmfəsaɪz,v. 强调，着重,The report emphasizes the importance of improving safety standards.,报告强调了改进安全标准的重要性。
poetry,'poətri,n. 诗；诗意，诗情；诗歌艺术,He reads a lot of poetry.,他大量阅读诗歌。
conscious,'kɑnʃəs,adj. 意识到的；故意的；神志清醒的,The driver was still conscious when the ambulance arrived.,救护车赶到时，司机仍然神志清醒。
goal,ɡol,n. 目标；球门，得分数；终点；vi. 攻门，射门得分,Your goal as a parent is to help your child become an independent adult.,身为父母，你的目标就是要培养孩子成为独立的成年人。
outcome,'aʊt'kʌm,n. 结果，结局；成果,People who had heard the evidence at the trial were surprised at the outcome.,在审判过程中听过证词的人都对此结果感到吃惊。
reader,'ridɚ,n. 读者；阅读器；读物,The book will appeal to young readers.,这本书会吸引年轻读者。
reputation,",rɛpju'teʃən",n. 名声，名誉；声望,Alice Munro has a reputation for being a very depressing writer.,艾丽斯•门罗有文风抑郁的名声。
identify,aɪ'dɛntɪfaɪ,v. 确定；鉴定；识别，辨认出；使参与；把…看成一样 vi确定；认同；一致,He was too far away to be able to identify faces.,他离得太远，没法看面孔认出谁是谁。
express,ɪk'sprɛs,v. 表达；快递；adj. 明确的；迅速的；专门的；n. 快车，快递，专使；捷运公司,Parents have expressed their concerns about their children’s safety.,父母对自己孩子的安全表示忧虑。
policy,'pɑləsi,n. 政策，方针；保险单,an insurance policy,保险单
spy,spaɪ,v. 侦察；发现；暗中监视；n. 间谍；密探,Ellen suddenly spied her friend in the crowd.,埃伦突然在人群中找到了她的朋友。
church,tʃɝtʃ,n. 教堂；礼拜；教派；adj. 教会的；礼拜的；v. 领…到教堂接受宗教仪式,a short church service,简短的教堂礼拜仪式
wrong,rɔŋ,adv. 错误地；邪恶地，不正当地；n. 坏事；不公正；adj. 错误的；失常的；不适当的；v. 委屈；无理地对待；诽谤,You’ve spelt my name wrong.,你把我的名字拼错了。
measure,'mɛʒɚ,n. 测量；措施；程度；尺寸；v. 测量；估量；权衡,New safety measures were being demanded after last night’s horrific train crash.,昨晚发生严重的火车相撞事故后，民众要求制定新的安全措施。
prove,pruv,v. 证明；检验；显示,"You’re wrong, and I can prove it.",你错了，我可以证明。
competition,",kɑmpə'tɪʃən",n. 竞争；比赛，竞赛,Going to trade fairs is an ideal opportunity to size up the competition .,参加商品交易会是估量竞争规模的理想机会。
majority,mə'dʒɔrəti,n. 多数；成年,The Labour Party won a huge majority at the last general election.,工党在上次大选中以巨大的票数优势获胜。
store,stɔr,n. 商店；储备，贮藏；仓库；v. 贮藏，储存,At Christmas the stores stay open late.,在圣诞节期间，商店营业到很晚。
story,'stɔri,n. 故事；小说；新闻报道；来历；假话；vt. 用历史故事画装饰；vi. 说谎,a book of short stories,短篇小说集
current,kɝ​ənt,adj. 现在的；流通的，通用的；最近的；草写的；n. （水，气，电）流；趋势；涌流,Current thinking suggests that toxins only have a small part to play in the build-up of cellulite.,流行的观点认为毒素只对脂肪团形成起很小的作用。
scholar,'skɑlɚ,n. 学者；奖学金获得者,a Shakespearean scholar,研究莎士比亚的学者
increasingly,ɪn'krisɪŋli,adv. 越来越多地；渐增地,Marketing techniques are becoming increasingly sophisticated.,市场营销技巧越来越巧妙。
expect,ɪk'spɛkt,v. 期望；指望；认为；预料,He will be hard to beat. I fully expect (= am completely sure about ) that and I’m ready.,他很难击败。我确信这一点，不过我准备好了。
acquire,ə'kwaɪr,v. 获得；取得；学到；捕获,Manning hoped to acquire valuable works of art as cheaply as possible.,曼宁希望以尽可能低的价格买到有价值的艺术品。
occur,ə'kɝ,v. 发生；出现；存在,A third of accidental deaths occur in the home.,有三分之一的意外死亡发生在家里。
reflect,rɪ'flɛkt,v. 反映；反射，照出；表达；显示;反省,The drop in consumer spending reflects concern about the economy.,消费支出的下降反映出人们对经济的担忧。
progress,'prɑɡrɛs,n. 进步，发展；前进；v. 前进，进步；进行,We made good progress despite the snow.,尽管下雪，我们的行程还是很顺利。
global,'ɡlobl,adj. 全球的；总体的；球形的,global climate change,全球气候变化
remember,rɪ'mɛmbɚ,v. 记得；牢记；纪念；代…问好,Do you remember Rosa Davies?,你记得罗莎·戴维斯吗？
consumption,kən'sʌmpʃən,n. 消费；消耗；肺痨,Vigorous exercise increases oxygen consumption.,剧烈运动增加氧的消耗。
advance,əd'væns,n. 发展；前进；增长；预付款；v. 提出；预付；使……前进；将……提前；adj. 预先的；先行的,a major advance,一项重大进展
advocate,ˈædvəkeɪt；-et,v. 提倡，主张，拥护；n. 提倡者；支持者；律师,Extremists were openly advocating violence.,极端主义者公开鼓吹使用暴力。
sort,sɔrt,n. 种类；方式；品质；v. 分类；协调；交往,Most of the victims developed psychological problems of one sort or another (= of various different types ) .,大多数受害者都出现了这样那样的心理问题。
wake,wek,v. 醒来；唤醒；警觉；n. 尾迹；守夜；守丧,"When she woke, the sun was streaming through the windows.",她醒来时，阳光泻入窗内。
doubt,daʊt,n. 怀疑；疑问；疑惑；v. 怀疑；不信；恐怕；拿不准,There was still one little nagging doubt at the back of his mind.,他的心头仍有一丝挥之不去的疑虑。
figure,'fɪɡjɚ,n. 数字；人物；图形；价格；（人的）体形；画像；v. 计算；出现；扮演角色,A hexagon is a six-sided figure.,六边形是一种有六条边的几何图形。
association,"ə,soʃɪ'eʃən",n. 协会，联盟，社团；联合；联想,the Association of Master Builders,建筑师协会
relation,rɪ'leʃən,n. 关系；叙述；故事；亲属关系,The price the meat is sold for bears no relation to (= is not connected to ) the price the farmer receives.,肉的售价和农民拿到的价格无关。
stop,stɑp,v. 停止；堵塞；断绝；n. 停止；车站；障碍；逗留,Stop throwing those stones!,别再扔那些石头了！
aspect,'æspɛkt,n. 方面；方向；形势；外貌,a south-facing aspect,朝南方向
contribute,kən'trɪbjut,v. 贡献，出力；投稿；捐献,The three sons also contribute to the family business.,3个儿子也为家族企业做贡献。
preserve,prɪ'zɝv,v. 保存；保护；维持；腌；禁猎；n. 保护区；禁猎地；加工成的食品,We must encourage the planting of new trees and preserve our existing woodlands.,我们必须鼓励栽种新树木，同时也要保护现有的林地。
memory,'mɛməri,n. 记忆，记忆力；内存，[计] 存储器；回忆,He has lots of happy memories of his stay in Japan.,他对在日本逗留的那段时光有许多美好的回忆。
examine,ɪg'zæmɪn,v. 检查；调查； 检测；考试,A team of divers was sent down to examine the wreck.,一组潜水员被送到水下检查沉船。
obvious,'ɑbvɪəs,adj. 明显的；显著的；平淡无奇的,The obvious way of reducing pollution is to use cars less.,减少污染显而易见的办法就是少用汽车。
learning,'lɝnɪŋ,n. 学习；学问；v. 学习（learn的现在分词）,a man of great learning,学识渊博的人
tradition,trə'dɪʃən,n. 惯例，传统；传说,the traditions of South East Asia,东南亚的传统
special,'spɛʃl,n. 特使，特派人员；特刊；特色菜；专车；特价商品；adj. 特别的；专门的，专用的,a lunch special for $4.99,4.99 美元的特惠午餐
benefit,'bɛnɪfɪt,n. 利益，好处；救济金；v. 有益于，对…有益,I never had the benefit of a university education.,我从未受过大学教育。
attract,ə'trækt,v. 吸引；引起,I’m not usually attracted to blondes.,我一般不喜欢金发女子。
similar,'sɪməlɚ,adj. 相似的；n. 类似物,We have similar tastes in music.,我们对音乐的品位相近。
statement,'stetmənt,n. 声明；陈述，叙述；报表，清单,"In an official statement, she formally announced her resignation.",在一份官方声明中，她正式宣布辞职。
establish,ɪˈstæblɪʃ,v. 建立；创办；安置,The city of Boerne was established by German settlers in the 1840s.,博恩市是德国移民于19世纪40年代建立的。
avoid,ə'vɔɪd,v. 避免；避开，躲避；消除,Road safety is taught to young children to avoid road accidents.,小孩子受到道路安全知识的教育，以避免交通事故。
secure,sə'kjʊr,adj. 安全的；无虑的；有把握的；稳当的；v. 保护；弄到；招致；缚住,Companies can offer secure credit card transactions over the Internet.,公司可以提供安全的网上信用卡交易。
collection,kə'lɛkʃən,n. 采集，聚集；[税收] 征收；收藏品；募捐,We’ll be taking up a collection at the end of tonight’s service.,我们在今晚的仪式之后将举行募捐活动。
replace,rɪ'ples,v. 取代，代替；替换，更换；归还，偿还；把…放回原处,I’m replacing Sue on the team.,我将接替队里的休。
lack,læk,v. 缺乏；不足；没有；需要；n. 缺乏；不足,Alex’s real problem is that he lacks confidence.,亚历克斯的真正问题是缺乏信心。
origin,'ɔrɪdʒɪn,n. 起源；原点；出身；开端,The tradition has its origins in the Middle Ages.,这一传统源于中世纪。
dynamic,daɪ'næmɪk,adj. 动态的；动力的；动力学的；有活力的；n. 动态；动力,a dynamic and unstable process,不断变化的、不稳定的过程
suffer,'sʌfɚ,v. 遭受；忍受；经历；n. (Suffer)人名；(意)苏费尔,At least he died suddenly and didn’t suffer.,至少他死得突然，没有遭罪。
female,'fimel,adj. 女性的；雌性的；柔弱的，柔和的；n. 女人；[动] 雌性动物,female voters,女性选民
disease,dɪ'ziz,n. 病，[医] 疾病；弊病；vt. 传染；使…有病,His father died of heart disease.,他父亲死于心脏病。
charge,tʃɑrdʒ,n. 费用；电荷；掌管；控告；命令；负载；v. 使充电；使承担；指责；装载；对…索费；向…冲去,Guided tours are provided at no charge .,免费提供有导游带队的观光游览。
stock,stɑk,n. 股份，股票；库存；血统；树干；家畜；adj. 存货的，常备的；平凡的；v. 进货；备有；装把手于…,We have a huge stock of quality carpets on sale.,我们备有大量优质地毯出售。
executive,ɪɡ'zɛkjətɪv,adj. 行政的；经营的；执行的，经营管理的；n. 总经理；执行委员会；执行者；经理主管人员,a commission with executive powers,有执行权的委员会
negotiate,nɪ'ɡoʃɪet,v. 谈判，商议；转让；越过,His first aim is to get the warring parties back to the negotiating table (= discussing something ).,他的首要目标就是把交战各方拉回到谈判桌上。
rely,rɪ'laɪ,v. 依靠；信赖,They relied heavily on the advice of their professional advisers.,他们非常依赖专业顾问的建议。
desire,dɪ'zaɪɚ,n. 欲望；要求，心愿；性欲；v. 想要；要求；希望得到…,female sexual desire,女性的性欲
revenue,'rɛvənu,n. 税收，国家的收入；收益,advertising revenue,广告收入
game,ɡem,n. 游戏；比赛；adj. 勇敢的；v. 赌博,The boys were playing a game in the backyard.,男孩们在后院里玩游戏。
draft,dræft,n. 汇票；草稿；选派；（尤指房间、烟囱、炉子等供暖系统中的）（小股）气流；v. 起草；制定；征募；adj. 初步画出或（写出）的；（设计、草图、提纲或版本）正在起草中的，草拟的；以草稿形式的；草图的,the rough draft of his new novel,他的新小说的草稿
separate,(for v.) sɛpəˌret; (for adj.) sɛprɪt,v. 使分离；使分开；使分居；adj. 单独的；分开的；不同的；各自的；；n. 分开；抽印本,This will keep your dressing from separating.,这样可以防止调味汁分层。
reject,rɪ'dʒɛkt,v. 拒绝；排斥；抵制；丢弃；n. 被弃之物或人；次品,Sarah rejected her brother’s offer of help.,萨拉拒绝了她弟弟的帮助。
mental,'mɛntl,adj. 精神的；脑力的；疯的；n. 精神病患者,The centre provides help for people suffering from mental illness .,该中心对精神病患者提供帮助。
essential,ɪ'sɛnʃl,adj. 基本的；必要的；本质的；精华的；n. 本质；要素；要点；必需品,The essential difference between Sam and me was the fact that I took life seriously.,我和萨姆的根本区别在于我是认真对待生活的。
root,rut,n. 根；根源；词根；祖先；v. 生根；根除,tree roots,树根
escape,ɪˈskep,v. 逃避，避开，避免；被忘掉；被忽视；n. 逃跑；逃亡；逃走；逃跑工具或方法；野生种；泄漏,They went to the hills to escape the summer heat.,他们去山中避暑了。
phenomenon,fə'nɑmɪnən,n. 现象；奇迹；杰出的人才,Homelessness is not a new phenomenon .,无家可归已不是什么新现象。
unite,ju'naɪt,v. 使…混合；使…联合；使…团结,Our goal is to unite the opposition parties and defeat the President.,我们的目标是联合各反对党挫败总统。
fair,fɛr,adj. 公平的；美丽的，白皙的；[气象] 晴朗的；adv. 公平地；直接地；清楚地；v. 转晴；n. 展览会；市集；美人,Why does Eric get to go and I don’t? It’s not fair!,为什么埃里克能去我不能？这不公平！
article,'ɑrtɪkl,n. 文章；物品；条款；[语] 冠词；v. 订约将…收为学徒或见习生；使…受协议条款的约束,The paper’s leading article (=  the main article  ) described the government as weak.,该报社论称政府软弱。
discover,dɪ'skʌvɚ,v. 发现；发觉,The body was discovered in a field.,尸体是在一块田地里找到的。
management,'mænɪdʒmənt,n. 管理；管理人员；管理部门；操纵；经营手段,a lack of management skills,缺乏管理技巧
recent,'risnt,adj. 最近的；近代的,Irving’s most recent book,欧文最新的书
recognize,ˈrɛkəɡˌnaɪz,v. 认出，识别；承认,I didn’t recognize you in your uniform.,你穿上制服我认不出你了。
insurance,ɪn'ʃʊrəns,n. 保险；保险费；保险契约；赔偿金,Your father took out insurance to cover the mortgage.,你父亲购买了抵押借款保险。
inevitable,ɪn'ɛvɪtəbl,adj. 必然的，不可避免的,A further escalation of the crisis now seems inevitable.,危机的进一步升级现在看来已不可避免。
original,ə'rɪdʒənl,n. 原件；原作；原物；原型；adj. 原始的；最初的；独创的；新颖的,The colours are much more striking in the original.,原作的色彩要鲜艳得多。
sell,sɛl,v. 销售；推销；出卖；欺骗；n. 销售；失望；推销术,"If you offer him another hundred, I think he’ll sell.",如果你再加一百元钱，我想他会卖的。
status,ˈstætəs; ˈstetəs,n. 地位；状态；情形；重要身份,These documents have no legal status in Britain.,这些文件在英国并无法律效力。
regard,rɪ'ɡɑrd,n. 注意；尊重；问候；凝视；v. 注重，考虑；看待；尊敬；把…看作；与…有关,My husband sends his regards .,我丈夫向你问好。
laughter,'læftɚ,n. 笑；笑声,Foster joined in the laughter.,福斯特也跟着笑了起来。
appeal,ə'pil,v. 呼吁，恳求；上诉；诉诸，求助；有吸引力，迎合爱好；（体育比赛中）诉诸裁判；n. 呼吁，请求；吸引力，感染力；上诉；诉诸裁判,She is not happy with the decision and plans to appeal.,她不服判决，打算上诉。
favor,'fevɚ,v. 赞成；喜欢；像；赐予；证实；n. 喜爱；欢心；好感,,
sensitive,'sɛnsətɪv,adj. 敏感的；感觉的；[仪] 灵敏的；感光的；易受伤害的；易受影响的；n. 敏感的人；有灵异能力的人,a very sensitive child,一个很敏感的小孩
suit,sut,v. 适合；使适应；n. 诉讼；恳求；套装，西装；一套外衣,"Whatever your reason for borrowing, we have the loan that suits your needs .",不管您因何贷款，我们都会有满足您需要的贷款。
crime,kraɪm,n. 罪行，犯罪；罪恶；犯罪活动；vt. 控告……违反纪律,We moved here because there was very little crime.,我们搬到这里来是因为这里的犯罪率很低。
circuit,'sɝkɪt,n. [电子] 电路，回路；巡回；一圈；环道；v. 环行,We did a circuit of the old city.,我们绕着老城走了一圈。
directly,dəˈrektli,adv. 直接地；立即；马上；正好地；坦率地；conj. 一…就,The new property tax law won’t directly affect us.,新的财产税法不会直接影响到我们。
property,'prɑpɚti,n. 性质，性能；财产；所有权,The hotel is not responsible for any loss or damage to guests’ personal property .,宾馆对住客个人财物的丢失和损坏概不负责。
warm,wɔrm,adj. 温暖的；热情的；v. 同情；激动；变温暖；n. 取暖；加热,The house was lovely and warm.,那房子漂亮温暖。
skeptical,'skɛptɪkl,adj. 怀疑的；怀疑论的，不可知论的,Not all theory that we read in this course is skeptical.,我们在这门课中提及的理论不全是怀疑性的。
authority,ə'θɔrəti,n. 权威；权力；当局,an agreement between the US and Colombian authorities,美国和哥伦比亚当局的一份协议
primary,'praɪmɛri,adj. 主要的；初级的；基本的；n. 原色；最主要者,Our primary concern is to provide the refugees with food and health care.,我们的头等大事是向难民提供食品和医疗。
politician,",pɑlə'tɪʃən",n. 政治家，政客,politicians who are trying to get the minority vote,努力争取少数族群选票的政治家
step,stɛp,n. 步，脚步；步骤；步伐；梯级；v. 踏，踩；走,a video of baby’s first steps,一盒婴儿学步的录像带
responsibility,rɪˌspɑːnsəˈbɪləti,n. 责任，职责；义务,Kelly’s promotion means more money and more responsibility.,凯利获得提升，这意味着钱多了，责任也更大了。
possibility,",pɑsə'bɪləti",n. 可能性；可能发生的事物,There’s always a possibility that he might go back to Seattle.,他也许会回到西雅图去，这种可能性一直存在。
chemical,'kɛmɪkl,n. 化学制品，化学药品；adj. 化学的,the organic chemicals industry,有机化学工业
indicate,'ɪndɪket,v. 表明；指出；预示；象征,The study indicates a connection between poverty and crime.,研究显示贫穷和犯罪有关联。
critical,'krɪtɪkl,adj. 鉴定的；[核] 临界的；批评的，爱挑剔的；危险的；决定性的；评论的,He made some highly critical remarks.,他发表了一些严厉的批判性言论。
southern,'sʌðɚn,adj. 南的；南方的；n. 南方人,a southern accent,南部口音
importance,ɪm'pɔrtns,n. 价值；重要；重大；傲慢,He was full of his own importance (= he behaved in an annoying way which showed that he thought he was very important ).,他自以为很了不起。
adjust,ə'dʒʌst,v. 调整，使…适合；校准,Check and adjust the brakes regularly.,经常检查并调节刹车装置。
scale,skel,n. 规模；比例；鳞；刻度；天平；数值范围；v. 衡量；攀登；剥落；生水垢,A structural survey revealed the full scale of the damage.,结构检验揭示了实际受损程度。
everyday,'ɛvrɪde,adj. 每天的，日常的；n. 平时；寻常日子,the problems of everyday life,日常生活中的问题
philosopher,fə'lɑsəfɚ,n. 哲学家；哲人,"Plato, Aristotle, and other Greek philosophers",柏拉图、亚里士多德和其他希腊哲学家
magazine,'mæɡəzin,n. 杂志；弹药库；胶卷盒,a magazine article,杂志中的文章
trouble,'trʌbl,n. 麻烦；烦恼；故障；动乱；v. 麻烦；使烦恼；折磨,Recent stock market losses point to trouble ahead.,最近股市的下跌预示着未来将有麻烦。
traffic,'træfɪk,n. 交通；运输；贸易；[通信] 通信量；v. 用…作交换；在…通行,There wasn’t much traffic on the roads.,路上车辆不多。
size,saɪz,n. 大小；尺寸；adj. 一定尺寸的；v. 依大小排列,"He’s a small boy, about John’s size.",他是个小男孩，个子和约翰差不多。
worm,wɝm,n. 虫，蠕虫；蜗杆；螺纹；小人物；v. 使蠕动；给除虫；使缓慢前进,...a new computer worm that disables security software.,…一种使安全软件失灵的新型计算机蠕虫病毒。
bite,baɪt,v. 咬；刺痛；n. 咬；一口；咬伤；刺痛；abbr. 机内测试设备（Built-In Test Equipment）,The dog bit him and made his hand bleed.,那只狗把他的手咬出血了。
code,kod,n. 代码，密码；编码；法典；v. 编码；制成法典,,
cope,kop,v. 处理；对付；竞争；n. 长袍,Sometimes I find it hard to cope.,有时候我觉得很难应付。
generate,'dʒɛnəret,v. 使形成；发生；生殖；产生物理反应,a useful technique for generating new ideas,能产生新创意的有用技术
modern,'mɑdɚn,adj. 现代的，近代的；时髦的；n. 现代人；有思想的人,Such companies must change if they are to compete in the modern world .,此类公司如果想在现代社会中与别人竞争，就必须有所改变。
payment,'pemənt,n. 付款，支付；报酬，报答；偿还；惩罚，报应,Payment can be made by cheque or credit card.,可以用支票或信用卡付款。
respect,rɪ'spɛkt,n. 尊敬，尊重；方面；敬意；v. 尊敬，尊重；遵守,The boys showed a complete lack of respect for authority.,这些男孩子根本无视权威。
campaign,kæm'pen,v. 作战；参加竞选；参加活动；n. 运动；活动；战役,Jones ran a good campaign.,琼斯的活动搞得很成功。
labor,'lebɚ,n. 劳动；工作；劳工；分娩；v. 劳动；努力；苦干,"No, the supply chains themselves depend on the costs of labor being low.",这绝非如此，因为供应链本身就依赖于低廉的劳动力成本。
colleague,'kɑliɡ,n. 同事，同僚,a colleague of mine from the bank,我在银行的一位同事
element,'ɛləmənt,n. 元素；要素；原理；成分；自然环境,Business and management elements are built into the course.,本课程加入了商务和管理方面的内容。
sight,saɪt,n. 视力；景象；眼界；见解；v. 看见；瞄准；adj. 见票即付的；即席的,Anne’s sight is very good for someone of her age.,安妮的视力对于她这个年龄的人来说算是非常好的。
trust,trʌst,n. 信任，信赖；责任；托拉斯；v. 信任，信赖；盼望；赊卖给,At first there was a lack of trust between them.,起初，他们之间缺乏信任。
link,lɪŋk,n. [计] 链环，环节；联系，关系；v. 连接，连结；联合，结合,Send an email to the above address to report a broken link (= a link that is not working properly ).,如发现链接失败，请发送电子邮件至上述地址告知。
town,taʊn,n. 城镇，市镇；市内商业区,an industrial town in the Midlands,英格兰中部的一座工业城镇
freedom,'fridəm,n. 自由，自主；直率,People here like their freedom and privacy.,这里的人喜欢他们所拥有的自由与隐私权。
partner,'pɑrtnɚ,n. 伙伴；合伙人；配偶；v. 合伙；合股；成为搭档,Discuss your worries with your partner.,和伴侣谈谈你的忧虑。
sit,sɪt,v. 坐；位于；n. (Sit)人名；(东南亚国家华语)硕；(罗)西特,The parliament building sits in a large square.,议会大楼位于一个大广场上。
department,dɪ'pɑrtmənt,n. 部；部门；系；科；局,the personnel department,人事部
manager,'mænɪdʒɚ,n. 经理；管理人员,one of our regional managers,我们的一位地区经理
worth,wɝθ,adj. 值…的；n. 价值；财产,You should not deprecate your own worth.,你不应该贬低你自己的价值。
design,dɪ'zaɪn,v. 设计；计划；构思；n. 设计；图案,The tower was designed by Gilbert Scott.,这座塔楼是吉尔伯特·斯科特设计的。
commit,kə'mɪt,v. 犯罪，做错事；把交托给；指派…作战；使…承担义务,Women commit fewer crimes than men.,女性犯罪比男性少。
ancestor,'ænsɛstɚ,n. 始祖，祖先；被继承人,My ancestors were French.,我的祖先是法国人。
hijack,'haɪdʒæk,v. 抢劫；揩油；n. 劫持；威逼；敲诈,The airliner was hijacked by a group of terrorists.,该航班被一帮恐怖分子劫持。
rest,rɛst,v. 使休息，使轻松；把…寄托于；n. 休息，静止；休息时间；剩余部分；支架,"If you’re tired, we’ll stop and rest for a while.",如果你累了，我们就停下来歇一会儿。
enter,'ɛntɚ,v. 进入；开始；参加；n. [计] 输入；回车,Both the boys entered the army.,两个男孩都参了军。
innovation,",ɪnə'veʃən",n. 创新，革新；新方法,We must encourage innovation if the company is to remain competitive.,公司要想保持竞争力，就必须鼓励革新。
sustain,sə'sten,v. 维持；支撑，承担；忍受；供养；证实,She found it difficult to sustain the children’s interest.,她发现很难保持孩子们的兴趣。
image,'ɪmɪdʒ,n. 影像；想象；肖像；偶像；v. 想象；反映；象征；作…的像,She peered closely at her image in the mirror.,她仔细检视镜子中自己的映像。
retail,'ritel,v. 零售；转述；n. 零售；adv. 以零售方式；adj. 零售的,Their products are retailed all over Britain.,他们的产品在英国各地都有零售。
teenager,'tinedʒɚ,n. 十几岁的青少年；十三岁到十九岁的少年,a TV sex education series aimed at teenagers,一部针对青少年的性教育电视系列片
manner,'mænɚ,n. 方式；习惯；种类；规矩；风俗,He felt some guilt over the manner of her death.,她以这种方式死去，他心里有些内疚。
threaten,'θrɛtn,v. 威胁；恐吓；预示,Postal workers are threatening a strike if they don’t receive a pay increase.,邮政工人威胁如果不加薪，他们就要罢工。
month,mʌnθ,n. 月，一个月的时间,I hope I’ll have finished the work by the end of the month .,我希望我这个月底能完成工作。
international,",ɪntɚ'næʃnəl",n. 国际组织；国际体育比赛；外国居留者；国际股票；adj. 国际的；两国（或以上）国家的；超越国界的；国际关系的；世界的,the response of the international community,国际社会的反响
repeat,rɪ'pit,v. 重复；复制；背诵；n. 重复；副本,Repeat the exercises twice a day.,这套操每天做两次。
neglect,nɪ'glɛkt,v. 疏忽，忽视；忽略；n. 疏忽，忽视；怠慢,"She smoked and drank, neglected the children, and left the clothes unmended.",她抽烟喝酒，既不照顾孩子，也不缝补衣服。
mode,mod,n. 模式；方式；风格；时尚,Set the monitor to 256 colour mode.,把显示器调成256色彩模式。
shop,ʃɑp,n. 商店；店铺；v. 购物,a barber’s shop,理发店
folk,fok,n. 民族；人们；亲属（复数）；adj. 民间的,I’m sure there are some folk who would rather they weren’t here.,我敢肯定有些人宁愿自己不在这里。
justify,'dʒʌstə'fai,v. 证明合法；整理版面,No argument can justify a war.,没有任何理由能证明一个战争有理。
mention,'mɛnʃən,v. 提到，谈到；提及，论及；说起；n. 提及，说起,Was my name mentioned at all?,我的名字被提到过吗？
resistant,rɪ'zɪstənt,adj. 抵抗的，反抗的；顽固的；n. 抵抗者,Some people are very resistant to the idea of exercise.,一些人对锻炼的主意非常抵制。
daily,'delɪ,adj. 日常的；每日的；n. 日报；朝来夜去的女佣；adv. 日常地；每日；天天,daily flights to Miami,每日飞往迈阿密的航班
random,'rændəm,adj. [数] 随机的；任意的；胡乱的；n. 随意；adv. 胡乱地,The company has introduced random drug testing of its employees.,公司已实行对雇员的随机毒品测试。
decline,dɪ'klaɪn,n. 下降；衰退；斜面；v. 下降；衰落；谢绝,Official figures show a sharp decline in the number of foreign tourists.,官方数字显示外国游客数量骤降。
objective,əb'dʒɛktɪv,adj. 客观的；目标的；宾格的；n. 目的；目标；[光] 物镜；宾格,Scientists need to be objective when doing research.,科学家做研究时要客观。
stick,stɪk,v. 刺，戳；伸出；粘贴；n. 棍；手杖；呆头呆脑的人,This stamp won’t stick properly.,这张邮票贴不牢。
factor,'fæktɚ,n. 因素；要素；[物] 因数；代理人；v. 做代理商,The rise in crime is mainly due to social and economic factors.,犯罪率上升主要由社会和经济因素造成。
rail,rel,n. 铁轨；扶手；横杆；围栏；v. 抱怨；责骂,Several passengers were leaning against the ship’s rail.,几名乘客斜靠在轮船的栏杆上。
fall,fɔl,v. 落下；变成；来临；减弱；n. 下降；秋天；瀑布；adj. 秋天的,The tree was about to fall.,那棵树快要倒下了。
refer,rɪ'fɝ,v. 参考；涉及；提到；查阅,"In his speech, he referred to a recent trip to Canada.",在他的讲话中，他提到了最近的加拿大之行。
short,ʃɔrt,adj. 短的；不足的；矮的，低的；n. 短；缺乏；短路；短裤；adv. 不足；突然；唐突地,a short meeting,一个短会
argument,'ɑrɡjumənt,n. 论证；论据；争吵；内容提要,We need to provide a convincing argument as to why the system should be changed.,我们得提出有说服力的论据，证明为何要改变体制。
task,tæsk,v. 分派任务；n. 工作，作业；任务,Jen was tasked with running a charity basketball tournament.,珍被委以举办一场慈善篮球赛的任务。
manage,'mænɪdʒ,v. 管理；经营；控制；设法,He was asked to manage a new department.,他被要求去管理一个新的部门。
low,,adj. 低的，浅的；卑贱的；粗俗的；消沉的；adv. 低声地；谦卑地，低下地；n. 低；低价；低点；牛叫声；v. 牛叫,Their safety standards seem to be pretty low.,他们的安全标准似乎相当低。
presence,'prɛzns,n. 存在；出席；参加；风度；仪态,Your presence is requested at the club meeting on Friday.,敬请出席于周五举行的俱乐部会议。
match,mætʃ,v. 使比赛；使相配；敌得过，比得上；相配；与…竞争；n. 比赛，竞赛；匹配；对手；火柴,We painted the cabinets green to match the rug.,我们把柜子刷成绿色，和地毯相配。
parallel,'pærəlɛl,n. 平行线；对比；v. 使…与…平行；adj. 平行的；类似的，相同的,...the area south of the 38th parallel.,…38度纬线以南的地区。
military,'mɪlətɛri,adj. 军事的；军人的；适于战争的；n. 军队；军人,a military helicopter,军用直升机
conflict,'kɑnflɪkt,n. 冲突，矛盾；斗争；争执；v. 冲突，抵触；争执；战斗,the threat of industrial conflict in the coalfields,煤田发生劳资纠纷的风险
possibly,'pɑsəbli,adv. 可能地；也许；大概,This last task is possibly the most difficult.,这最后一项任务也许是最难的。
addict,'ædɪkt (for n.); əˈdɪkt (for v.),n. 有瘾的人；入迷的人；v. 使沉溺；使上瘾,She is a TV addict and watches as much as she can.,她是一个电视迷，看尽可能多的电视。
joy,dʒɔɪ,n. 欢乐，快乐；乐趣；高兴；v. 欣喜，欢喜,The garden was his pride and joy.,这座花园是他的骄傲和乐趣所在。
puzzle,'pʌzl,v. 使…困惑；使…为难；苦思而得出；n. 谜；难题；迷惑,a question that continues to puzzle scientists,一直困扰科学家的问题
draw,drɔ,v. 画；拉；吸引；n. 平局；抽签,Katie had drawn a cottage with a little stream running next to it.,凯蒂画了一间小茅舍，旁边流淌着一条小溪。
drive,draɪv,v. 开车；猛击；飞跑；n. 驱动器；驾车；[心理] 内驱力，推进力；快车道,the man driving the car,开车的男子
contrast,'kɑntræst,v. 对比；形成对照；n. 对比；差别；对照物,an essay comparing and contrasting (= showing how two things are similar and different ) Verdi and Wagner and their operas,把威尔第和瓦格纳以及他们的歌剧进行比较和对照的一篇文章
background,'bækɡraʊnd,n. 背景；隐蔽的位置；v. 作…的背景；adj. 背景的；发布背景材料的,Students with a background in chemistry will probably find the course easier.,学过化学的学生可能会觉得这门课程容易些。
wall,wɔl,n. 墙壁，围墙；似墙之物；v. 用墙围住，围以墙；adj. 墙壁的,the Great Wall of China,中国的长城
artist,'ɑrtɪst,n. 艺术家；美术家（尤指画家）；大师,an exhibition of paintings by local artists,当地画家的画展
communication,"kə,mjunɪ'keʃən",n. 通讯，[通信] 通信；交流；信函,Good communication is vital in a large organization.,在大机构里良好的沟通是极为重要的。
combine,kəm'baɪn,v. 使化合；使联合，使结合；n. 联合收割机；联合企业,Diets are most effective when combined with exercise.,节食和锻炼相结合是最有效的。
alphabet,'ælfə'bɛt,n. 字母表，字母系统；入门，初步,The modern Russian alphabet has 31 letters.,现代俄语字母表有31个字母。
fight,faɪt,v. 打架；与…打仗，与…斗争；反对…提案；n. 打架；战斗，斗志,Neither country is capable of fighting a long war .,两个国家都没有能力打持久战。
crisis,'kraɪsɪs,n. 危机；危险期；决定性时刻；adj. 危机的；用于处理危机的,The country now faces an economic crisis .,该国目前正面临一场经济危机。
approve,ə'prʊv,v. 批准；赞成；为…提供证据,The conference approved a proposal for a referendum.,会议通过了举行全民公决的提议。
agreement,ə'grimənt,n. 协议；同意，一致,It is easier for two parties to reach agreement than for three.,两方达成一致比三方达成一致容易。
surprise,sɚ'praɪz,n. 惊奇，诧异；突然袭击；v. 使惊奇；奇袭；adj. 令人惊讶的,The man had a look of surprise on his face.,那人脸上一副惊讶的表情。
imagine,ɪ'mædʒɪn,v. 想像；猜想；臆断,Perhaps she’d never really been there at all – perhaps she’d just imagined it.,可能她从未到过那儿——也许这都是她的幻想。
reliable,rɪ'laɪəbl,adj. 可靠的；可信赖的；n. 可靠的人,a birth control method that is cheap and reliable,既便宜又可靠的避孕方法
collect,kə'lɛkt,v. 收集；募捐；adv. 由收件人付款地；adj. 由收件人付款的；n. (Collect)人名；(英)科莱克特,"After 25 years of collecting recipes, she has compiled them into a cookbook.",她搜集了25年食谱，把它们编成一本烹饪书。
forget,fɚ'ɡɛt,v. 忘记；忽略；n. (Forget)人名；(法)福尔热,"I’m sorry, I’ve forgotten your name.",对不起，我忘记你的名字了。
supreme,suˈprim,adj. 最高的；至高的；最重要的；n. 至高；霸权,the Supreme Allied Commander in Europe,欧洲盟军最高指挥官
strain,stren,n. 张力；拉紧；负担；扭伤；血缘；v. 拉紧；尽力,I couldn’t look after him any more; the strain was too much for me.,我不能再照看他了，压力太大。
ready,'rɛdi,adj. 准备好；现成的；迅速的；情愿的；快要…的；n. 现款；预备好的状态；adv. 迅速地；预先；v. 使准备好,Come on. Aren’t you ready yet?,快点，你还没准备好吗？
conservative,kən'sɝvətɪv,adj. 保守的；n. 保守派，守旧者,a very conservative attitude to education,对待教育非常守旧的态度
consume,kənˈsum,v. 消耗，消费；使…著迷；挥霍,Only 27% of the paper we consume is recycled.,我们消耗的纸张只有 27% 得到回收利用。
deny,dɪ'nai,v. 否定，否认；拒绝给予；拒绝…的要求,The government denied the existence of poverty among 16- and 17-year-olds.,政府否认十六七岁的青少年当中存在贫困问题。
trace,tres,v. 追溯；沿路走；n. 痕迹，踪迹；微量；[仪] 迹线；缰绳,Sondheim’s book traces the changing nature of the relationship between men and women.,桑德海姆的这本书研究了男女关系性质的变化。
engage,ɪn'ɡedʒ,v. 吸引，占用；使参加；雇佣；使订婚；预定,She engaged the clutch and the car moved.,她踩下离合器，汽车便开动了。
disappear,'dɪsə'pɪr,v. 消失；失踪；不复存在,At this point the path seemed to disappear altogether (= disappear completely ) .,小路到这里好像完全消失了。
damage,'dæmɪdʒ,n. 损害；损毁；赔偿金；v. 损害；损毁,These chemicals have been found to cause serious environmental damage.,经发现，这些化学物质会造成严重的环境破坏。
misery,'mɪzəri,n. 痛苦，悲惨；不幸；苦恼；穷困,What we are witnessing here is human misery on a vast scale.,我们在这里所目睹的情景是许许多多的人都生活困苦。
saving,'sevɪŋ,n. 节约；挽救；存款；adj. 节约的；挽救的；补偿的；保留的；prep. 考虑到；除之外,Buying a house had taken all their savings.,买房子花掉了他们所有的积蓄。
upset,ʌp'sɛt,v. 使心烦；颠覆；扰乱；adj. 心烦的；混乱的；弄翻的；n. 混乱；翻倒；颠覆,Don’t do anything that would upset him.,别做惹他生气的事情。
chief,tʃif,n. 首领；酋长；主要部分；adj. 首席的；主要的；主任的；adv. 主要地；首要地,Most health chiefs believe the reforms have gone too far.,大多数卫生部领导人都觉得改革搞得过火了。
captive,'kæptɪv,adj. 被俘虏的；被迷住的；n. 俘虏；迷恋者,Her heart had begun to pound inside her chest like a captive animal.,她心如鹿撞，怦怦跳个不停。
opinion,ə'pɪnjən,n. 意见；主张,When choosing an insurance policy it’s best to get an independent opinion.,选择保险时，最好听听专家的独立意见。
understanding,",ʌndɚ'stændɪŋ",n. 谅解，理解；理解力；协议；adj. 了解的；聪明的；有理解力的；v. 理解；明白（understand的ing形式）,We had an understanding that Jean-Claude should never be mentioned.,我们有一个共识，永远不提让－克洛德。
purchase,'pɝtʃəs,n. 购买；紧握；起重装置；v. 购买；赢得,She paid for her purchases and left.,她付钱买好东西离开了。
capable,'kepəbl,adj. 能干的，能胜任的；有才华的,a strong capable woman,一个坚强能干的女人
gap,ɡæp,n. 间隙；缺口；差距；分歧；v. 裂开,a gap in the traffic,车流中的一个空档
remains,rɪ'menz,n. 残余；遗骸,extensive Roman remains (= of ancient buildings ) at Arles,阿尔勒的一大片古罗马遗迹
staff,stæf,n. 职员；参谋；棒；支撑；adj. 职员的；行政工作的；v. 供给人员；给…配备职员,The entire staff has done an outstanding job this year.,今年全体员工工作都非常出色。
atmosphere,'ætməsfɪr,n. 气氛；大气；空气,The hotel had a lovely relaxed atmosphere .,那家宾馆的气氛轻松愉快。
judge,dʒʌdʒ,v. 判断；审判；n. 法官；裁判员,You should never judge a person by their looks.,决不要以貌取人。
characterize,'kærəktə'raɪz,v. 描绘…的特性；具有…的特征,Bright colours characterize his paintings.,明亮的色彩是他绘画作品的特点。
grape,ɡrep,n. 葡萄；葡萄酒；葡萄树；葡萄色,a bunch of grapes,一串葡萄
confuse,kən'fjʊz,v. 使混乱；使困惑,I understand the text but the diagrams are confusing me.,文字我理解，但是图表把我弄糊涂了。
meaning,'minɪŋ,n. 意义；含义；意图；adj. 意味深长的；v. 意味；意思是（mean的ing形式）,Life seemed to have lost its meaning since Janet’s death.,珍妮特去世以后生活似乎失去了意义。
building,'bɪldɪŋ,n. 建筑；建筑物；v. 建筑；建立；增加（build的ing形式）,The offices are on the top two floors of the building.,办公室在大楼最高的两层。
recruit,rɪ'krut,n. 招聘；新兵；新成员；v. 补充；聘用；征募；使…恢复健康,New recruits are sent to the Atlanta office for training.,新成员被送到亚特兰大办事处接受培训。
failure,'feljɚ,n. 失败；故障；失败者；破产,Successful people often aren’t very good at dealing with failure.,一帆风顺的人往往不太擅长应对失败。
blame,blem,v. 责备；归咎于；n. 责备；责任；过失,Don’t blame me – it’s not my fault.,别来怪我——又不是我的错。
definition,",dɛfɪ'nɪʃən",n. 定义；[物] 清晰度；解说,a dictionary definition,词典里的释义
uniform,'junɪfɔrm,adj. 统一的；一致的；相同的；均衡的；始终如一的；n. 制服；v. 使穿制服；使成一样,Grade A eggs must be of uniform size.,A 级鸡蛋必须大小相同。
hotel,ho'tɛl,n. 旅馆，饭店；客栈；vt. 使…在饭店下榻；vi. 进行旅馆式办公,I’ve booked the flights and the hotel.,我已订好机票和酒店。
intelligent,ɪn'tɛlɪdʒənt,adj. 智能的；聪明的；理解力强的,a group of highly intelligent (= very intelligent )students,一组聪明异常的学生
bias,'baɪəs,n. 偏见；偏爱；斜纹；乖离率；v. 使存偏见；adj. 偏斜的；adv. 偏斜地,Students were evaluated without bias.,对学生的评估都是公正的。
option,'ɑpʃən,n. [计] 选项；选择权；买卖的特权,There are a number of options available.,有多种选择。
date,det,n. 日期；约会；年代；枣椰子；v. 过时；注明日期；始于（某一历史时期）,The date on the letter was 30th August 1962.,信上的日期是1962年8月30日。
description,dɪ'skrɪpʃən,n. 描述，描写；类型；说明书,The booklet gives a brief description of each place.,这本小册子对每一个地方都作了简短的介绍。
peculiar,pɪ'kjulɪɚ,adj. 特殊的；独特的；奇怪的；罕见的；n. 特权；特有财产,There was a peculiar smell in the kitchen.,厨房里有一股怪味。
maintain,men'ten,v. 维持；继续；维修；主张；供养,Careers Officers maintain contact with young people when they have left school.,年轻人离开学校以后，职业指导员和他们保持联系。
eliminate,ɪ'lɪmɪnet,v. 消除；排除,a ruthless dictator who eliminated all his rivals,铲除所有异己的残酷独裁者
truth,trʊθ,n. 真理；事实；诚实；实质,How do we know you’re telling us the truth?,我们怎么知道你告诉我们的是真话？
historian,hɪ'stɔrɪən,n. 历史学家,"I am a historian, and I teach in an American university.",我是一位历史学家，在美国一所大学任教。
attempt,ə'tɛmpt,n. 企图，试图；攻击；v. 企图，试图；尝试,He made no attempt to hide his anger.,他毫不掩饰自己的愤怒。
birth,bɝθ,n. 出生；血统，出身；起源,Congratulations on the birth of your daughter!,恭喜你生了个女儿！
topic,'tɑpɪk,n. 主题（等于theme）；题目；一般规则；总论,The environment is a popular topic these days.,如今环境是一个热门话题。
piece,pis,n. 块；件；篇；硬币；v. 修补；接合；凑合,Cut off a piece of wood 5 cm in length.,截下一段五厘米长的木头。
complete,kəm'plit,adj. 完整的；完全的；彻底的；v. 完成,The police were in complete control of the situation.,警方已完全控制了局势。
exclude,ɪk'sklʊd,v. 排除；排斥；拒绝接纳；逐出,a special diet that excludes dairy products,不包含奶制品的特别食谱
energy,'ɛnɚdʒi,n. [物] 能量；精力；活力；精神,The water is heated using energy from the sun.,水是利用太阳能加热的。
entertain,",ɛntɚ'ten",v. 娱乐；招待；怀抱；容纳,Mark usually does the cooking when we entertain.,我们招待客人时通常都是马克下厨。
gain,ɡen,n. 增加；利润；收获；v. 获得；增加；赚到,The Democratic Party needed a net gain of only 20 votes.,民主党只需要增20张选票。
attractive,ə'træktɪv,adj. 吸引人的；有魅力的；引人注目的,an attractive young woman,妩媚动人的年轻女子
shut,ʃʌt,v. 关闭；停业；幽禁；n. 关闭；adj. 关闭的；围绕的,"Shut the window, Ellen!",埃伦，把窗关上！
rose,roz,n. 玫瑰；粉红色；蔷薇（花）；粉红色的葡萄酒；adj. 玫瑰花的；玫瑰色的；粉红色的；带有玫瑰香味的；vt. 使成玫瑰色，使（面颊）发红；使有玫瑰香味；vi. 起义( rise的过去式)；升起；（数量）增加；休会,a dozen red roses,一打红玫瑰
cucumber,"'kjʊ,kʌmbɚ",n. 黄瓜；胡瓜,"The ""gurkophone"" is one of their classics, made from a hollowed cucumber, a pepper and a carrot.","黄瓜管""是他们的经典乐器之一,那是用掏空的黄瓜、辣椒和胡萝卜做的。"
procedure,prə'sidʒɚ,n. 程序，手续；步骤,"On board, we were given the usual talk on safety procedures (= what to do if an accident happens, or to prevent an accident ) .",在飞机上，我们听了例行的飞行安全讲解。
decide,dɪ'saɪd,v. 决定；解决；判决,Has anything been decided yet?,已经作出什么决定了吗？
editor,'ɛdɪtɚ,n. 编者，编辑；社论撰写人；编辑装置,the editor of a book of essays on modern poetry,现代诗歌论文集的编者
survive,sɚ'vaɪv,v. 幸存；生还；幸免于；比活得长,Only 12 of the 140 passengers survived.,140 名乘客中只有 12 人生还。
demonstrate,'dɛmən'stret,v. 证明；展示；论证,The study demonstrates the link between poverty and malnutrition.,这项研究证明了贫困与营养不良之间的联系。
academic,",ækə'dɛmɪk",adj. 学术的；理论的；学院的；n. 大学生，大学教师；学者,He possessed no academic qualifications.,他没有学历。
economics,'ikə'nɑmɪks; 'ɛkə'nɑmɪks,n. 经济学；国家的经济状况,a Harvard professor of economics,哈佛大学的经济学教授
characteristic,",kærəktə'rɪstɪk",adj. 典型的；特有的；表示特性的；n. 特征；特性；特色,the highly characteristic (= very typical ) flint walls of the local houses,当地房子非常有特色的燧石墙
convince,kən'vɪns,v. 说服；使确信，使信服,"Her arguments didn’t convince everyone, but changes were made.",她的论点不能说服每个人，但还是引起了一些变化。
material,mə'tɪrɪəl,adj. 重要的；物质的，实质性的；肉体的；n. 材料，原料；物资；布料,"According to some, the material world is all that exists.",有些人认为，物质世界就是存在的一切。
tree,tri,n. 树；木料；树状物；v. 把赶上树,"As a kid, I loved to climb trees.",小时候，我喜欢爬树。
oppose,ə'poz,v. 反对；对抗，抗争,Congress is continuing to oppose the President’s health care budget.,国会继续反对总统的医疗保健预算。
reward,rɪ'wɔrd,n. [劳经] 报酬；报答；酬谢；v. [劳经] 奖励；奖赏,The school has a system of rewards and punishments to encourage good behaviour.,学校有奖惩制度以鼓励良好行为。
ideal,aɪ'diəl,adj. 理想的；完美的；想象的；不切实际的；n. 理想；典范,advice on how to reach your ideal weight,如何达到理想体重的建议
initial,ɪ'nɪʃəl,adj. 最初的；字首的；v. 用姓名的首字母签名；n. 词首大写字母,"an initial investment of £5,000","5,000英镑的初始投资"
cater,'ketɚ,v. 投合，迎合；满足需要；提供饮食及服务；n. (Cater)人名；(英)凯特,We cater to an exclusive clientele.,我们满足一个特殊客户群的需求。
profession,prə'fɛʃən,n. 职业，专业；声明，宣布，表白,people who work in the professions,从事专业性工作的人
compete,kəm'pit,v. 竞争；比赛；对抗,He will be competing in the 100-metre race.,他将参加100米比赛。
advanced,əd'vænst,adj. 先进的；高级的；晚期的；年老的；v. 前进；增加；上涨（advance的过去式和过去分词形式）,advanced weapon systems,先进的武器系统
basis,'besɪs,n. 基础；底部；主要成分；基本原则或原理,Their claim had no basis in fact (=  it was not true  ) .,他们的说法没有事实根据。
mislead,'mɪs'lid,v. 误导；带错,"Don’t be misled by appearances, he’s a good worker.",不要被表象迷惑，他工作干得挺不错的。
confront,kən'frʌnt,v. 面对；遭遇；比较,The problems confronting the new government were enormous.,新政府面临的难题是巨大的。
entire,ɪn'taɪɚ,adj. 全部的，整个的；全体的；n. (Entire)人名；(英)恩泰尔,It was the worst day in my entire life.,那是我一生中最糟糕的一天。
contrary,'kɑntrɛri,adj. 相反的；对立的；adv. 相反地；n. 相反；反面,Two contrary views emerged.,出现了两种相反的观点。
practical,'præktɪkl,adj. 实际的；实用性的,Candidates should have training and practical experience in basic electronics.,应征者应该具备基础电子学方面的培训和实践经验。
vary,ˈveri,v. 变化；变异；违反；n. (Vary)人名；(英、法、罗、柬)瓦里,Quentin’s mood seems to vary according to the weather.,昆廷的情绪似乎随天气而变化。
pursue,pə'sʊ,v. 继续；从事；追赶；纠缠,She plans to pursue a career in politics.,她计划从政。
temporary,'tɛmpə'rɛri,adj. 暂时的，临时的；n. 临时工，临时雇员,temporary pain relief,疼痛的暂时缓解
dramatic,drə'mætɪk,adj. 戏剧的；急剧的；引人注目的；激动人心的,A superb goal by Owen earned United a dramatic victory yesterday.,昨天欧文的一个超级入球为联队赢得了激动人心的胜利。
vulnerable,'vʌlnərəbl,adj. 易受攻击的，易受…的攻击；易受伤害的；有弱点的,He took advantage of me when I was at my most vulnerable.,他在我最脆弱的时候利用了我。
represent,",rɛprɪ'zɛnt",v. 代表；表现；描绘；回忆；再赠送,Mr Kobayashi was chosen to represent the company at the conference.,小林先生被选中代表公司出席会议。
invention,ɪn'vɛnʃən,n. 发明；发明物；虚构；发明才能,The dishwasher is a wonderful invention.,洗碗机是一项奇妙的发明。
plenty,'plɛnti,n. 丰富，大量；充足；adj. 足够的，很多的；adv. 足够,a land of plenty,一片富饶的土地
gather,'ɡæðɚ,v. 收集；收割；使…聚集；使…皱起；n. 聚集；衣褶；收获量,A crowd gathered to watch the fight.,一群人聚拢来围观打架。
civil,'sɪvl,adj. 公民的；民间的；文职的；有礼貌的；根据民法的；n. (Civil)人名；(土)吉维尔；(法)西维尔,They were married in a civil ceremony in May.,他们在五月份举行了世俗婚礼。
criminal,'krɪmɪnl,n. 罪犯；adj. 刑事的；犯罪的；罪恶的,Police have described the man as a violent and dangerous criminal.,警方形容那名男子是个凶暴而危险的罪犯。
brand,brænd,v. 铭刻于，铭记；打烙印于；印…商标于；n. 商标，牌子；烙印,The owner couldn't be bothered to brand the cattle.,主人懒得给这牛打上烙印。
boom,buːm,v. 使兴旺；发隆隆声；n. 繁荣；吊杆；隆隆声,Guns boomed in the distance.,远处大炮隆隆作响。
systematic,'sɪstə'mætɪk,adj. 系统的；体系的；有系统的；[图情] 分类的；一贯的，惯常的,They went about their business in a systematic way.,他们按部就班地做生意。
substantial,səbˈstænʃəl,adj. 大量的；实质的；内容充实的；n. 本质；重要材料,We have the support of a substantial number of parents.,我们有相当多家长的支持。
opening,'opənɪŋ,n. 开始；机会；通路；空缺的职位；adj. 开始的；v. 开放（open的ing形式）；打开；公开,There are very few openings in scientific research.,科学研究领域很少有职位空缺。
interesting,'ɪntrəstɪŋ,adj. 有趣的；引起兴趣的，令人关注的,That’s an interesting question.,那是一个有趣的问题。
component,kəm'ponənt,adj. 组成的，构成的；n. 成分；组件；[电子] 元件,Gorbachev failed to keep the component parts of the Soviet Union together.,戈尔巴乔夫没能使苏联各组成部分保持在一起。
refuse,ri'fjʊz,n. 垃圾；废物；v. 拒绝；不愿；抵制,a refuse dump,垃圾场
medicine,'mɛdsn,n. 药；医学；内科；巫术；v. 用药物治疗；给…用药,Medicines should be kept out of the reach of children.,药应放在孩子够不到的地方。
pleasure,ˈplɛʒɚ,n. 快乐；希望；娱乐；令人高兴的事；vt. 使高兴；使满意；vi. 高兴；寻欢作乐,the simple pleasures of life,生活中的简单乐趣
team,tim,n. 队；组；v. 使合作,Which team do you support?,你支持哪个队？
goods,ɡʊdz,n. 商品；动产；合意的人；真本领,the large market for consumer goods,庞大的消费品市场
modify,'mɑdɪfaɪ,v. 修改，修饰；更改,The feedback will be used to modify the course for next year.,这些反馈意见将用于修改明年的课程。
sport,spɔrt,n. 运动；游戏；娱乐；运动会；玩笑；v. 游戏；adj. 运动的,the sport of falconry,放鹰狩猎运动
vote,vot; voʊt,n. 投票，选举；选票；得票数；v. 提议，使投票；投票决定；公认,A vote for us is not a wasted vote.,投我们的票是不会白投的。
dose,dos,n. 剂量；一剂，一服；v. 服药,I quite like Jamie in small doses (= in limited amounts but not a lot or often ) .,如果偶尔在一起的话，我还是蛮喜欢杰米的。
wear,wɛr,n. 衣物；磨损；耐久性；v. 穿着；用旧；耗损；面露,Replace your trainers when they start to show signs of wear.,运动鞋开始出现磨损迹象就要更换。
theme,θim,n. 主题；主旋律；题目；adj. 以奇想主题布置的,The book’s theme is the conflict between love and duty.,本书的主题是爱与责任之间的冲突。
north,nɔrθ,n. 北，北方；adj. 北方的；朝北的；adv. 在北方，向北方,Which way is north?,哪边是北？
leadership,'lidɚʃɪp,n. 领导能力；领导阶层,The US must now take a firm leadership role.,美国现在必须扮演一个强有力的领导人角色。
gift,ɡɪft,n. 礼物；天赋；赠品；v. 赋予；向…赠送,The earrings were a gift from my aunt.,这副耳环是我姑姑送给我的礼物。
liberal,'lɪbərəl,adj. 自由主义的；慷慨的；不拘泥的；宽大的；n. 自由主义者,a more liberal attitude towards sexuality,对两性关系比较开通的态度
conservation,",kɑnsɚ'veʃən",n. 保存，保持；保护,wildlife conservation,野生生物保护
round,raʊnd,n. 圆；循环；一回合；圆形物；adj. 圆的；完全的；大概的；肥胖的；adv. 在周围；迂回地；朝反方向；挨个；v. 完成；围捕；绕行；弄圆；prep. 附近；绕过；大约；在…周围,I played a round of golf on Sunday morning.,星期天早上我打了一场高尔夫球。
insist,ɪn'sɪst,v. 坚持，强调,Stay for supper – I insist!,留下来吃晚餐——一定的！
object,'ɑbdʒɛkt,n. 目标；物体；客体；宾语；v. 提出…作为反对的理由,an everyday object such as a spoon,调羹之类的日常用品
token,'tokən,n. 表征；代币；记号；adj. 象征的；表意的；作为对某事的保证的；vt. 象征；代表,...slot-machine tokens.,…自动贩卖机使用的代用币。
active,'æktɪv,adj. 积极的；活跃的；主动的；有效的；现役的；n. 主动语态；积极分子,games for active youngsters,活跃好动的年轻人玩的游戏
gradual,'ɡrædʒuəl,adj. 逐渐的；平缓的；n. 弥撒升阶圣歌集,There has been a gradual change in climate.,气候渐渐发生了变化。
diverse,daɪ'vɝs,adj. 不同的；多种多样的；变化多的,The building houses a wide and diverse variety of antiques.,这栋楼里摆放着大量各式各样的古董。
club,klʌb,n. 俱乐部，社团；夜总会；棍棒；（扑克牌中的）梅花；v. 用棍棒打；募集；adj. 俱乐部的,Manchester United Football Club,曼联（队）足球俱乐部
grammar,'græmɚ,n. 语法；语法书,Check your spelling and grammar.,检查你的拼写和语法。
narrow,'næro,adj. 狭窄的，有限的；勉强的；精密的；度量小的；n. 海峡；狭窄部分，隘路；v. 使变狭窄,The stairs were very narrow.,楼梯非常狭窄。
appointment,ə'pɔɪntmənt,n. 任命；约定；任命的职位,All consultations are by appointment only .,就诊必须预约。
male,mel,adj. 男性的；雄性的；有力的；n. 男人；雄性动物,a deep male voice,低沉的男声
transaction,træn'zækʃən,n. 交易；事务；办理；会报，学报,The bank charges a fixed rate for each transaction.,银行对每一笔业务收取固定费用。
creative,krɪ'etɪv,adj. 创造性的,This job is so boring. I wish I could do something more creative.,这工作太单调了，我希望能做些更有创造性的事情。
behalf,bɪ'hæf,n. 代表；利益,She asked the doctor to speak to her parents on her behalf.,她请医生代她同她父母谈谈。
talent,'tælənt,n. 才能；天才；天资,"He has a lot of talent , and his work is fresh and interesting.",他很有天赋，作品新颖有趣。
subtle,'sʌtl,adj. 微妙的；精细的；敏感的；狡猾的；稀薄的,"The pictures are similar, but there are subtle differences between them.",这些图片很相似，但它们之间有细微的差别。
prior,'praɪɚ,adj. 优先的；在先的，在前的；adv. 在前，居先；n. (Prior)人名；(法、西、葡、捷)普里奥尔；(英)普赖尔；(意)普廖尔,You do not need any prior knowledge of the subject.,你无需事先具备该方面的知识。
duty,'dʊti,n. 责任；[税收] 关税；职务,I promise I will do my duty .,我保证会尽到我的责任。
application,ˌæpləˈkeʃən,n. 应用；申请；应用程序；敷用,We receive hundreds of job applications each year.,我们每年收到数百封求职信。
print,prɪnt,n. 印刷业；印花布；印刷字体；印章；印记；v. 印刷；打印；刊载；用印刷体写；在…印花样,There was no print at all on the backs of the tickets.,门票背面没有印任何文字。
forward,'fɔrwɚd,adj. 向前的；早的；迅速的；adv. 向前地；向将来；v. 促进；转寄；运送；n. 前锋,Army roadblocks prevented any further forward movement .,有军队的路障，不能继续前行了。
notice,'notɪs,n. 通知，布告；注意；公告；v. 通知；注意到；留心,I waved but they took no notice.,我挥了挥手，可是他们没有注意到。
fun,fʌn,n. 乐趣；玩笑；有趣的人或事；adj. 供娱乐用的；vi. 开玩笑,There’s plenty of fun for all the family.,可以让全家人玩得很开心。
fortune,'fɔrtʃən,n. 财富；命运；运气；vt. 给予财富；vi. 偶然发生,I had the good fortune to work with a brilliant head of department.,我有幸与一位出色的部门主管共事。
rich,rɪtʃ,adj. 富有的；肥沃的；昂贵的；n. (Rich)人名；(丹)里克；(捷)里赫；(英、西)里奇；(葡、法)里什,Rich mineral deposits have been found in the sea bed.,海底发现有丰富的矿床。
safety,'sefti,n. 安全；保险；安全设备；保险装置；安打,"You shouldn’t travel alone, for safety’s sake .",为安全起见，不要独自一人旅行。
notion,'noʃən,n. 概念；见解；打算,She had no notion what he meant.,她根本不明白他是什么意思。
prospect,'prɑspɛkt,n. 前途；预期；景色；v. 勘探，找矿,"I had no job, no education, and no prospects .",我没有工作，没受过什么教育，前途渺茫。
juvenile,'dʒʊvənaɪl,adj. 青少年的；幼稚的；n. 青少年；少年读物,juvenile crime,少年犯罪
fulfill,,v. 履行；实现；满足；使结束（等于fulfil）,,
explore,ɪk'splɔr,v. 探索；探测；探险,Management need to explore ways of improving office security.,管理层需要探讨如何加强办事处的安全措施。
enable,ɪ'nebl,v. 使能够，使成为可能；授予权利或方法,The new test should enable doctors to detect the disease early.,新的检验使医生能在早期发现该种疾病。
solution,sə'luʃən,n. 解决方案；溶液；溶解；解答,The best solution would be for them to separate.,最好的解决方法是他们分开。
affair,ə'fɛr,n. 事情；事务；私事；（尤指关系不长久的）风流韵事,Are you interested in world affairs?,你对世界大事感兴趣吗？
slow,sloʊ,adj. 慢的；减速的；迟钝的；v. 变慢；变萧条；adv. 慢慢地；迟缓地；n. (Slow)人名；(英)斯洛,The car was travelling at a very slow speed.,汽车正以非常慢的速度行驶。
aware,ə'wɛr,adj. 意识到的；知道的；有…方面知识的；懂世故的；n. (Aware)人名；(阿拉伯、索)阿瓦雷,Mr Braley has been made aware of the need for absolute secrecy.,布雷利先生被告知需要绝对保密。
ticket,'tɪkɪt,n. 票；入场券，标签；（美）候选人名单；证明书；交通罚款单；v. 加标签于；指派；对…开出交通违规罚单,How much does it say on the price ticket ?,价签上标明的价格是多少？
immune,ɪ'mjʊn,adj. 免疫的；免于……的，免除的；n. 免疫者；免除者,"Once we’ve had the disease, we’re immune for life.",我们一旦得过这种病，就获得了终身免疫力。
phrase,frez,"n. 短语, 习语, 措辞, 乐句；v. 措词, 将(乐曲)分成乐句",Who first used the phrase ‘survival of the fittest’?,“适者生存”这一说法最早是谁说的？
leading,'lidɪŋ,adj. 领导的；主要的；n. 领导；铅板；行距；v. 领导（lead的ing形式）,The army played a leading role in organizing the attempted coup.,军队在策划这场未遂政变的过程中起了最主要的作用。
expand,ɪk'spænd,v. 扩张；使膨胀；详述,The computer industry has expanded greatly over the last decade.,计算机行业在过去十年间大大地发展起来。
tip,tɪp,v. 给小费；翻倒；倾覆；n. 小费；尖端；小建议，小窍门；轻拍,Did you tip the waiter?,你给侍应生小费了吗？
propose,prə'poz,v. 建议；打算，计划；求婚,the changes currently proposed by the local planning authorities,目前由地方规划局提议的改革
budget,'bʌdʒɪt,n. 预算，预算费；v. 安排，预定；把…编入预算；adj. 廉价的,We had a really tight budget .,我们的预算很紧。
die,daɪ,v. 死亡；凋零；熄灭；n. 冲模，钢模；骰子,He died in 1985 at the age of 76.,他1985年去世，终年76岁。
transform,træns'fɔrm,v. 改变，使…变形；转换,Increased population has transformed the landscape.,人口的增加使景观发生了变化。
join,dʒɔɪn,v. 参加；结合；连接；n. 结合；连接；接合点,Many sacrificed their weekend to join the hunt for the missing girl.,许多人牺牲周末时间，加入了寻找失踪女孩的行动。
priority,praɪ'ɔrəti,n. 优先；优先权；[数] 优先次序；优先考虑的事,The club’s priority is to win the League.,该俱乐部首先考虑的是要赢得联赛。
dominate,'dɑmɪnet,v. 控制；支配；占优势；在…中占主要地位,The industry is dominated by five multinational companies.,这个行业受五家跨国公司控制。
lower,'loɚ,v. 减弱，减少；放下，降下；贬低；adj. 下游的；下级的；下等的；n. (Lower)人名；(英、意)洛厄,Do you think we should lower the price?,你觉得我们应该降价吗？
category,'kætəɡɔri,n. 种类，分类；[数] 范畴,people in the over-45 age category,属45岁以上年龄组的人
branch,bræntʃ,v. 分支；出现分歧；n. 树枝，分枝；分部；支流,"When you reach the village green, the street branches into two .",到了村中心的公共草地，这条街就分岔成两条路。
significant,sɪɡ'nɪfɪkənt,adj. 重大的；有效的；有意义的；值得注意的；意味深长的；n. 象征；有意义的事物,His most significant political achievement was the abolition of the death penalty.,他政治上最重大的成就是废除了死刑。
imply,ɪm'plai,v. 意味；暗示；隐含,an implied threat,隐含的威胁
endeavor,ɪn'dɛvɚ,n. 努力；尽力（等于endeavour）；v. 努力；尽力（等于endeavour）,"She improved visibly from day to day, until Martin wondered if he was doing right, for he knew that all her compliance and endeavor was for his sake.",她一天比一天进步了，直到马丁怀疑起自己的做法是否得体。 因为他明白她的这一切迁就和努力都是为了他。
sex,sɛks,n. 性；性别；性行为；色情；v. 引起…的性欲；区别…的性别,All you see on TV is sex and violence these days.,如今在电视上看到的尽是性和暴力。
actor,'æktɚ,n. 男演员；行动者；作用物,His father was an actor in the Cantonese Opera Company.,他父亲曾是粤剧团的一名演员。
counsel,'kaʊnsl,n. 法律顾问；忠告；商议；讨论；决策；v. 建议；劝告,He had always been able to count on her wise counsel.,他总是能够指望她明智的忠告。
conventional,kən'vɛnʃənl,adj. 符合习俗的，传统的；常见的；惯例的,Internet connections through conventional phone lines are fairly slow.,通过传统的电话线来连接因特网速度很慢。
evolve,ɪ'vɑlv,v. 发展，进化；进化；使逐步形成；推断出,Animals have evolved camouflage to protect themselves from predators.,动物进化形成了伪装，以保护自身不被捕食性动物所捕食。
worst,wɝst,adj. 最差的，最坏的；最不利的；效能最低的；n. 最坏；最坏的时候；adv. 最坏地；最不利地,This is the worst recession for fifty years.,这是50年来最严重的一次经济衰退。
estimate,"'ɛstə,met",v. 估计，估价；n. 估计，估价；判断，看法,Try to estimate how many steps it will take to get to a close object.,估计一下需要多少步才能到达一个近距目标。
assess,ə'sɛs,v. 评定；估价；对…征税,The test was to assess aptitude rather than academic achievement.,该测试将评估能力而不是学业成绩。
instance,'ɪnstəns,n. 实例；情况；建议；v. 举为例,"We need to rethink the way we consume energy. Take, for instance, our approach to transport.",我们需要重新考虑我们使用能源的方式，例如我们的运输方式。
criticize,'krɪtə'saɪz,v. 批评；评论；非难,Ron does nothing but criticize and complain all the time.,罗恩什么也不干，只是一味指责和抱怨。
dedicate,'dɛdɪket,v. 致力；献身；题献,"For the next few years, she dedicated herself to her work.",随后的几年里，她全身心地投入工作。
compromise,'kɑmprəmaɪz,v. 妥协；危害；n. 妥协，和解；折衷,She admitted that she was unable to compromise.,她承认自己无法作出妥协。
premier,prɪ'mɪr,adj. 第一的；最初的；n. 总理，首相,one of Dublin’s premier hotels,都柏林最好的酒店之一
salary,'sæləri,vt. 给加薪；给薪水；n. 薪水,"The average salary for a teacher is $39,000 a year.","教师的平均工资是39,000美元一年。"
planet,'plænɪt,n. 行星,The picture shows six of the nine planets in the solar system.,这张图片展示太阳系9个行星中的6个行星。
lobby,'lɑbi,n. 大厅；休息室；会客室；游说议员的团体；v. 对……进行游说,a hotel lobby,宾馆大堂
smile,smaɪl,v. 微笑；n. 微笑；笑容；喜色,her smiling face,她的笑脸
furthermore,",fɝðɚ'mɔr",adv. 此外；而且,"He is old and unpopular. Furthermore, he has at best only two years of political life ahead of him.",他年纪已老，又不得人心，而且他最多也只有两年的政治生命了。
bet,bɛt,n. 打赌，赌注；被打赌的事物；v. 打赌；敢断定，确信,a £50 bet,50英镑的赌注
competitive,kəm'pɛtətɪv,adj. 竞争的；比赛的；求胜心切的,Competitive sports encourage children to work together as a team.,竞技体育鼓励孩子们进行团队协作。
bush,,n. 灌木；矮树丛；v. 以灌木装饰；使…精疲力竭；adj. 如灌木般长得低矮的；粗野的,a rose bush,玫瑰丛
connection,kə'nɛkʃən,n. 连接；关系；人脉；连接件,Police have so far failed to establish a connection between the two murders.,到目前为止警方尚未确定两宗凶杀案之间有关联。
picture,'pɪktʃɚ,n. 照片，图画；影片；景色；化身；v. 画；想像；描写,The room had several pictures on the walls.,那个房间墙上有几幅画。
cognitive,'kɑɡnətɪv,adj. 认知的，认识的,cognitive psychology,认知心理学
aim,em,v. 目的在于；引导；把…对准；n. 目的；目标；对准,Denver aimed his gun but did not shoot.,丹佛举枪瞄准，但是没有射击。
afford,ə'fɔrd,v. 给予，提供；买得起；n. (Afford)人名；(英)阿福德,The room affords a beautiful view over the city.,这房间可以俯瞰城市美景。
cite,saɪt,v. 引用；传讯；想起；表彰,The passage cited above is from a Robert Frost poem.,以上的引文出自罗伯特•弗罗斯特的一首诗。
typical,'tɪpɪkl,adj. 典型的；特有的；象征性的,typical British weather,典型的英国天气
movement,'muvmənt,n. 运动；活动；运转；乐章,It's part of a broader nationalist movement that's gaining strength throughout the country.,这是一场正在全国范围内日益壮大的更为广泛的民族主义运动的一部分。
commerce,'kɑmɝs,n. 贸易；商业；商务,measures promoting local commerce and industry,促进地方工商业发展的措施
universal,'jʊnə'vɝsl,adj. 普遍的；通用的；宇宙的；全世界的；全体的；n. 一般概念；普通性,free universal healthcare,免费的全民保健制度
nose,noz,n. 鼻子；嗅觉；突出的部分；探问；v. 嗅；用鼻子触,Someone punched him on the nose.,有人一拳打在他的鼻子上。
restore,rɪ'stɔr,v. 恢复；修复；归还,She was hoping that the Mediterranean climate would restore her to full health.,她希望地中海的气候能使她的身体完全复原。
quarter,'kwɔrtɚ,n. 四分之一；地区；季度；一刻钟；两角五分；节；v. 住宿；驻扎；num. 四分之一,It’s about a page and a quarter.,大概是一又四分之一页。
significance,sɪɡ'nɪfɪkəns,n. 意义；重要性；意思,Ideas about the social significance of religion have changed over time.,有关宗教的社会意义的观念已随时间的流逝发生了改变。
elite,ɪˈliːt,n. 精英；精华；中坚分子,a struggle for power within the ruling elite ,统治阶层内部的争权夺利
permission,pɚ'mɪʃən,n. 允许，许可,He asked permission to leave the room.,他请求离开房间的许可。
regulation,ˌrɛɡjəˈleʃən,n. 管理；规则；校准；adj. 规定的；平常的,There seem to be so many rules and regulations these days.,如今好像条条框框很多。
quote,kwot,v. 报价；引述；举证；n. 引用,He quoted a short passage from the Bible.,他引用了《圣经》里的一小段。
monopoly,mə'nɑpəli,n. 垄断；垄断者；专卖权,a monopoly in copper trading,对铜交易的垄断
anxiety,æŋ'zaɪəti,n. 焦虑；渴望；挂念；令人焦虑的事,his feelings of anxiety,他焦虑的心情
save,sev,v. 节省；保存；储蓄；解救；prep. 除之外；n. 救援,He managed to save enough to buy a small house.,他想办法攒够钱买了一幢小房子。
minister,'mɪnɪstɚ,n. 部长；大臣；牧师；v. 执行牧师职务；辅助或伺候某人,a senior Cabinet minister,资深的内阁部长
character,'kærəktɚ,n. 性格，品质；特性；角色；[计] 字符；v. 印，刻；使具有特征,He has a cheerful but quiet character.,他的性格乐观文静。
highly,'haɪli,adv. 高度地；非常；非常赞许地,Tom’s mother was highly critical of the school’s approach.,汤姆的母亲对学校的处理方法持强烈的批评态度。
west,wɛst,n. 西；西方；西部；adj. 西方的；朝西的；adv. 在西方；向西方；自西方,There’s a slight chance of some sunshine in the west.,西部地区见晴的可能性不大。
undergraduate,",ʌndɚ'ɡrædʒuət",n. 大学生；大学肄业生；adj. 大学生的,second-year undergraduates,大学二年级学生
arouse,ə'raʊz,v. 引起；唤醒；鼓励,Matt’s behavior was arousing the interest of the neighbors.,马特的行为渐渐引起了邻居的兴趣。
exert,ɪɡ'zɝt,v. 运用，发挥；施以影响,They exerted considerable influence within the school.,他们在校内施加了很大的影响力。
seat,sit,n. 座位；所在地；职位；v. 使…坐下；可容纳…的；使就职,I was in the back seat and Jo was driving.,我在后座，乔开车。
adopt,ə'dɑpt,v. 采取；接受；收养；正式通过,Sally was adopted when she was four.,莎莉四岁时被人收养。
south,saʊθ,n. 南方，南边；南部；adv. 在南方，向南方；adj. 南的，南方的,Which way is south?,哪面是南？
select,sə'lɛkt,v. 挑选；选拔；adj. 精选的；挑选出来的；极好的；n. 被挑选者；精萃,a group of students selected at random,随机挑选出来的一组学生
explanation,",ɛksplə'neʃən",n. 说明，解释；辩解,She told the court she would give a full explanation of the prosecution's decision on Monday.,她告诉法庭她将在星期一就控方的决定做出详尽的解释。
thesis,'θisɪs,n. 论文；论点,Cynthia’s still working on her thesis.,辛西娅还在写论文。
sound,saʊnd,v. 听（诊）；测量，测…深；使发声；试探；宣告；n. 声音，语音；噪音；海峡；吵闹；听力范围；[医] 探条；adj. 健全的，健康的；合理的；可靠的；有效彻底的；adv. 彻底地，充分地,Several earlier studies had sounded similar warnings .,早先的几次研究也提出过类似的警告。
regular,'rɛgjəlɚ,adj. 定期的；有规律的；合格的；整齐的；普通的；n. 常客；正式队员；中坚分子；adv. 定期地；经常地,The company holds regular meetings with employees.,公司定期召集雇员开会。
corporation,",kɔrpə'reʃən",n. 公司；法人（团体）；社团；大腹便便；市政当局,He works for a large American corporation.,他在一家美国大公司工作。
pour,pɔr,n. 倾泻；流出；骤雨；v. 灌，注；倒；倾泻；倾吐,She poured coffee for everyone.,她为每个人都倒了咖啡。
pose,poz,v. 造成，形成；摆姿势；装模作样；提出…讨论；n. 姿势，姿态；装模作样,Rising unemployment is posing serious problems for the administration.,失业率上升正在给政府造成严重的问题。
detect,dɪ'tɛkt,v. 察觉；发现；探测,Many forms of cancer can be cured if detected early.,如果发现得早，许多种癌症都可以治愈。
lie,,v. 躺；说谎；位于；展现；n. 谎言；位置,The town lies in a small wooded valley.,该城镇坐落于一个林木茂盛的山谷中。
triumph,'traɪʌmf,n. 胜利，凯旋；欢欣；v. 获得胜利，成功,Winning the championship is a great personal triumph .,赢得冠军是伟大的个人成就。
struggle,'strʌɡl,v. 奋斗，努力；挣扎；n. 努力，奋斗；竞争,The team has been struggling all season.,整个赛季球队都打得很艰难。
unlike,'ʌn'laɪk,adj. 不同的，不相似的；prep. 和…不同，不像,Tammy was unlike any other woman I have ever known.,塔米和我认识的其他女人都不一样。
powerful,'paʊɚfl,adj. 强大的；强有力的；adv. 很；非常,He was one of the most powerful men in Bohemia.,他是波希米亚最有权势的人物之一。
eventually,ɪ'vɛntʃuəli,adv. 最后，终于,He eventually escaped and made his way back to England.,他终于逃脱并返回英格兰。
version,'vɝʒn,n. 版本；译文；倒转术,the human version of mad cow disease,疯牛病的人类变体
regardless,rɪ'ɡɑrdləs,adj. 不管的；不顾的；不注意的；adv. 不顾后果地；不管怎样，无论如何；不惜费用地,Despite her recent surgery she has been carrying on regardless.,尽管她最近动了手术，她却一直在不顾一切地继续工作。
shape,ʃep,n. 形状；模型；身材；具体化；v. 形成；塑造，使成形；使符合,What shape is the table?,那张桌子是什么形状的？
drop,drɑp,v. 滴；使降低；使终止；随口漏出；n. 滴；落下；空投；微量；滴剂,Temperatures can drop to freezing at night.,晚上气温能陡降到零度以下。
span,spæn,n. 跨度，跨距；范围；v. 跨越；持续；以手指测量,"It is a very pretty butterfly, with a 2 inch wing span.",它是一只非常漂亮的蝴蝶，翅膀张开有2英寸宽。
alike,ə'laɪk,adj. 相似的；相同的；adv. 以同样的方式；类似于,My mother and I are alike in many ways.,我和母亲在许多方面很相似。
royal,'rɔɪəl,adj. 皇家的；盛大的；女王的；高贵的；第一流的；n. 王室；王室成员,the royal palace,王宫
subsidy,'sʌbsədi,n. 补贴；津贴；补助金,European farmers are planning a massive demonstration against farm subsidy cuts.,欧洲的农场主们正在策划一场反对削减农场补贴的大游行。
scene,sin,n. 场面；情景；景象；事件,He photographed a wide range of street scenes.,他拍下了丰富多彩的街景。
space,spes,n. 空间；太空；距离；v. 留间隔,How much space is there on each disk?,每张磁盘有多大容量？
mere,mɪr,adj. 仅仅的；只不过的；n. 小湖；池塘,She lost the election by a mere 20 votes.,她仅仅以20票之差落选。
expensive,ɪk'spɛnsɪv,adj. 昂贵的；花钱的,the most expensive restaurant in town,城里最贵的餐馆
card,kɑrd,n. 卡片；纸牌；明信片；v. 记于卡片上,Employees must show their identity cards at the gate.,雇员在大门口必须出示自己的身份卡。
vast,væst,adj. 广阔的；巨大的；大量的；巨额的；n. 浩瀚；广阔无垠的空间,The refugees come across the border in vast numbers.,大量难民涌过边境。
originate,əˈrɪdʒəˌnet,v. 引起；创作,The technique was originated by an Italian artist.,这种技艺由一位意大利艺术家首创。
cheer,tʃɪr,v. 欢呼；使高兴；为…加油；n. 欢呼；愉快；心情；令人愉快的事,Everybody cheered when the firemen arrived.,消防员到达时，大家都欢呼起来。
addition,ə'dɪʃən,n. 添加；[数] 加法；增加物,This is a fine book; a worthy addition to the series.,这是一本好书——是对这套丛书有价值的增补。
target,'tɑrɡɪt,n. 目标；靶子；v. 把……作为目标；规定……的指标；瞄准某物,There is no target date for completion of the new project.,这个新的项目何时完工没有预定日期。
deserve,dɪ'zɝv,v. 应受，应得,What have I done to deserve this?,我做了什么事，要得到这样的报应？
constitution,'kɑnstə'tʊʃən,n. 宪法；体制；章程；构造；建立，组成；体格,The right to speak freely is written into the Constitution of the United States.,言论自由的权利被写入美国宪法。
appreciate,ə'priʃɪet,v. 欣赏；感激；领会；鉴别,"Thanks ever so much for your help, I really appreciate it.",多谢你的帮助，我真的很感激。
consequently,'kɑnsəkwɛntli,adv. 因此；结果；所以,"Most computer users have never received any formal keyboard training. Consequently, their keyboard skills are inefficient.",大多数的电脑使用者都没有经过正规的键盘操作训练，因此他们的键盘技巧不够熟练。
cooperate,koʊˈɑːpəreɪt,v. 合作，配合；协力,They agreed to co-operate with Brazil on a programme to protect the rain forests.,他们同意和巴西合作进行一个保护热带雨林的项目。
feed,fid,v. 喂养；供给；放牧；抚养（家庭等）；靠…为生；n. 饲料；饲养；（动物或婴儿的）一餐,Feed the tomatoes once a week.,每周给番茄施一次肥。
crucial,'krʊʃəl,adj. 重要的；决定性的；定局的；决断的,The conservation of tropical forests is of crucial importance .,保护热带雨林至关重要。
director,dɪˈrɛktɚ; daɪˈrɛktɚ,n. 主任，主管；导演；人事助理,The company is run by a board of directors (= a group of directors ) .,这家公司由董事会管理。
length,[leŋθ],n. 长度，长；时间的长短；（语）音长,We measured the length and width of the living room.,我们量了客厅的长和宽。
succeed,sək'sid,v. 成功；继承；继任；兴旺,"She wanted to be the first woman to climb Mount Qomolangma, and she almost succeeded.",她本想成为第一位登上珠穆朗玛峰的女性，而且差一点就成功了。
popular,'pɑpjəlɚ,adj. 流行的，通俗的；受欢迎的；大众的；普及的,Hilary was popular at school.,希拉里在学校里很受欢迎。
warn,wɔrn,v. 警告，提醒；通知；n. (Warn)人名；(英)沃恩；(德)瓦恩,"‘Be careful, the rocks are slippery,’ Alex warned.",“小心，岩石很滑。”亚历克斯提醒说。
voice,vɔɪs,n. 声音；嗓音；发言权；愿望；v. 表达；吐露,He recognized her voice instantly.,他立刻听出了她的声音。
pretty,'prɪti,adj. 漂亮的；可爱的；优美的；adv. 相当地；颇；n. 有吸引力的事物（尤指饰品）；漂亮的人,a pretty little girl,漂亮的小姑娘
domestic,də'mɛstɪk,adj. 国内的；家庭的；驯养的；一心只管家务的；n. 国货；佣人,Unfortunately his domestic life wasn’t very happy.,不幸的是，他的家庭生活并不幸福。
enthusiastic,"ɪn,θuzɪ'æstɪk",adj. 热情的；热心的；狂热的,an enthusiastic supporter of reform,改革的热心支持者
rival,'raɪvl,n. 对手；竞争者；v. 与…竞争；比得上某人；adj. 竞争的,This gives the company a competitive advantage over its rivals.,这使该公司与其对手相比具有一项竞争优势。
chamber,ˈtʃeɪmbər,n. （身体或器官内的）室，膛；房间；会所；adj. 室内的；私人的，秘密的；v. 把…关在室内；装填（弹药等）,a combustion chamber,燃烧室
electronic,ɪˌlekˈtrɑːnɪk,adj. 电子的；n. 电子电路；电子器件,electronic games,电子游戏
controversy,ˈkɑːntrəvɜːrsi,n. 争论；论战；辩论,a political controversy,政治争议
govern,'ɡʌvɚn,v. 管理；支配；统治；控制；n. (Govern)人名；(英)戈文,the leaders who govern the country,治理这个国家的领导人
compensate,'kɑmpɛnset,v. 补偿，赔偿；抵消,"Because my left eye is so weak, my right eye has to work harder to compensate.",因为我左眼视力差，右眼就要辛苦点来弥补一下。
subscribe,səb'skraɪb,v. 订阅；捐款；认购；赞成；签署,My main reason for subscribing to New Scientist is to keep abreast of advances in science.,我订阅《新科学家》的主要原因是要跟上科学的进步。
tolerate,'tɑləret,v. 忍受；默许；宽恕,We simply will not tolerate vigilante groups on our streets.,我们决不容许有自行惩办犯罪的组织出现在我们的街头。
annual,'ænjuəl,adj. 年度的；每年的；n. 年刊，年鉴；一年生植物,The school trip has become an annual event.,学校组织的旅行成了一年一度的活动。
regret,rɪ'ɡrɛt,n. 遗憾；抱歉；悲叹；v. 后悔；惋惜；哀悼,It is with great regret that I must decline your offer.,很遗憾，我不得不谢绝你的好意。
weak,wik,adj. [经] 疲软的；虚弱的；无力的；不牢固的,The illness left her feeling weak.,疾病使她感到身体虚弱。
switch,swɪtʃ,v. 转换；用鞭子等抽打；n. 开关；转换；鞭子,The terrorists will switch tactics .,恐怖分子会改变战术。
personality,",pɝsə'næləti",n. 个性；品格；名人,"Despite their different personalities, they became the best of friends.",尽管个性不同，他们还是成了最好的朋友。
servant,'sɝvənt,n. 仆人，佣人；公务员；雇工,Many young girls became domestic servants .,许多年轻姑娘成了家仆。
extensive,ɪk'stɛnsɪv,adj. 广泛的；大量的；广阔的,The house stands in extensive grounds.,这栋房子占地面积很大。
safe,sef,adj. 安全的；可靠的；平安的；n. 保险箱；冷藏室；纱橱,She doesn’t feel safe in the house on her own.,她独自一人在家感到不安全。
debt,dɛt,n. 债务；借款；罪过,He had enough money to pay off his outstanding debts.,他有足够的钱偿还亏欠的债务。
capture,'kæptʃɚ,"v. 俘获；夺得；捕捉，拍摄,录制；n. 捕获；战利品，俘虏",Government troops have succeeded in capturing the rebel leader.,政府军已经成功抓获叛乱分子的头目。
routine,rʊ'tin,n. [计] 程序；日常工作；例行公事；adj. 日常的；例行的,John’s departure had upset their daily routine .,约翰的离去打乱了他们的日常生活。
requirement,rɪ'kwaɪɚmənt,n. 要求；必要条件；必需品,The refugees’ main requirements are food and shelter.,难民的主要需求是食物和住所。
promising,'prɑmɪsɪŋ,adj. 有希望的，有前途的；v. 许诺，答应（promise的现在分词形式）,a promising career in law,很有前途的法律职业
extension,ɪk'stɛnʃən,n. 延长；延期；扩大；伸展；电话分机,a loft extension,增建的阁楼
trait,tret,n. 特性，特点；品质；少许,The study found that some alcoholics had clear personality traits showing up early in childhood.,这项研究发现一些酗酒者早在孩童时就表现出明显的个性特征。
celebrate,'sɛlɪbret,v. 庆祝；举行；赞美；祝贺；宣告,It’s Dad’s birthday and we’re going out for a meal to celebrate.,今天是爸爸的生日，我们打算出去吃饭庆祝一下。
agenda,ə'dʒɛndə,n. 议程；日常工作事项；日程表,The Republicans have stuck to their conservative agenda.,共和党人坚持自己的保守议题。
rapid,'ræpɪd,adj. 迅速的，急促的；飞快的；险峻的；n. 急流；高速交通工具，高速交通网,The patient made a rapid recovery.,病人迅速康复。
hostile,ˈhɑstəl,adj. 敌对的，敌方的；怀敌意的；n. 敌对,Southampton fans gave their former coach a hostile reception .,南安普敦队的球迷对球队的前任教练很不友善。
hot,hɑt,adj. 热的；辣的；热情的；激动的；紧迫的；adv. 热；紧迫地；v. 变热；n. (Hot)人名；(塞)霍特；(法)奥特,a hot curry,一种辛辣的咖喱
previous,'privɪəs,adj. 以前的；早先的；过早的；adv. 在先；在…以前,She has a teenage daughter from a previous marriage.,她有个出自前一次婚姻的十几岁的女儿。
ambiguous,æm'bɪɡjuəs,adj. 模糊不清的；引起歧义的,The language in the Minister’s statement is highly ambiguous.,部长的声明措辞很含糊。
acknowledge,ək'nɑlɪdʒ,v. 承认；答谢；报偿；告知已收到,The family acknowledge the need for change.,全家人都承认需要改变一下。
margin,'mɑrdʒən,n. 边缘；利润，余裕；页边的空白；vt. 加边于；加旁注于,Someone had scribbled a note in the margin .,有人在页边写了条批注。
profound,prə'faʊnd,adj. 深厚的；意义深远的；渊博的,a profound sense of guilt,强烈的内疚感
proper,'prɑpɚ,adj. 适当的；本身的；特有的；正派的；adv. 完全地；n. (Proper)人名；(英、德)普罗珀,Everything was in its proper place (= where it should be ) .,每样东西都放在恰当的位置。
strategy,'strætədʒi,n. 战略，策略,the government’s long-term economic strategy,政府的长期经济策略
secret,'sikrɪt,n. 秘密；秘诀；机密；adj. 秘密的；机密的,I can’t tell you. It’s a secret .,我不能告诉你，这是个秘密。
aggravate,'æɡrəvet,v. 加重；使恶化；激怒,Their money problems were further aggravated by a rise in interest rates.,由于利率上调，他们的财务问题更加严重。
fat,fæt,adj. 肥的，胖的；油腻的；丰满的；n. 脂肪，肥肉；v. 养肥；在…中加入脂肪,Are you suggesting I’m too fat?,你是不是在说我太胖了？
display,dɪ'sple,n. 显示；炫耀；v. 显示；表现；陈列；adj. 展览的；陈列用的,This time the display flashed a red warning signal.,这次显示器上闪烁着红色的警报信号。
lean,lin,v. 倾斜；倚靠；倾向；依赖；adj. 瘦的；贫乏的，歉收的；n. 瘦肉；倾斜；倾斜度,trees leaning in the wind,在风中东倒西歪的树木
venture,'vɛntʃɚ,v. 敢于；n. 企业；风险；冒险,...a Russian-American joint venture.,…一个俄美合资的风险项目。
carrier,'kærɪɚ,n. [化学] 载体；运送者；带菌者；货架,"carriers of the lung disease, TB",肺结核病菌的携带者
literally,'lɪtərəli,adv. 照字面地；逐字地；不夸张地；正确地；简直,Dad was literally blazing with anger.,爸爸简直是火冒三丈。
evade,ɪ'ved,v. 逃避；规避；逃脱,You can’t go on evading your responsibilities in this way.,你不能这样继续逃避责任。
communicate,kə'mjunɪket,v. 通讯，传达；相通；交流；感染,We communicated mostly by e-mail.,我们主要是用电子邮件沟通。
strike,straɪk,v. 打，打击；罢工；敲，敲击；抓；打动；穿透；n. 罢工；打击；殴打,"She fell heavily, striking her head against the side of the boat.",她重重地摔倒，头撞在船舷上。
alter,'ɔltɚ,v. 改变，更改；n. (Alter)人名；(英)奥尔特；(德、捷、葡、爱沙、立陶、拉脱、俄、西、罗、瑞典)阿尔特,Her face hadn’t altered much over the years.,过了这么多年，她的容貌并没有多大改变。
arise,ə'raɪz,v. 出现；上升；起立；n. (Arise)人名；(西)阿里塞；(日)在濑(姓),A crisis has arisen in the Foreign Office.,外交部出现了危机。
youth,jʊθ,n. 青年；青春；年轻；青少年时期,a gang of youths,一伙少年
famous,'feməs,adj. 著名的；极好的，非常令人满意的,a famous actor,著名演员
unusual,ʌn'jʊʒʊəl,adj. 不寻常的；与众不同的；不平常的,an unusual feature,不寻常的特点
historical,hɪ'stɔrɪkl,adj. 历史的；史学的；基于史实的,places of historical interest,历史名胜
casual,'kæʒʊəl,adj. 随便的；非正式的；临时的；偶然的；n. 便装；临时工人；待命士兵,Jean felt more comfortable in casual clothes .,琼穿上便服感到更舒服。
aggressive,ə'ɡrɛsɪv,adj. 侵略性的；好斗的；有进取心的；有闯劲的,Jim’s voice became aggressive.,吉姆的声音凶了起来。
revise,rɪ'vaɪz,v. 修正；复习；校订；n. 修订；校订,The college has revised its plans because of local objections.,由于地方上的反对，学院已经修改了计划。
administration,"əd,mɪnɪ'streʃən",n. 管理；行政；实施；行政机构,We’re looking for someone with experience in administration.,我们正在寻找一个有管理经验的人。
fundamental,",fʌndə'mɛntl",adj. 基本的，根本的；n. 基本原理；基本原则,We have to tackle the fundamental cause of the problem.,我们必须解决问题的根本原因。
considerable,kən'sɪdərəbl,adj. 相当大的；重要的，值得考虑的,Michael has already spent considerable time in Barcelona.,迈克尔在巴塞罗那已经待了相当长的时间了。
style,staɪl,n. 风格；时尚；类型；字体；v. 设计；称呼；使合潮流,an attempt to use Japanese management style in a European business,将日本的管理方式用于欧洲企业的尝试
operation,",ɑpə'reʃən",n. 操作；经营；[外科] 手术；[数][计] 运算,Many small businesses fail in the first year of operation.,许多小企业在经营的第一年就倒闭了。
flexible,'flɛksəbl,adj. 灵活的；柔韧的；易弯曲的,We can be flexible about your starting date.,你具体从哪天开始，我们可以灵活一点。
stage,stedʒ,n. 阶段；舞台；戏剧；驿站；v. 举行；上演；筹划,We’re getting to the stage where we hardly ever go out together.,我们快要到几乎不一起外出的地步了。
lure,lʊr,n. 诱惑；饵；诱惑物；v. 诱惑；引诱,The excitement of hunting big game in Africa has been a lure to Europeans for 200 years.,在非洲捕捉大型猎物所带来的刺激，200年来一直吸引着欧洲人。
associate,ə'soʃɪet,v. 交往；结交；n. 同事，伙伴；关联的事物；adj. 副的；联合的,I don’t like these layabouts you’re associating with.,我不喜欢你结交的这些游手好闲的人。
candidate,"ˈkændɪˌdet, -dɪt",n. 候选人，候补者；应试者,a presidential candidate,总统候选人
passive,'pæsɪv,adj. 被动的，消极的；被动语态的；n. 被动语态,Kathy seems to take a very passive role in the relationship.,凯茜在这一关系中似乎扮演着十分被动的角色。
impulse,'ɪmpʌls,n. 冲动；[电子] 脉冲；刺激；神经冲动；推动力；vt. 推动,The eye converts light signals to nerve impulses.,眼睛把光信号转变成神经冲动。
file,faɪl,n. 文件；档案；文件夹；锉刀；v. 提出；锉；琢磨；把…归档,We will keep your details on file (= store them for later use ) .,我们将把你的详细资料存档。
contempt,kən'tɛmpt,n. 轻视，蔑视；耻辱,The public is treated with contempt by broadcasters.,公众受到了节目主持人的轻蔑对待。
quest,kwɛst,n. 追求；寻找；v. 追求；寻找,They journeyed to the distant Molucca islands in quest of spices.,他们远赴摩鹿加群岛寻找香料。
host,host,n. [计] 主机；主人；主持人；许多；v. 主持；当主人招待,Our host greeted us at the door.,主人在门口迎接我们。
perceive,pɚ'siv,v. 察觉，感觉；理解；认知,"That morning, he perceived a change in Franca’s mood.",那天早上，他注意到弗兰卡情绪的变化。
motive,'motɪv,n. 动机，目的；主题；adj. 发动的；成为动机的；vt. 使产生动机，激起,What do you suppose the killer’s motive was?,你认为凶手的动机是什么？
cup,kʌp,n. 杯子；奖杯；酒杯；v. 使成杯状；为…拔火罐,Mathew picked up the cup and sipped his coffee.,马修拿起杯子抿了口咖啡。
sufficient,səˈfɪʃənt,adj. 足够的；充分的,We can only prosecute if there is sufficient evidence.,有了足够的证据，我们才能提出起诉。
respond,rɪ'spɑnd,v. 回答；作出反应；承担责任；n. 应答；唱和,They are likely to respond positively to the president's request for aid.,他们有可能积极地回应该总统的援助请求。
heading,'hɛdɪŋ,n. 标题；（足球）头球；信头；v. 用头顶（head的ing形式）,chapter headings,章节标题
settle,'sɛtl,v. 解决；定居；沉淀；下陷；n. 有背长椅,We hope the factions will be able to settle their differences (= agree to stop arguing ) by peaceful means.,我们希望各派系能以和平方式解决分歧。
variation,",vɛrɪ'eʃən",n. 变化；[生物] 变异，变种,Most of his poems are variations on the theme of love.,他的大部分诗作都是有关爱情主题的形式不同的作品。
panel,'pænl,n. 仪表板；嵌板；座谈小组，全体陪审员；v. 嵌镶板,He assembled a panel of scholars to advise him.,他集结了一个学者小组为他出谋划策。
tiny,'taɪni,adj. 微小的；很少的；n. (Tiny)人名；(葡、印)蒂尼,a tiny community in the Midwest,中西部地区一个极小的社区
prudent,'prʊdnt,adj. 谨慎的；精明的；节俭的；n. (Prudent)人名；(法)普吕当,prudent house buyers,谨慎的购房者
approval,əˈpruvl,n. 批准；认可；赞成,The president has already given his approval to the plan.,总统已经批准了这个计划。
excessive,ɪkˈsɛsɪv,adj. 过多的，极度的；过分的,his excessive drinking,他的酗酒
modest,'mɑdɪst,adj. 谦虚的，谦逊的；适度的；端庄的；羞怯的；n. (Modest)人名；(罗)莫代斯特；(德)莫德斯特；(俄)莫杰斯特,You’re too modest! You’ve been a huge help to us.,你太谦虚了！你帮了我们大忙呢。
setback,'sɛtbæk,n. 挫折；退步；逆流,The team’s hopes of playing in Europe suffered a setback last night.,球队赴欧洲参加比赛的希望昨晚遇到了阻碍。
invite,ɪn'vaɪt,v. 邀请，招待；招致；n. 邀请,I’m afraid I wasn’t invited.,恐怕我没有受到邀请。
precede,prɪ'sid,v. 领先，在…之前；优于，高于,a type of cloud that precedes rain,下雨前出现的一种云
careful,'kɛrfl,adj. 仔细的，小心的,Be careful - the floor’s slippery.,小心——地板很滑。
straight,stret,adj. 直的；连续的；笔直的；正直的；整齐的；异性恋的；adv. 直接地；不断地；立即；坦率地；n. 直；直线；直男，直女，异性恋者,"a long, straight road",一条笔直的长路
principle,'prɪnsəpl,n. 原理，原则；主义，道义；本质，本义；根源，源泉,The general principle is that education should be available to all children up to the age of 16.,总的原则是，16 岁以下儿童都应该能接受教育。
solve,sɔlv,v. 解决；解答；溶解,Charlie thinks money will solve all his problems.,查理认为钱能解决他所有的问题。
dismiss,dɪs'mɪs,v. 解散；解雇；开除；让离开；不予理会、不予考虑,The government has dismissed criticisms that the country’s health policy is a mess.,有人认为国家医疗政策一塌糊涂，政府对这种批评持否认态度。
flaw,flɔ,n. 瑕疵，缺点；一阵狂风；短暂的风暴；裂缝，裂纹；v. 使生裂缝，使有裂纹；使无效；使有缺陷,A design flaw (= a mistake or weakness in the way something was made ) caused the engine to explode.,一个设计缺陷导致了引擎爆炸。
extend,ɪk'stɛnd,v. 延伸；扩大；推广；伸出；给予；使竭尽全力；对…估价,Management have agreed to extend the deadline.,管理层已同意延长最后期限。
absorb,æbˈsɔrb; æbˈzɔrb; əbˈsɔrb,v. 吸收；吸引；承受；理解；使…全神贯注,Plants absorb nutrients from the soil.,植物从土壤中吸收养分。
strange,strendʒ,adj. 奇怪的；陌生的；外行的；adv. 奇怪地；陌生地，冷淡地；n. (Strange)人名；(英)斯特兰奇；(瑞典、塞)斯特朗格,strange noises,奇怪的噪声
expense,ɪk'spɛns,n. 损失，代价；消费；开支；vt. 向…收取费用；vi. 被花掉,He's bought a big TV at vast expense so that everyone can see properly.,他花了很多钱买了台大电视，这样人人都可以看清楚了。
alternative,ɔl'tɝnətɪv,adj. 供选择的；选择性的；交替的；n. 二中择一；供替代的选择,...alternative health care.,…替代性保健。
destroy,dɪ'strɔɪ,v. 破坏；消灭；毁坏,companies that are polluting and destroying the environment,污染和破坏环境的公司
illusion,ɪ'luʒn,n. 幻觉，错觉；错误的观念或信仰,She was under no illusion that he loved her.,她不再幻想他爱她了。
shift,ʃɪft,n. 移动；变化；手段；轮班；v. 移动；转变；转换,I work shifts.,我轮班工作。
tempt,tɛmpt,v. 诱惑；引起；冒…的风险；使感兴趣,If you leave valuables in your car it will tempt thieves.,如果把贵重物品留在车上，会招来小偷的。
boost,bʊst,v. 促进；增加；支援；n. 推动；帮助；宣扬,The new resort area has boosted tourism.,新的度假区促进了旅游业的发展。
speaker,'spikɚ,n. 演讲者；扬声器；说话者；说某种语言的人,"The keynote speaker (= main or most important speaker ) was Robert Venturi, the architect.",主要发言人是建筑师罗伯特·文图里。
collective,kə'lɛktɪv,adj. 集体的；共同的；集合的；集体主义的；n. 集团；集合体；集合名词,a collective decision made by all board members,董事会所有成员作出的集体决定
speech,spitʃ,n. 演讲；讲话；[语] 语音；演说,He has to make a lot of after-dinner speeches .,他经常要发表席后演说。
dominant,'dɑmɪnənt,adj. 显性的；占优势的；支配的，统治的；n. 显性,The dominant male gorilla is the largest in the group.,领头的公猩猩是这群大猩猩中体形最大的一个。
row,ro,n. 行，排；划船；街道；吵闹；v. 划船；使……成排,(= many rows ) of shelves stacked with books,一排又一排堆满书的架子
philosophy,fə'lɑsəfi,n. 哲学；哲理；人生观,Emma studies philosophy at university.,埃玛在大学攻读哲学。
manipulate,mə'nɪpjulet,v. 操纵；操作；巧妙地处理；篡改,He was one of those men who manipulated people.,他是那种要摆布别人的人。
derive,dɪ'raɪv,v. 源于；得自；获得；n. (Derive)人名；(法)德里夫,Mr. Ying is one of those happy people who derive pleasure from helping others.,英先生是那种助人为乐的快活人。
laugh,læf,n. 笑；引人发笑的事或人；v. 笑,He gave a short laugh.,他笑了一声。
graduate,ˈɡrædʒuˌet,v. 授予…学位；分等级；标上刻度；n. 研究生；毕业生；adj. 毕业的；研究生的,As an actress she has graduated from small roles to more substantial parts.,作为演员，她从配角演起，慢慢地开始出演比较重要的角色。
counter,'kaʊntɚ,n. 柜台；对立面；计数器；（某些棋盘游戏的）筹码；v. 反击，还击；反向移动，对着干；反驳，回答；adj. 相反的；adv. 反方向地；背道而驰地,He wondered if the girl behind the counter recognised him.,他在想柜台后面的那个女孩是否认出了他。
democratic,'dɛmə'krætɪk,adj. 民主的；民主政治的；大众的,a democratic government,民主政府
productive,prə'dʌktɪv,adj. 能生产的；生产的，生产性的；多产的；富有成效的,Most of us are more productive in the morning.,我们大多数人在早上更有效率。
overcome,",ovɚ'kʌm",v. 克服；胜过,He struggled to overcome his shyness.,他努力克服自己的羞怯。
advertise,'ædvɚtaɪz,v. 通知；为…做广告；使突出,They no longer advertise alcohol or cigarettes at sporting events.,他们不再在体育赛事上做烟酒广告了。
sea,si,n. 海；海洋；许多；大量,Jay stripped his clothes off and ran into the sea.,杰伊脱光衣服奔入海里。
council,'kaʊnsl,n. 委员会；会议；理事会；地方议会；顾问班子,the council for civil liberties,公民自由委员会
entail,ɪn'tel,v. 使需要，必需；承担；遗传给；蕴含；n. 引起；需要；继承,A new computer system entails a lot of re-training.,使用新的计算机系统需要大量的再培训。
son,sʌn,n. 儿子；孩子（对年轻人的称呼）；男性后裔,Her son Sean was born in 1983.,她的儿子肖恩出生于 1983 年。
democracy,dɪˈmɑkrəsi,n. 民主，民主主义；民主政治,a return to democracy after 16 years of military rule,16年军人统治后民主制度的恢复
academy,ə'kædəmi,n. 学院；研究院；学会；专科院校,the American Academy of Arts and Letters,美国艺术和文学学会
rear,rɪr,v. 培养；树立；栽种；adv. 向后；在后面；adj. 后方的；后面的；背面的；n. 后面；屁股；后方部队,"She reared sixteen children, six her own and ten her husband's.",她抚养大了16个孩子，6个她自己的，10个她丈夫的。
specialist,'spɛʃəlɪst,n. 专家；专门医师；adj. 专家的；专业的,a heart specialist,心脏专科医生
admission,əd'mɪʃən,n. 承认；入场费；进入许可；坦白；录用,"Reese, by his own admission , lacks the necessary experience.",里斯自己也承认缺乏必要的经验。
variable,'vɛrɪəbl,adj. 变量的；可变的；易变的，多变的；变异的，[生物] 畸变的；n. [数] 变量；可变物，可变因素,Expect variable cloudiness and fog tomorrow.,预计明天多云有雾，天气多变。
oblige,ə'blaɪdʒ,v. 迫使；强制；赐，施恩惠；责成；义务,"The storm got worse and worse. Finally, I was obliged to abandon the car and continue on foot.",暴风雨越来越猛烈。最终，我被迫弃车徒步前行。
fruit,frut,n. 水果；产物；v. 结果实,Try to eat plenty of fresh fruit .,尽量多吃新鲜水果。
household,'haʊshold,adj. 家庭的；日常的；王室的；n. 全家人，一家人；(包括佣工在内的)家庭，户,household chores,家务杂活
wise,waɪz,adj. 明智的；聪明的；博学的；v. 使知道；教导；n. (Wise)人名；(英)怀斯,a wise precaution,明智的预防措施
nail,nel,v. 钉；使固定；揭露；n. [解剖] 指甲；钉子,Frank put the first plank down and nailed it in place.,弗兰克放下第一块木板，把它钉到位。
distinguish,dɪ'stɪŋɡwɪʃ,v. 区分；辨别；使杰出，使表现突出,The light was too dim for me to distinguish anything clearly.,光线太暗，我什么也看不清。
bay,be,n. 海湾；狗吠声；v. 向…吠叫,a house with a view across the bay,能看到海湾全景的一幢房子
colony,'kɑləni,n. 殖民地；移民队；种群；动物栖息地,Algeria was formerly a French colony.,阿尔及利亚以前是法国的殖民地。
creature,'kritʃɚ,n. 动物，生物；人；创造物,all the living creatures in the sea,海洋中所有的生物
quick,kwɪk,n. 核心；伤口的嫩肉；adj. 快的；迅速的，敏捷的；灵敏的；adv. 迅速地，快,Her nails were bitten to the quick.,她的指甲都咬到肉里了。
integrate,'ɪntɪɡret,v. 使…完整；使…成整体；求…的积分；表示…的总和；adj. 整合的；完全的；n. 一体化；集成体,The Marine Corps was the last service to integrate.,美国海军陆战队是最后合并的部队。
gold,ɡold,n. 金，黄金；金色；金币；adj. 金的，金制的；金色的,She came to the party dripping with gold (= wearing a lot of gold ) .,她披金戴银地来参加派对。
unfortunately,ʌn'fɔrtʃənətli,adv. 不幸地,"Unfortunately, you were out when we called.",很遗憾，我们来的时候你出去了。
divide,dɪ'vaɪd,v. 划分；除；分开；使产生分歧；n. [地理] 分水岭，分水线,The physical benefits of exercise can be divided into three factors.,锻炼对身体的好处可以分成3个方面。
outline,'aʊtlaɪn,n. 轮廓；大纲；概要；略图；v. 概述；略述；描画…轮廓,a research proposal outline,研究计划梗概
extreme,ɪk'strim,adj. 极端的；极度的；偏激的；尽头的；n. 极端；末端；最大程度；极端的事物,Extreme poverty still exists in many rural areas.,许多农村地区仍处于赤贫状态。
painting,'pentɪŋ,n. 绘画；油画；着色；v. 绘画（paint的ing形式）；涂色于,a collection of valuable paintings,一批珍贵的画作
beat,bit,v. 打；打败；n. 拍子；敲击；有规律的一连串敲打；adj. 筋疲力尽的；疲惫不堪的,Brazil were beaten 2–1.,巴西队以1比2告负。
surround,sə'raʊnd,v. 围绕；包围；n. 围绕物；adj. 环绕立体声的,He glared at the people who surrounded the tent.,他怒视着围住帐篷的那些人。
thoughtful,'θɔtfl,adj. 深思的；体贴的；关切的,Paul is very thoughtful.,保罗非常体贴人。
resource,'risɔrs,n. 资源，财力；办法；智谋,Canada’s vast mineral resources,加拿大丰富的矿产资源
local,ˈloʊkl,n. [计] 局部；当地居民；本地新闻；adj. 当地的；局部的；地方性的；乡土的,We asked one of the locals to recommend a restaurant.,我们请一位当地人推荐一家餐馆。
ownership,'onɚʃɪp,n. 所有权；物主身份,The price of home ownership is increasing.,房价在不断上涨。
prescription,prɪ'skrɪpʃən,n. 药方；指示；惯例；adj. 凭处方方可购买的,We are trying to cut the price of prescription drugs .,我们正努力降低处方药的价格。
cancer,'kænsɚ,n. 癌症；恶性肿瘤,A lot of cancers can now be treated successfully.,现在许多癌症可以治愈。
relax,rɪ'læks,v. 放松，休息；松懈，松弛；变从容；休养,I just want to sit down and relax.,我只想坐下来休息一下。
delight,dɪ'laɪt,n. 高兴；v. 高兴,"Throughout the house, the views are a constant source of surprise and delight.",整个房子，目之所及不停带来惊奇和欣喜。
outrage,'aʊtredʒ,n. 愤怒，愤慨；暴行；侮辱；v. 凌辱，强奸；对…施暴行；激起愤怒,The response to the jury’s verdict was one of outrage.,陪审团的裁决引发了愤慨。
fold,fold,v. 折叠；合拢；抱住；笼罩；n. 折痕；信徒；羊栏,Fold the paper along the dotted line.,沿虚线将纸折起来。
array,ə're,n. 数组，阵列；排列，列阵；大批，一系列；衣服；v. 排列，部署；打扮,a bewildering array of options,一大堆眼花缭乱的选择
superfluous,sʊ'pɝflʊəs,adj. 多余的；不必要的；奢侈的,a modern building with no superfluous decoration,一栋没有多余装饰的现代建筑
room,rum,n. 房间；空间；余地；机会；房间里所有的人；v. 为…提供住处；租房，合住；投宿，住宿；留…住宿,I looked around the room.,我四下看了看房间。
equal,'ikwəl,adj. 平等的；相等的；胜任的；v. 等于；比得上；n. 对手；匹敌；同辈；相等的事物,Our constitution states that all men are equal.,我们的宪法规定人人平等。
acquisition,",ækwɪ'zɪʃən",n. 获得物，获得；收购,the acquisition of language,语言的习得
feedback,'fidbæk,n. 反馈；成果，资料；回复,How can I provide feedback without making someone angry?,我怎样才能提出反馈意见又不会得罪人呢？
admire,ədˈmaɪr,v. 钦佩；赞美,I really admire the way she brings up those kids all on her own.,我十分佩服她独力把那些孩子抚养大。
admit,əd'mɪt,v. 承认；准许进入；可容纳,"‘Okay, so maybe I was a little bit scared,’ Jenny admitted.",“行了，也许我是有点害怕。”珍妮承认道。
linguistic,lɪŋ'gwɪstɪk,adj. 语言的；语言学的,a child’s linguistic development,儿童的语言发展
engineer,",ɛndʒɪ'nɪr",n. 工程师；工兵；火车司机；v. 设计；策划；精明地处理,"He trained as a civil engineer (= one who designs and builds roads, bridges etc ).",他接受过土木工程师培训。
surface,'sɝfɪs,n. 表面；表层；外观；adj. 表面的，肤浅的；v. 浮出水面,Nearly 10% of the Earth’s surface is covered by ice.,地球表面将近 10% 被冰层覆盖。
bubble,'bʌbl,n. 气泡，泡沫，泡状物；透明圆形罩，圆形顶；v. 沸腾，冒泡；发出气泡声,"When water boils, bubbles rise to the surface.",水烧开时，水面会冒泡泡。
legislation,",lɛdʒɪs'leʃən",n. 立法；法律,This is a very important piece of legislation (= law ).,这是一条非常重要的法规。
confidence,'kɑnfɪdəns,n. 信心；信任；秘密；adj. （美）诈骗的；骗得信任的,I felt I was doing well and my confidence began to grow.,我觉得自己干得不错，自信心就开始增加了。
belong,bɪ'lɔŋ,v. 属于，应归入；居住；适宜；应被放置,The house had belonged to her family for three or four generations.,这座房子属于她家已有三四代了。
restaurant,ˈrɛstəˌrɑnt; ˈrɛstərənt; ˈrɛsˌtrɑnt,n. 餐馆；[经] 饭店,He took her out for a five-course dinner in a fancy restaurant.,他带她到一家豪华餐厅吃了一顿有五道菜的晚餐。
miss,mɪs,n. 女士，小姐，年轻未婚女子,I’d like to make an appointment with Miss Taylor.,我想约一下泰勒小姐。
total,'totl,adj. 全部的；完全的；整个的；v. 总数达；n. 总数，合计,a total ban on cigarette advertising,香烟广告的全面禁止
taste,test,n. 味道；品味；审美；v. 尝；体验,The medicine had a slightly bitter taste.,这药略带苦味。
employer,ɪm'plɔɪɚ,n. 雇主，老板,The shoe factory is the largest employer in this area.,这家制鞋厂是本地区最大的雇主。
assumption,ə'sʌmpʃən,n. 假定；设想；担任；采取,You would be making an assumption that's not based on any fact that you could report.,你会做出不以你能报道的任何事实为依据的一种假设。
provoke,prə'vok,v. 驱使；激怒；煽动；惹起,The novel has provoked fierce debate in the US.,那部小说在美国引发了激烈的争论。
upright,'ʌpraɪt,adj. 正直的，诚实的；垂直的，直立的；笔直的；合乎正道的；n. 垂直；竖立,"Katie was still awake, sitting bolt upright(= sitting with her back very straight ) staring at the television.",凯蒂还醒着，坐得笔直，眼睛盯着电视。
pension,'pɛnʃən,n. 退休金，抚恤金；津贴；膳宿费；v. 发给养老金或抚恤金,At what age can you start drawing your pension ?,从多少岁可以开始领取养老金？
count,kaʊnt,v. 计算；认为；n. 计数；计算；伯爵,"There are more than two thousand of us, not counting the crew.",我们有两千多人，不包括工作人员在内。
operate,'ɑpə'ret,v. 运转；动手术；起作用,Doctors had to operate to remove the bullet.,医生不得不开刀取出子弹。
rage,redʒ,n. 愤怒；狂暴，肆虐；情绪激动；v. 大怒，发怒；流行，风行,"Sobbing with rage, Carol was taken to the hospital.",卡罗尔气得呜呜哭，被送往医院。
complain,kəm'plen,v. 投诉；发牢骚；诉说,Residents are complaining because traffic in the area has increased.,由于这个地区的交通流量有所增加，居民都在抱怨。
possess,pə'zɛs,v. 控制；使掌握；持有；迷住；拥有，具备,Different workers possess different skills.,不同的工人拥有不同技能。
marry,'mæri,v. 嫁；娶；与……结婚；n. (Marry)人名；(阿拉伯)马雷；(法)马里,He married Bea in 1925.,他在1925年娶了贝亚。
inform,ɪn'fɔrm,v. 通知；告诉；报告,They decided to inform the police.,他们决定通知警察。
owe,o,v. 欠；感激；应给予；应该把……归功于；n. (Owe)人名；(瑞典、挪)奥弗,How much do I owe you (= often used to show that you want to pay for something )?,我该付你多少钱？
race,res,n. 属，种；种族，人种；家庭，门第；v. 使参加比赛；和…竞赛；使急走，使全速行进,The school welcomes children of all races .,该校欢迎各种族的学生就读。
positive,'pɑzətɪv,adj. 积极的；[数] 正的，[医][化学] 阳性的；确定的，肯定的；实际的，真实的；绝对的；n. 正数；[摄] 正片,At least something positive has come out of the situation.,至少这个情况也产生了一些积极的东西。
curiosity,",kjʊrɪ'ɑsəti",n. 好奇，好奇心；珍品，古董，古玩,I opened the packet just to satisfy my curiosity .,我打开包裹只是为了满足我的好奇心。
perfect,ˈpɝfɪkt; (for v.) pɝˈfɛkt,adj. 完美的；最好的；精通的；v. 使完美；使熟练；n. 完成式,His English was perfect.,他的英语很地道。
assume,ə'sum,v. 假定；设想；承担；采取,I think we can safely assume (=  it is almost certain  ) that interest rates will go up again soon.,我想我们几乎可以肯定，利率很快会再次上调。
married,'mærɪd,adj. 已婚的，有配偶的；婚姻的，夫妇的；密切结合的；n. 已婚者；v. 结婚，与…结婚（marry的过去式）,Are you married or single?,你是已婚还是单身？
ensure,ɪn'ʃʊr,v. 保证，确保；使安全,facilities to ensure the safety of cyclists,确保骑车人安全的设施
widespread,ˈwʌɪdsprɛd,adj. 普遍的，广泛的；分布广的,the widespread use of chemicals in agriculture,化学品在农业中的广泛使用
lay,le,v. 躺下；产卵；搁放；放置；铺放；涂，敷；adj. 世俗的；外行的；没有经验的；n. 位置；短诗；花纹方向；叙事诗；性伙伴,He laid his hand on my shoulder.,他把一只手搭在我的肩上。
thousand,'θaʊznd,n. 一千；一千个；许许多多；adj. 成千的；无数的,a journey of almost a thousand miles,"将近1,000英里的旅程"
deliberate,dɪ'lɪbərət,adj. 故意的；深思熟虑的；从容的；v. 仔细考虑；商议,a deliberate attempt to humiliate her,对她的故意羞辱
wild,waɪld,adj. 野生的；野蛮的；狂热的；荒凉的；n. 荒野；adv. 疯狂地；胡乱地,"{""COLLOINEXA"":[""wild animals""]}",野生动物
master,'mæstɚ,v. 控制；精通；征服；n. 硕士；主人；大师；教师；adj. 主人的；主要的；熟练的,the skills needed to master a new language,掌握一门新语言所需的技能
constrain,kən'stren,v. 驱使；强迫；束缚,Poor soil has constrained the level of crop production.,贫瘠的土地限制了农作物的产量。
commission,kə'mɪʃən,n. 委员会；佣金；犯；委任；委任状；v. 委任；使服役；委托制作,The Government set up a commission to investigate allegations of police violence.,政府成立了一个委员会调查对警察施暴行为的指控。
holder,'holdɚ,n. 持有人；所有人；固定器；（台、架等）支持物,the 800 m world record holder,800米世界纪录保持者
suppress,sə'prɛs,v. 抑制；镇压；废止,The uprising was ruthlessly suppressed.,起义受到了残酷的镇压。
expectation,",ɛkspɛk'teʃən",n. 期待；预期；指望,"Having raised expectations (= made people more hopeful ), he went on to help only a few people.",他唤起了大家的希望，但接着只是帮助了几个人。
musician,mjʊ'zɪʃən,n. 音乐家,a talented young musician,有天赋的年轻音乐家
huge,hjudʒ,adj. 巨大的；庞大的；无限的；n. (Huge)人名；(英)休奇,a huge dog,一条大狗
concentrate,'kɑnsn'tret,v. 集中；浓缩；全神贯注；聚集；n. 浓缩，精选；浓缩液,Now please concentrate.,现在请集中注意力。
unemployment,",ʌnɪm'plɔɪmənt",n. 失业；失业率；失业人数,a town where there is high unemployment,高失业率城镇
couple,'kʌpl,n. 对；夫妇；数个；v. 结合；成婚,a newly married couple,一对新婚夫妇
diffuse,dɪ'fjus,adj. 弥漫的；散开的；v. 扩散；传播；漫射,The organization is large and diffuse.,这个组织规模大、分布广。
permanent,'pɝmənənt,adj. 永久的，永恒的；不变的；n. 烫发（等于permanent wave）,He gave up a permanent job in order to freelance.,他放弃了固定工作，为的是当一名自由职业者。
supervise,'sʊpɚ'vaɪz,v. 监督，管理；指导,Griffiths closely supervised the research.,格里菲思密切指导该项研究。
cell,sɛl,n. 细胞；电池；蜂房的巢室；单人小室；vi. 住在牢房或小室中,cancer cells,癌细胞
reply,rɪ'plai,v. 回答；[法] 答辩；回击；n. 回答；[法] 答辩,"I asked Clive where he was going, but he didn’t reply.",我问克莱夫到哪儿去，但他没有回答。
technical,'tɛknɪkl,adj. 工艺的，科技的；技术上的；专门的,Our staff will be available to give you technical support .,有我们的员工向你提供技术支持。
bargain,ˈbɑːɡɪn,n. 交易；便宜货；契约；v. 讨价还价；议价；(谈价钱后)卖,There are no bargains in the clothes shops at the moment.,这阵子服装店里没有什么便宜货。
tendency,'tɛndənsi,n. 倾向，趋势；癖好,children with aggressive or anti-social tendencies,具有攻击性倾向或反社会倾向的儿童
mix,mɪks,v. 配制；混淆；使混和；使结交；n. 混合；混合物；混乱,Oil and water don’t mix.,油和水不相融。
valuable,ˈvæljuəbəl; ˈvæljə-,adj. 有价值的；贵重的；可估价的；n. 贵重物品,a valuable painting,一幅名贵的画
indignation,",ɪndɪɡ'neʃən",n. 愤慨；愤怒；义愤,"To his indignation, Charles found that his name was not on the list.",查尔斯发现他的名字没有出现在名单上，这让他深感愤慨。
theater,'θiətɚ,n. 电影院，戏院，剧场；戏剧；手术室,,
relief,rɪ'lif,n. 救济；减轻，解除；安慰；浮雕,Marijuana can provide pain relief for some cancer patients.,大麻可以为一些癌症患者减轻疼痛。
composition,",kɑmpə'zɪʃən",n. 作文，作曲，作品；[材] 构成；合成物；成分,Some minerals have complex chemical compositions.,有些矿物的化学构成很复杂。
generous,'dʒɛnərəs,adj. 慷慨的，大方的；宽宏大量的；有雅量的,a generous glass of wine,一大杯葡萄酒
conductor,kən'dʌktɚ,n. 导体；售票员；领导者；管理人,Wood is a poor conductor of heat.,木头导热性能差。
exhaust,ɪɡ'zɔst,v. 排出；耗尽；使精疲力尽；彻底探讨；n. 排气；废气；排气装置,A full day’s teaching exhausts me.,讲一整天课令我精疲力竭。
brown,braʊn,adj. 棕色的，褐色的；太阳晒黑的；v. 变成褐色；n. 褐色，棕色,dark brown hair,深褐色的头发
rock,rɑk,n. 岩石；摇滚乐；暗礁；v. 摇动；使摇晃,"the late rock star, Freddie Mercury",已故摇滚乐明星弗雷迪·默丘利
tolerance,'tɑlərəns,n. 公差；宽容；容忍；公差,...his tolerance and understanding of diverse human nature.,…他对各种人性的宽容和理解。
western,'wɛstɚn,adj. 西方的，西部的；有西方特征的；n. 西方人；西部片，西部小说,the western end of the bay,海湾的西端
assistance,ə'sɪstəns,n. 援助，帮助；辅助设备,We offer financial assistance to students.,我们向学生提供经济援助。
construction,kən'strʌkʃən,n. 建设；建筑物；解释；造句,a road construction project,道路修建计划
recall,'rikɔl,v. 召回；回想起，记起；取消；n. 召回；回忆；撤消,"You don’t happen to recall his name, do you?",你不会恰巧还想得起他的名字吧？
formulate,'fɔrmjə'let,v. 规划；用公式表示；明确地表达,We are studying the situation but have not formulated any response yet.,我们正在研究形势，但尚未考虑好如何回应。
monday,ˈmʌnde; ˈmʌndɪ,n. 星期一,I went back to work on Monday.,我星期一回去上班了。
authentic,ɔ'θɛntɪk,adj. 真正的，真实的；可信的,an authentic account,真实可信的说法
incidence,'ɪnsɪdəns,n. 发生率；影响；[光] 入射；影响范围,The incidence of breast cancer increases with age.,乳腺癌的发病率随着年龄的增长而上升。
brook,brʊk,v. 忍受；容忍；n. 小溪；小河,"He would brook no criticism, even from his beloved daughter.",他不能容忍任何批评，哪怕是自己深爱的女儿也不行。
commodity,kə'mɑdəti,n. 商品，货物；日用品,agricultural commodities,农业商品
throat,θrot,n. 喉咙；嗓子，嗓音；窄路；vt. 开沟于；用喉音说,The singer complained of a sore throat after Wednesday’s show.,星期三演出后，这位歌手说喉咙痛。
cheat,tʃit,v. 欺骗；骗取；n. 欺骗，作弊；骗子,He had cheated in the test by using a calculator.,他在考试时作弊，用了计算器。
soul,sol,n. 灵魂；心灵；精神；鬼魂；adj. 美国黑人文化的,the immortality of the soul,灵魂的不灭
prey,pre,v. 捕食；掠夺；折磨；n. 捕食；牺牲者；被捕食的动物,"The effect was to disrupt the food chain, starving many animals and those that preyed on them.",后果是打断食物链，使许多动物和捕食它们的动物饿死。
cheap,tʃip,adj. 便宜的；小气的；不值钱的；adv. 便宜地,cheap rail fares,便宜的火车票
abolish,ə'bɑlɪʃ,v. 废除，废止；取消，革除,Slavery was abolished in the US in the 19th century.,美国于19世纪废除了奴隶制。
abound,ə'baʊnd,v. 富于；充满,Stories abound about when he was in charge.,他负责时传闻很多。
literary,lɪtərɛri,adj. 文学的；书面的；精通文学的,a literary prize,文学奖
spare,spɛr,v. 节约，吝惜；饶恕；分出，分让；adj. 多余的；瘦的；少量的；n. 剩余；备用零件,She said that she could only spare 35 minutes for our meeting.,她说她只能抽出35分钟给我们的会议。
desirable,dɪ'zaɪərəbl,adj. 令人满意的；值得要的；n. 合意的人或事物,The ability to speak a foreign language is highly desirable .,能说一门外语是非常理想的。
assimilate,ə'sɪməlet,v. 吸收；使同化；把…比作；使相似,It will take time to assimilate all these facts.,充分掌握所有这些情况需要时间。
verbal,'vɝbl,adj. 口头的；言语的；动词的；照字面的；n. 动词的非谓语形式,verbal skills,语言技能
assemble,ə'sɛmbl,v. 集合，聚集；装配；收集,A large crowd had assembled outside the American embassy.,一大群人聚集在美国大使馆外。
nasty,'næsti,adj. 下流的；肮脏的；脾气不好的；险恶的；n. 令人不快的事物,a nasty temper,坏脾气
wait,wet,v. 等候；推迟；延缓；n. 等待；等候,Hurry up! Everyone’s waiting.,快点！大家在等着呢。
kit,,n. 工具箱；成套工具；v. 装备,Sally keeps her make-up kit in her bag.,萨莉把化妆包放在手提包里。
wage,wedʒ,v. 进行；发动；从事；n. 工资；代价；报偿,"The government, along with the three factions that had been waging a civil war, signed a peace agreement.",政府和发动了内战的3方一起签订了1份和平协议。
forever,fɚ'ɛvɚ,adv. 永远；不断地；常常,I wanted that moment to last forever .,我希望那一刻成为永远。
fell,fɛl,adj. 凶猛的；毁灭性的；v. 砍伐；打倒；击倒；n. [林] 一季所伐的木材；折缝；兽皮,More than 100 trees were felled in just over an hour.,短短一个多小时100多棵树就被砍倒了。
lesson,'lɛsn,n. 教训；课；vt. 教训；上课,piano lessons,钢琴课
appropriate,əˈpropriɪt,adj. 适当的；恰当的；合适的；v. 占用，拨出,The timing of the announcement was particularly appropriate .,通告发布的时机很合适。
relative,'rɛlətɪv,adj. 相对的；有关系的；成比例的；n. 亲戚；相关物；[语] 关系词；亲缘植物,The relative merits of both approaches have to be considered.,两种方法的相对优点都得考虑在内。
equivalent,ɪ'kwɪvələnt,adj. 等价的，相等的；同意义的；n. 等价物，相等物,"I had no dollars, but offered him an equivalent amount of sterling.",我没有美金，但给了他等值的英镑。
indifferent,ɪn'dɪfrənt,adj. 漠不关心的；无关紧要的；中性的，中立的,an indifferent cook,手艺平平的厨师
revolutionary,'rɛvə'lʊʃə'nɛri,adj. 革命的；旋转的；大变革的；n. 革命者,The new cancer drug is a revolutionary breakthrough.,这种抗癌新药是一个革命性突破。
occupy,'ɑkjupaɪ,v. 占据，占领；居住；使忙碌,He occupies the house without paying any rent.,他住在这幢房子里，没有付一分钱房租。
vanish,'vænɪʃ,v. 消失；突然不见；成为零；n. 弱化音,My keys were here a minute ago but now they’ve vanished.,我的钥匙刚刚还在这里，现在却不翼而飞了。
elaborate,ɪ'læbəret,adj. 精心制作的；详尽的；煞费苦心的；v. 精心制作；详细阐述；从简单成分合成（复杂有机物）,pure silks embroidered with elaborate patterns,绣有精美图案的真丝衣服
severe,sɪ'vɪr,adj. 严峻的；严厉的；剧烈的；苛刻的,His injuries were quite severe.,他的伤势很严重。
cease,sis,v. 停止；终了；n. 停止,The things people will do for charity never cease to amaze me (= I am always surprised by them ) .,人们的慈善义举总是让我感到惊讶。
ancient,ˈeɪnʃənt,adj. 古代的；古老的，过时的；年老的；n. 古代人；老人,the ancient civilizations of Asia,亚洲的古代文明
toxic,'tɑksɪk,adj. 有毒的；中毒的,fumes from a toxic waste dump,有毒废料堆产生的毒气
intimate,ˈɪntəmɪt,adj. 亲密的；私人的；精通的；有性关系的；n. 知己；至交；v. 暗示；通知；宣布,an intimate friend of Picasso’s,毕加索的一个密友
episode,'ɛpɪsod,n. 插曲；一段情节；插话；有趣的事件,Watch next week’s thrilling episode!,请收看下周精彩的一集！
wholly,'holli,adv. 完全地；全部；统统,a wholly satisfactory solution,完全令人满意的解决办法
custom,'kʌstəm,n. 习惯，惯例；风俗；海关，关税；经常光顾；[总称]（经常性的）顾客；adj. （衣服等）定做的，定制的,"He awoke early, as was his custom.",他很早醒来，这是他的习惯。
implication,'ɪmplɪ'keʃən,n. 含义；暗示；牵连，卷入；可能的结果，影响,This election has profound implications for the future of U.S. democracy.,对于美国民主的未来而言，这次选举影响深远。
controversial,",kɑntrə'vɝʃl",adj. 有争议的；有争论的,the controversial issue of welfare reform,福利改革这一有争议的话题
meat,mit,n. 肉，肉类（食用）,I gave up eating meat a few months ago.,我几个月以前开始不吃肉了。
marine,mə'rin,adj. 船舶的；海生的；海产的；航海的，海运的；n. 海运业；舰队；水兵；（海军）士兵或军官,the enormous variety of marine life,海洋生物繁多的种类
project,prəˈdʒɛkt; prɑdʒɛkt,v. 设计；计划；表达；投射；n. 工程；计划；事业,the projected closure of the hospital,计划关闭这所医院
congress,'kɑŋɡrəs,n. 国会；代表大会；会议；社交,a congress of the ruling Labor Party,执政党工党的代表大会
membership,'mɛmbɚʃɪp,n. 资格；成员资格；会员身份,You should carry your membership card with you at all times.,你应该随身携带会员卡。
locate,ˈloˌket; loˈket,v. 位于；查找…的地点,We couldn’t locate the source of the radio signal.,我们无法确定无线电信号的来源。
airline,'ɛrlaɪn,n. 航空公司；航线；adj. 航线的,an airline pilot,航空公司飞行员
efficiency,ɪ'fɪʃənsi,n. 效率；效能；功效,considerable advancements in energy efficiency,能源效率的显著提高
hip,hɪp,n. 臀部；蔷薇果；忧郁；adj. 熟悉内情的；非常时尚的,She stood there with her hands on her hips glaring at him.,她站在那里，双手叉腰瞪着他。
wisdom,'wɪzdəm,n. 智慧，才智；明智；学识；至理名言,a man of great wisdom,一个有大智慧的男人
practically,'præktɪkli,adv. 实际地；几乎；事实上,I’ve read practically all of his books.,我差不多读过他所有的书。
detach,dɪ'tætʃ,v. 分离；派遣；使超然,Detach the white part of the application form and keep it for reference only.,取下申请表的白色部分，仅备参考。
owner,'onɚ,n. [经] 所有者；物主,He was now the proud owner of a bright red sports car.,他现在拥有了一辆亮红色跑车，很是自豪。
path,pæθ,n. 道路；小路；轨道,I walked nervously up the garden path towards the front door.,我提心吊胆地沿着花园的小道向前门走去。
stem,stɛm,n. 干；茎；船首；血统；v. 阻止；除去…的茎；给…装柄,long-stemmed wine glasses,高脚酒杯
god,ɡɑd,n. 神；（大写首字母时）上帝；vt. 膜拜，崇拜,Prayer is a way of talking to God.,祈祷是同上帝交流的一种方式。
exhibit,ɪɡ'zɪbɪt,v. 展览；显示；提出（证据等）；n. 展览品；证据；展示会,Her paintings have been exhibited all over the world.,她的绘画作品在世界各地展出。
proportion,prə'pɔrʃən,n. 比例，占比；部分；面积；均衡；v. 使成比例；使均衡；分摊,A large proportion of the dolphins in that area will eventually die.,那个地区的很大一部分海豚最终都会死去。
splash,splæʃ,v. 溅，泼；用使液体飞溅；n. 飞溅的水；污点；卖弄,The children were splashing about in the pool.,孩子们在水池里戏水。
bypass,'baɪpæs,v. 绕开；忽视；设旁路；迂回；n. 旁路；[公路] 支路,Francis bypassed his manager and wrote straight to the director.,弗朗西斯绕过他的经理，直接写信给董事。
alcohol,'ælkəhɔl,n. 酒精，乙醇,I don’t drink alcohol anymore.,我不再喝酒了。
paint,,v. 油漆；绘画；装饰；涂色于；描绘；（用语言，文字等）描写；擦脂粉等；n. 油漆；颜料，涂料；绘画作品；胭脂等化妆品；色彩，装饰,The ceiling needs painting.,天花板需要粉刷了。
breath,brɛθ,n. 呼吸，气息；一口气，（呼吸的）一次；瞬间，瞬息；微风；迹象；无声音，气音,"Slow down, I need to catch my breath.",慢一点，我要喘口气。
plate,pleɪt,n. 碟；金属板；金属牌；感光底片；v. 电镀；给…装甲,The brass plate on the door said ‘Dr Rackman’.,黄铜门牌上写着“雷克曼博士”。
superior,səˈpɪriər,adj. 上级的；优秀的，出众的；高傲的；n. 上级，长官；优胜者，高手；长者,She had that superior tone of voice.,她带着那种傲慢的语气。
loom,lum,n. 织布机；若隐若现的景象；v. 可怕地出现；朦胧地出现；隐约可见,"Vincent loomed over me, as pale and grey as a tombstone.",文森特赫然出现在我面前，脸色苍白阴沉得像块墓碑。
violence,'vaɪələns,n. 暴力；侵犯；激烈；歪曲,There is too much sex and violence on TV these days.,如今电视上性爱和暴力场面太多。
operator,'ɑpəretɚ,n. 经营者；操作员；话务员；行家,computers which can be used by untrained operators,未经训练的操作者也可使用的电脑
obligation,",ɑblɪ'ɡeʃən",n. 义务；职责；债务,Employers have an obligation to treat all employees equally.,雇主有责任对所有员工一视同仁。
dead,dɛd,adj. 无生命的；呆板的；废弃了的；adv. 完全地；n. 死者,Her mother had been dead for ten years.,她母亲去世十年了。
holiday,'hɑləde,n. 假日；节日；休息日；v. 外出度假,The school holidays start tomorrow.,学校假期从明天开始。
maximum,ˈmæksəməm,n. [数] 极大，最大限度；最大量；adj. 最高的；最多的；最大极限的,"We might have a third child, but that’s the absolute maximum .",我们可能会要第三个孩子，但这绝对是极限了。
sponsor,'spɑnsɚ,n. 赞助者；主办者；保证人；v. 赞助；发起,You cannot get a work visa without an American sponsor.,如果没有美国担保人就拿不到工作签证。
accompany,ə'kʌmpəni,v. 陪伴，伴随；伴奏,Children under 14 must be accompanied by an adult.,14岁以下儿童必须有成人陪同。
bother,'bɑðɚ,v. 烦扰，打扰；使……不安；使……恼怒；n. 麻烦；烦恼,"Danny, don’t bother Ellen while she’s reading.",丹尼，埃伦看书的时候不要去打扰她 。
delay,dɪ'le,v. 延期；耽搁；n. 延期；耽搁；被耽搁或推迟的时间,Don’t delay – send off for the information now.,别犹豫——即刻去函索取信息。
click,klɪk,v. 点击；使发咔哒声；n. 单击；滴答声,The door clicked shut behind me.,门在我身后咔嗒一声关上了。
vague,veɡ,adj. 模糊的；含糊的；不明确的；暧昧的；n. (Vague)人名；(法)瓦格；(英)韦格,The governor gave only a vague outline of his tax plan.,州长只是含糊地大致说了一下他的税务计划。
noble,'nobl,adj. 高尚的；贵族的；惰性的；宏伟的；n. 贵族；vt. 抓住；逮捕,It’s very noble of you to spend all your weekends helping the old folk.,你心地真好，周末的时间全都用来帮助老人。
applicable,'æplɪkəbl,adj. 可适用的；可应用的；合适的,What is a reasonable standard for one family is not applicable for another.,对一个家庭合理的标准对于另一个家庭并不适用。
smart,smɑrt,adj. 聪明的；巧妙的；敏捷的；厉害的；潇洒的；剧烈的；时髦的；n. (Smart)人名；(法)斯马尔；(英、德)斯马特,The smart kids get good grades and go off to college.,聪明的孩子成绩好，可以去上大学。
slack,slæk,adj. 松弛的；疏忽的；不流畅的；v. 松懈；减弱；n. 煤末；峡谷；adv. 马虎地；缓慢地,Keep the rope slack until I tell you to pull it.,让绳子松着，直到我叫你拉紧。
attain,ə'ten,v. 达到，实现；获得；到达；n. 成就,More women are attaining positions of power.,越来越多的女性获得要职。
initiative,ɪ'nɪʃətɪv,n. 主动权；首创精神；adj. 主动的；自发的；起始的,Why don’t you take the initiative and ask him out?,为什么你不主动约他出去呢？
reinforce,",riɪn'fɔrs",v. 加强，加固；强化；补充；n. 加强；加固物；加固材料,The film reinforces the idea that women should be pretty and dumb.,这部影片强化了这个观点——女人要漂亮，而且要笨一些。
impressive,ɪm'prɛsɪv,adj. 感人的；令人钦佩的；给人以深刻印象的,The figures certainly look impressive.,这些数字看上去确实很可观。
crop,krɑp,n. 产量；农作物；庄稼；平头；v. 种植；收割；修剪；剪短,The main crops were oats and barley.,主要作物是燕麦和大麦。
submit,səb'mɪt,v. 使服从；主张；呈递,"In desperation, Mrs. Jones submitted to an operation on her right knee to relieve the pain.",绝望中，琼斯夫人不得已接受了一次她右膝的手术以减轻疼痛。
impression,ɪm'prɛʃən,n. 印象；效果，影响；压痕，印记；感想；曝光（衡量广告被显示的次数。打开一个带有该广告的网页，则该广告的impression 次数增加一次）,When we looked around the school we got a very good impression.,我们参观了学校，对它的印象很好。
spur,spɝ,n. 鼓舞，刺激；马刺；山坡；v. 骑马疾驰；给予刺激,The crowd’s reaction only acted as a spur.,人群的反应不过起了刺激作用。
react,ri'ækt,v. 反应；影响；反抗；起反作用,He reacted angrily to the suggestion that he had lied.,说他撒谎，他非常生气。
exemplify,ɪɡ'zɛmplɪfaɪ,v. 例证；例示,"All these recipes exemplify my cooking: healthy, delicious and quick.",所有这些食谱例证了我的饭菜：健康、美味、快捷。
prepare,prɪ'pɛr,v. 准备；使适合；装备；起草,The prosecution wanted more time to prepare their case.,原告想要有更多的时间来准备诉讼。
contact,'kɑntækt,n. 接触，联系；v. 使接触，联系,The town is cut off from contact with the outside world.,小镇与外界的联系被切断了。
attach,ə'tætʃ,v. 使依附；贴上；系上；使依恋,We attach labels to things before we file them away.,我们在把东西归档前先给它们贴上标签。
pace,pes,n. 一步；步速；步伐；速度；v. 踱步；缓慢而行,"He quickened his pace , longing to be home.",他加快步伐，盼望着早点回到家中。
nervous,'nɝvəs,adj. 神经的；紧张不安的；强健有力的,I wish you’d stop looking at me like that. You’re making me nervous.,我希望你不要再那样看着我了，你让我紧张。
fee,fi,n. 费用；酬金；小费；v. 付费给……,You can use the gym and pool for a fee of £35 a month.,月付35英镑，即可使用健身房和游泳池。
guess,ɡɛs,v. 猜测；认为；推测；猜中；n. 猜测；推测,"I’d say he’s around 50, but I’m only guessing.",我想他50岁左右，不过也只是猜测。
reluctant,rɪ'lʌktənt,adj. 不情愿的；勉强的；顽抗的,She gave a reluctant smile.,她勉强笑了笑。
leaf,lif,n. 叶子；（书籍等的）一张；扇页；v. 生叶；翻书页,a flowering bush with large shiny leaves,叶子大而油亮的开花灌木
surgery,'sɝdʒəri,n. 外科；外科手术；手术室；诊疗室,Dr. Hanson is in surgery.,汉森医生在手术室。
personnel,",pɝsə'nɛl",n. 人事部门；全体人员；adj. 人员的；有关人事的,A copy should then be sent to Personnel for our files.,然后必须送一份到人事部供我们存档。
fan,fæn,v. 煽动；刺激；吹拂；n. 迷；风扇；爱好者,Her resistance only fanned his desire.,她的反抗反而激起了他的欲望。
delicate,ˈdɛlɪkɪt,adj. 微妙的；精美的，雅致的；柔和的；易碎的；纤弱的；清淡可口的,There’s something I have to speak to you about – it’s a delicate matter .,我有件事要跟你讲——是一件需要谨慎处理的事。
castle,'kæsl,n. 城堡；象棋中的车；v. 置…于城堡中；筑城堡防御,Edinburgh Castle,爱丁堡城堡
criterion,kraɪˈtɪriən,n. （批评判断的）标准；准则；规范；准据,the criteria we use to select candidates,我们挑选候选人的标准
concentration,'kɑnsn'treʃən,n. 浓度；集中；浓缩；专心；集合,She needed all her powers of concentration to stop herself from slipping on the icy road.,她需要集中全部注意力才能不让自己在结冰的路上滑倒。
obscure,əb'skjʊr,adj. 昏暗的，朦胧的；晦涩的，不清楚的；隐蔽的；不著名的，无名的；v. 使…模糊不清，掩盖；隐藏；使难理解；n. 某种模糊的或不清楚的东西,an obscure poet,名不见经传的诗人
beard,bɪrd,v. 公然反对；抓…的胡须；n. 胡须；颌毛,He's decided to grow a beard.,他已经决定蓄胡须。
sentiment,'sɛntɪmənt,n. 感情，情绪；情操；观点；多愁善感,Similar sentiments were expressed by many politicians.,许多政治家都表达了相同的观点。
comprehensive,ˌkɑːmprɪˈhensɪv,adj. 综合的；广泛的；有理解力的；n. 综合学校；专业综合测验,We offer our customers a comprehensive range of financial products.,我们为客户提供全面的金融产品。
pastime,'pæstaɪm,n. 娱乐，消遣,Reading was her favourite pastime.,阅读是她最喜爱的消遣方式。
pregnant,'prɛɡnənt,adj. 怀孕的；富有意义的,care for pregnant women,孕妇保健
behave,bɪ'hev,v. 表现；（机器等）运转；举止端正；（事物）起某种作用,She behaved in a very responsible way .,她表现得很有责任心。
implicit,ɪm'plɪsɪt,adj. 含蓄的；暗示的；盲从的,...an implicit warning to the Moroccans not to continue or repeat the military actions they began a week ago.,…叫摩洛哥人不要继续或重复一周前开始的军事行动的含蓄警告。
perform,pɚ'fɔrm,v. 执行；完成；演奏,Surgeons performed an emergency operation.,外科医生做了一个急诊手术。
china,tʃaɪnə,n. 瓷器；adj. 瓷制的,china teacups,瓷茶杯
revive,rɪ'vaɪv,v. 复兴；复活；苏醒；恢复精神,Local people have decided to revive this centuries-old tradition.,当地人决定复兴这一延续了数个世纪的传统。
precious,'prɛʃəs,adj. 宝贵的；珍贵的；矫揉造作的；n. (Precious)人名；(英)普雷舍斯，普雷舍丝(女名),planes delivering precious supplies of medicine and food,运送药品、食品等宝贵物资的飞机
pilgrim,'pɪlɡrɪm,n. 朝圣者；漫游者；（美）最初的移民；vi. 去朝圣；漫游,pilgrims visiting a holy shrine,祭拜圣庙的朝圣者
likewise,'laɪkwaɪz,adv. 同样地；也,Nanny put on a shawl and told the girls to do likewise.,南妮披上披肩，并叫女孩们也这样做。
prize,praɪz,n. 奖品；奖赏；战利品；v. 珍视；捕获；估价；adj. 获奖的,"In this month’s competition you could win a prize worth £3,000.","在本月的竞赛中您可以赢得价值3,000英镑的奖品。"
strict,strɪkt,adj. 严格的；绝对的；精确的；详细的,a strict teacher,严格的老师
elevate,'ɛlɪvet,v. 提升；举起；振奋情绪等；提升…的职位,Language has elevated humans above the other animals.,语言使人类高于其他动物。
inch,ɪntʃ,n. 英寸；身高；少许；v. 使缓慢地移动,The curtains were an inch too short.,窗帘短了一英寸。
surpass,sə'pæs,v. 超越；胜过，优于；非…所能办到或理解,He had surpassed all our expectations .,他超越了我们所有的预期。
address,ə'drɛs,v. 演说；从事；忙于；写姓名地址；向…致辞；与…说话；提出；处理；n. 地址；演讲；致辞；说话的技巧；称呼,"Send a stamped, self-addressed envelope (=  with your address on it so it can be sent back to you  ) .",寄上一个贴好邮票的、写有回邮地址的信封。
missing,'mɪsɪŋ,adj. 失踪的；缺少的；v. 错过（miss的ing形式）；想念；漏掉；n. (Missing)人名；(德)米辛,We found the missing piece of the jigsaw under the chair.,我们在椅子下面找到了那块丢失的拼图。
hypothesis,haɪ'pɑθəsɪs,n. 假设,One hypothesis is that the victim fell asleep while driving.,一种假设是受害人开车时睡着了。
novelty,'nɑvlti,n. 新奇；新奇的事物；新颖小巧而廉价的物品,Many toys have no attraction beyond their novelty value.,许多玩具除了有些新奇感之外，别无吸引力。
protect,prə'tɛkt,v. 保护，防卫；警戒,Are we doing enough to protect the environment?,我们在保护环境方面做得够吗？
clock,klɑk,n. 时钟；计时器；v. 记录；记时,I heard the clock strike six (= make six loud sounds ) .,我听到钟敲了六下。
enlighten,ɪn'laɪtn,v. 启发，启蒙；教导，开导；照耀,A few dedicated doctors have fought for years to enlighten the profession.,少数富有献身精神的医生为启蒙这一行业而奋斗多年。
biology,baɪ'ɑlədʒi,n. （一个地区全部的）生物；生物学,a degree in biology,生物学学位
comparison,kəm'pærɪsn,n. 比较；对照；比喻；比较关系,Her paintings invite comparison with those of the early Impressionists (= they remind you of them ) .,她的画作让人想起早期的印象派作品。
accomplish,ə'kɑmplɪʃ,v. 完成；实现；达到,We have accomplished all we set out to do.,所有计划要做的事情，我们都已完成。
audience,'ɔdɪəns,n. 观众；听众；读者；接见；正式会见；拜会,The audience began clapping and cheering.,观众开始鼓掌欢呼。
profitable,'prɑfɪtəbl,adj. 有利可图的；赚钱的；有益的,The advertising campaign proved very profitable.,事实证明，这次广告宣传活动卓有成效。
pride,praɪd,n. 自豪；骄傲；自尊心；v. 使得意，以…自豪,He wore his medals with pride.,他自豪地戴着奖章。
danger,'dendʒɚ,n. 危险；危险物，威胁,Danger! No boats beyond this point.,危险！船只不可越过此处。
resistance,rɪ'zɪstəns,n. 阻力；电阻；抵抗；反抗；抵抗力,disease resistance,抗病能力
resent,rɪ'zɛnt,v. 怨恨；愤恨；厌恶,Paul resented the fact that Carol didn’t trust him.,保罗非常气愤，因为卡萝尔不信任他。
familiar,fə'mɪljɚ,adj. 熟悉的；常见的；亲近的；n. 常客；密友,a familiar tune,熟悉的曲调
gender,'dʒɛndɚ,n. 性；性别；性交；vt. 生（过去式gendered，过去分词gendered，现在分词gendering，第三人称单数genders，形容词genderless）,people of the same gender,同性别的人
victim,'vɪktɪm,n. 受害人；牺牲品；牺牲者,The victim received head injuries from which she died a week later.,受害人头部受伤，一周后死亡。
resume,,n. 摘要；[管理] 履历，简历；v. 重新开始，继续；恢复，重新占用,a brief résumé of the day’s events,当天活动的概述
grasp,ɡræsp,n. 抓住；理解；控制；v. 抓住；领会,Luke took her arm in a firm grasp and led her through the gate.,卢克紧紧抓着她的胳膊，领她进了门。
evil,'ivl,adj. 邪恶的；不幸的；有害的；讨厌的；n. 罪恶，邪恶；不幸,an evil dictator responsible for the deaths of millions,应对数百万人之死负责的邪恶独裁者
effective,ɪ'fɛktɪv,adj. 有效的，起作用的；实际的，实在的；给人深刻印象,The cheaper drugs are just as effective in treating arthritis.,较便宜的药品对治疗关节炎同样有效。
wander,'wɑndɚ,v. 徘徊；漫步；迷路；离题；n. (Wander)人名；(英)万德(女子教名),She wandered aimlessly about the house.,她漫无目的地在房子里走来走去。
extract,'ɛkstrækt,v. 提取；取出；摘录；榨取；n. 汁；摘录；榨出物；选粹,You’ll have to have that tooth extracted.,你得把那颗牙拔掉。
dependent,dɪ'pɛndənt,adj. 依靠的；从属的；取决于…的；n. 依赖他人者；受赡养者,Jan’s mother was dependent on her for physical care.,简的母亲要靠简来照顾。
coherent,ko'hɪrənt,adj. 连贯的，一致的；明了的；清晰的；凝聚性的；互相耦合的；粘在一起的,The three years of the course are planned as a coherent whole.,这三年的课程是作为连贯的整体来安排的。
hook,hʊk,n. 挂钩，吊钩；v. 钩住；引上钩,Tom hung his coat on the hook behind the door.,汤姆把外套挂在门后的衣钩上。
factory,'fæktri,n. 工厂；制造厂；代理店,a car factory,汽车制造厂
prefer,prɪ'fɝ,v. 更喜欢；宁愿；提出；提升,This type of owl prefers a desert habitat.,这种猫头鹰更喜欢沙漠的生活环境。
guidance,'gaɪdns,n. 指导，引导；领导,a missile with a sophisticated electronic guidance system,有精密电子制导系统的导弹
regarding,rɪ'ɡɑrdɪŋ,prep. 关于，至于,"Regarding your recent inquiry, I have enclosed a copy of our new brochure.",关于你最近的咨询，我随信附上一本我们最新的手册。
auto,'ɔto,n. 汽车（等于automobile）；自动；vi. 乘汽车,imported autos,进口汽车
accident,'æksədənt,n. 事故；意外；[法] 意外事件；机遇,I met her quite by accident (=  completely by accident  ) .,我遇见她完全是偶然。
susceptible,sə'sɛptəbl,adj. 易受影响的；易感动的；容许…的；n. 易得病的人,A lot of TV advertising is aimed at susceptible young children.,很多电视广告瞄准了易受影响的幼儿。
statistical,stə'tɪstɪkl,adj. 统计的；统计学的,The report contains a great deal of statistical information.,该报告包含大量统计资料。
pupil,pjupl,n. 学生；[解剖] 瞳孔；未成年人,About 20 pupils study music here.,大约20名小学生在这里学习音乐。
intense,ɪn'tɛns,adj. 强烈的；紧张的；非常的；热情的,Young people today are under intense pressure to succeed.,如今的年轻人面临要出人头地的巨大压力。
preferable,'prɛfrəbl,adj. 更好的，更可取的；更合意的,"For this dish, fresh herbs and garlic are preferable.",做这道菜，用新鲜香草和大蒜更好。
panic,'pænɪk,n. 恐慌，惊慌；大恐慌；adj. 恐慌的；没有理由的；v. 使恐慌,a feeling of sheer panic,惊恐万分的感觉
equipment,ɪ'kwɪpmənt,n. 设备，装备；器材,a shop selling camping equipment,出售露营装备的商店
cool,kul,adj. 凉爽的；冷静的；出色的；v. 使…冷却；使…平静下来；n. 凉爽；凉爽的空气；adv. 冷静地,She swam out into the cool water.,她往外游向清凉的水里。
adequate,ˈædɪkwət,adj. 充足的；适当的；胜任的,Farmers have been slow to make adequate provision for their retirement.,农民们迟迟没有为退休做好适当安排。
attendance,ə'tɛndəns,n. 出席；到场；出席人数；考勤,"We have an average attendance of 4,000 fans per game.","每场比赛平均有4,000名球迷来观战。"
vessel,'vɛsl,n. 船，舰；[组织] 脉管，血管；容器，器皿,a fishing vessel,渔船
inspire,ɪn'spaɪɚ,v. 激发；鼓舞；启示；产生；使生灵感,We need someone who can inspire the team.,我们需要一个能鼓舞团队士气的人。
exploit,ɪk'splɔɪt,v. 开发，开拓；剥削；开采；n. 勋绩；功绩,Homeworkers can easily be exploited by employers.,在家工作的人容易被雇主剥削。
radio,'redɪo,n. 收音机；无线电广播设备；v. 用无线电进行通信,The last 12 months have been difficult ones for local radio.,最近的12个月对地方广播电台来说是艰难的。
remote,rɪ'mot,adj. 遥远的；偏僻的；疏远的；n. 远程,a remote border town,一个偏远的边境小镇
literature,lɪtərəˌtʃʊr,n. 文学；文献；文艺；著作,He has read many of the major works of literature.,他读过许多重要的文学作品。
format,'fɔrmæt,n. 格式；版式；开本；v. 使格式化；规定…的格式,a large-format book for the partially-sighted,一本给弱视者阅读的大开本的书
recipient,rɪ'sɪpɪənt,n. 容器，接受者；容纳者；adj. 容易接受的，感受性强的,...the largest recipient of U.S. foreign aid.,…最大的美国对外援助接受方。
persuade,pɚ'swed,v. 说服，劝说；使某人相信；劝某人做（不做）某事；adj. 空闲的，有闲的,He was fairly easily persuaded .,他很轻易就被说服了。
peak,pik,n. 山峰；最高点；顶点；帽舌；v. 使达到最高点；使竖起；adj. 最高的；最大值的,Sales this month have reached a new peak .,本月的销售额创了新高。
debate,dɪ'bet,v. 辩论，争论，讨论；n. 辩论；辩论会,The issue will be debated on Tuesday.,这个问题将在星期二讨论。
expression,ɪk'sprɛʃən,n. 表现，表示，表达；表情，脸色，态度，腔调，声调；式，符号；词句，语句，措辞，说法,Student leaders are demanding greater freedom of expression (= the right to say what you think without being punished ).,学生领袖要求得到更多的言论自由。
award,ə'wɔrd,v. 授予；判定；n. 奖品；判决,Moodie has been awarded a golf scholarship at the University of Hawaii.,穆迪获授夏威夷大学高尔夫奖学金。
abroad,ə'brɔd,adv. 在国外；到海外；adj. 往国外的；n. 海外；异国,I’ve never lived abroad before.,我以前从未在国外生活过。
ahead,ə'hɛd,adj. 向前；在前的；领先；adv. 向前地；领先地；在（某人或某事物的）前面；预先；在将来，为未来,He kept his gaze fixed on the car ahead.,他的目光一直盯着前面的那辆汽车。
barrier,'bærɪɚ,n. 障碍物，屏障；界线；vt. 把…关入栅栏,He advocated the removal of trade barriers.,他提倡消除贸易壁垒。
contend,kən'tɛnd,v. 竞争；奋斗；斗争；争论,"Inevitably, fights break out between the members of contending groups.",争权夺利的几个团体之间不可避免地发生了打斗。
survival,sɚ'vaɪvl,n. 幸存，残存；幸存者，残存物,The doctors gave him a one in ten chance of survival .,医生说他有十分之一的生存希望。
entrance,'ɛntrəns,n. 入口；进入；v. 使出神，使入迷,the station entrance,车站的入口处
selection,sɪ'lɛkʃən,n. 选择，挑选；选集；精选品,The judges have made their final selection.,评委已经作出最后的评选。
attend,ə'tɛnd,v. 出席；上（大学等）；照料；招待；陪伴,Only 12 people attended the meeting.,只有12个人出席了会议。
dare,dɛr,n. 挑战；挑动；v. 敢冒；不惧,Jones broke into a military base on a dare.,约翰接受了挑战，冲进一个军事基地。
comparative,kəm'pærətɪv,adj. 比较的；相当的；n. 比较级；对手,"After a lifetime of poverty, his last few years were spent in comparable comfort.",他穷了一辈子，最后几年还算过得比较舒适。
sudden,'sʌdn,adj. 突然的，意外的；快速的；n. 突然发生的事,a sudden change in the weather,天气的突然变化
tie,taɪ,v. 系；约束；打结；与…成平局；n. 领带；平局；鞋带；领结；不分胜负,He tied the ends of the plastic bag together.,他把塑料袋的两头系在一起。
alert,ə'lɝt,v. 警告；使警觉，使意识到；adj. 警惕的，警觉的；留心的；n. 警戒，警惕；警报,The school immediately alerted the police .,学校立即报了警。
reserve,rɪ'zɝv,n. 储备，储存；自然保护区；预备队；缄默；[金融] 储备金；v. 储备；保留；预约,$10 million in cash reserves,"1,000万美元的现金储备"
contest,kən'tɛst,v. 争辩；质疑；n. 竞赛；争夺；争论,His brothers are contesting the will.,他的兄弟们对遗嘱提出质疑。
trigger,'trɪɡɚ,v. 引发，引起；触发；n. 扳机；[电子] 触发器；制滑机,The assassination triggered off a wave of rioting.,这次暗杀事件引发了一阵骚乱。
pioneer,",paɪə'nɪr",n. 先锋；拓荒者；v. 开辟；倡导；提倡,the early pioneers of the Dakota territory,达科他地区的早期拓荒者
repair,rɪ'pɛr,v. 修理；修复；n. 修理，修补；修补部位,"Dad was up the ladder, repairing the roof.",爸爸在梯子上修补屋顶。
treat,trit,v. 治疗；对待；探讨；视为；n. 请客；款待,It was difficult to treat patients because of a shortage of medicine.,由于缺少药物，很难给病人治病。
crown,kraʊn,n. 王冠；花冠；王权；顶点；v. 加冕；居…之顶；表彰；使圆满完成,a hat with a high crown,高顶帽
slot,slɑt,n. 位置；狭槽；水沟；硬币投币口；v. 跟踪；开槽于,He dropped a coin into the slot and dialled.,他把一枚硬币投进了那个投币口，然后拨了号。
context,'kɑntɛkst,n. 环境；上下文；来龙去脉,The meaning of ‘mad’ depends on its context. mad,一词的意义要视上下文而定。
toll,tol,n. 通行费；代价；钟声；伤亡人数；v. 征收；敲钟,The death toll has risen to 83.,死亡人数已上升到83人。
advice,ædˈvaɪs; əd'vaɪs,n. 建议；忠告；劝告；通知,You should have followed my advice.,你真该听我的建议。
architecture,'ɑrkə'tɛktʃɚ,n. 建筑学；建筑风格；建筑式样；架构,He studied architecture at university.,他在大学里读的是建筑学。
qualification,",kwɑlɪfɪ'keʃən",n. 资格；条件；限制；赋予资格,He left school without any qualifications.,他离校时没有拿到任何文凭。
leisure,'liʒɚ,n. 闲暇；空闲；安逸；adj. 空闲的；有闲的；业余的,Most people now enjoy shorter working hours and more leisure time.,现在大多数人都喜欢工作时间短些，闲暇时间多些。
organize,ɔrɡənˌaɪz,v. 组织；使有系统化；给予生机；组织成立工会等,The course was organized by a training company.,这一课程是由一家培训公司组织的。
supplement,'sʌplɪmənt,v. 增补，补充；n. 增补，补充；补充物；增刊，副刊,...people doing extra jobs outside their regular jobs to supplement their incomes.,…在固定工作之余做兼职以增加收入的人们。
amateur,ˈæmətər,n. 爱好者；业余爱好者；外行；adj. 业余的；外行的,a gifted amateur,有天赋的业余爱好者
athlete,'æθlit,n. 运动员，体育家；身强力壮的人,a professional athlete,一位专业运动员
enormous,ɪ'nɔrməs,adj. 庞大的，巨大的；凶暴的，极恶的,an enormous bunch of flowers,巨大的花束
strengthen,'strɛŋθn,v. 加强；巩固,Our friendship has steadily strengthened over the years.,我们的友谊逐年加深。
hero,'hɪro,n. 英雄；男主角，男主人公,"He had dared to speak out against injustice, and overnight he became a national hero .",他敢于站出来抨击不公正的现象，一夜之间就成了国家英雄。
imitate,'ɪmɪtet,v. 模仿，仿效；仿造，仿制,She was a splendid mimic and loved to imitate Winston Churchill.,她是个出色的模仿者，喜欢模仿温斯顿·丘吉尔。
grip,ɡrɪp,n. 紧握；柄；支配；握拍方式；拍柄绷带；v. 紧握；夹紧,Hold the microphone in a firm grip and keep it still.,紧紧握住麦克风不要让它动。
super,'sʊpɚ,adj. 特级的；极好的；n. 特级品，特大号；临时雇员,an old car in super condition,一辆状况极好的旧车
rid,rɪd,v. 使摆脱；使去掉；n. (Rid)人名；(英)里德,The proposals are an attempt to rid the country of political corruption.,这些提议是使该国摆脱政治腐败的一种尝试。
succession,sək'sɛʃən,n. 连续；继位；继承权；[生态] 演替,She won the championship four times in succession.,她连续四次夺得冠军。
thirty,'θɝti,n. 三十年代；num. 三十；adj. 三十个的,"In the thirties, air travel really began to take off.",在30年代，乘飞机旅行迅速流行了起来。
scrutiny,'skrutəni,n. 详细审查；监视；细看；选票复查,Their activities have come under police scrutiny .,他们的活动受到警方的严密监视。
tourist,'tʊrɪst,n. 旅行者，观光客；adj. 旅游的；vt. 在旅行参观；vi. 旅游；观光；adv. 坐旅游车厢；坐经济舱,Cambridge is always full of tourists in the summer.,剑桥在夏季总是挤满了游客。
sad,sæd,adj. 难过的；悲哀的，令人悲痛的；凄惨的，阴郁的（形容颜色）,Sorry to hear the sad news .,听到这令人伤心的消息我很难过。
pipe,paɪp,n. 管；烟斗；笛；v. 吹笛；尖叫,a water pipe,水管
noise,nɔɪz,n. [环境] 噪音；响声；杂音；v. 谣传,What’s that noise?,那是什么声音？
contribution,",kɑntrɪ'bjuʃən",n. 贡献；捐献；投稿,a campaign contribution,竞选捐款
acclaim,ə'klem,v. 称赞；为…喝彩，向…欢呼；n. 欢呼，喝彩；称赞,His work was acclaimed by art critics.,他的作品得到艺术评论家的推崇。
conceive,kən'siv,v. 怀孕；构思；以为；持有,Scientists first conceived the idea of the atomic bomb in the 1930’s.,在20世纪30年代，科学家第一次有了原子弹的设想。
impossible,ɪm'pɑsəbl,adj. 不可能的；不可能存在的；难以忍受的；不真实的；n. 不可能；不可能的事,‘I want to speak to Mr Franks.’ ‘I’m afraid that’s impossible.’,“我想和弗兰克斯先生谈谈。”“恐怕不行。”
bible,,n. 有权威的书,...a publisher of bibles and hymn books.,…一家《圣经》册本和圣歌集出版商。
vice,vaɪs,n. 恶习；缺点；[机] 老虎钳；卖淫；prep. 代替；vt. 钳住；adj. 副的；代替的,Smoking is my only vice.,吸烟是我唯一的恶习。
perplex,pɚ'plɛks,v. 使困惑，使为难；使复杂化,Shea’s symptoms perplexed the doctors.,谢伊的症状令医生们困惑。
concert,'kɑnsɚt,n. 音乐会；一致；和谐；v. 使协调；协同安排；adj. 音乐会用的；在音乐会上演出的,a rock concert,摇滚音乐会
yield,jild,v. 屈服；出产，产生；放弃；n. 产量；收益,Our research has only recently begun to yield important results.,直到最近我们的研究才开始取得重要成果。
spelling,'spɛlɪŋ,n. 拼写；拼字；拼法；v. 拼写；意味着（spell的ing形式）；迷住,Her spelling has improved.,她的拼写进步了。
scope,skop,n. 范围；余地；视野；眼界；导弹射程；v. 审视,measures to limit the scope of criminals’ activities,限制罪犯活动范围的措施
abstract,'æbstrækt,n. 摘要；抽象；抽象的概念；adj. 抽象的；深奥的；v. 摘要；提取；使……抽象化；转移(注意力、兴趣等)；使心不在焉,Talking about crime in the abstract just isn’t enough.,抽象地谈论犯罪根本不足以说明问题。
reap,rip,v. 收获，获得；收割；n. (Reap)人名；(英)里普,You'll soon begin to reap the benefits of being fitter.,你很快就会获得身体更健康带来的好处。
worse,wɜrs,adj. 更坏的；更差的；更恶劣的（bad的比较级）；（病情）更重的（ill的比较级）；adv. 更糟；更坏；更恶劣地；更坏地；n. 更坏的事；更恶劣的事,The traffic is much worse after five o’clock.,5点以后交通拥堵严重得多。
absence,'æbsns,n. 没有；缺乏；缺席；不注意,"In the absence of any evidence, the police had to let Myers go.",警察没有证据，只好把迈尔斯放了。
lucky,'lʌki,adj. 幸运的；侥幸的,I didn’t really know your name – it was just a lucky guess .,我并不知道你的名字―只是运气好猜中的。
assert,ə'sɝt,v. 维护，坚持；断言；主张；声称,"French cooking, she asserted, is the best in the world.",她坚称法国菜是世界上最好的。
encounter,ɪn'kaʊntɚ,v. 遭遇，邂逅；遇到；n. 遭遇，偶然碰见,The doctor had encountered several similar cases in the past.,那位医生过去曾碰到过好几个类似病例。
horizon,hə'raɪzn,n. [天] 地平线；视野；眼界；范围,"In the distance, the dot of a boat appeared on the horizon.",远处小黑点般的一条小船出现在地平线上。
rush,rʌʃ,n. 冲进；匆促；急流；灯心草；adj. 急需的；v. 使冲；突袭；匆忙地做；飞跃,At five past twelve there was a mad rush to the dinner hall.,12点零5分，人们疯狂地冲向餐厅。
costly,'kɔstli,adj. 昂贵的；代价高的；n. (Costly)人名；(英)科斯特利,Such a database would be extremely costly to set up.,建立这样一个数据库要花很多钱。
ceremony,ˈsɛrəˌmoʊni,n. 典礼，仪式；礼节，礼仪；客套，虚礼,a wedding ceremony,婚礼
window,'wɪndo,n. 窗；窗口；窗户,Television provides us with a useful window on the world.,电视为我们提供了了解世界的有用渠道。
ritual,'rɪtʃuəl,n. 仪式；惯例；礼制；adj. 仪式的；例行的；礼节性的,ancient pagan rituals,古老的异教仪式
urge,ɝdʒ,v. 力劝，催促；驱策，推进；n. 强烈的欲望，迫切要求；推动力,The charity urged quick action.,慈善机构敦促迅速采取行动。
invert,'ɪnvɝt,v. 使…转化；使…颠倒；使…反转；使…前后倒置；n. 颠倒的事物；倒置物；倒悬者；adj. 转化的,Invert the cake onto a serving plate.,把蛋糕倒扣过来放到一个盘子上。
invest,ɪn'vɛst,v. 投资；覆盖；耗费；授予；包围,I’ve got a few thousand dollars I’m looking to invest.,我有几千美元想作投资。
visible,'vɪzəbl,adj. 明显的；看得见的；现有的；可得到的；n. 可见物；进出口贸易中的有形项目,The comet is visible to the naked eye (= can be seen without using special equipment ).,这颗彗星肉眼看得见。
perspective,pɚ'spɛktɪv,n. 观点；远景；透视图；adj. 透视的,the artist’s use of perspective,那位画家对透视法的运用
cautious,'kɔʃəs,adj. 谨慎的；十分小心的,a cautious driver,一位谨慎的司机
highlight,'haɪlaɪt,v. 突出；强调；使显著；加亮；n. 最精彩的部分；最重要的事情；加亮区,Your résumé should highlight your skills and achievements.,你的简历应该突出自己的技能和成绩。
desperate,'dɛspərət,adj. 不顾一切的；令人绝望的；极度渴望的,I had no money left and was desperate.,我身无分文，已经走投无路了。
final,'faɪnl,adj. 最终的；决定性的；不可更改的；n. 决赛；期末考试；当日报纸的末版,The final episode will be shown tonight.,最后一集将于今晚播出。
proof,pruf,n. 证明；证据；校样；考验；验证；试验；adj. 防…的；不能透入的；证明用的；耐…的；v. 试验；校对；使不被穿透,There is no proof that the document is authentic.,没有证据证明这份文件是真的。
cruel,'kruəl,adj. 残酷的，残忍的；使人痛苦的，让人受难的；无情的，严酷的,His death was a cruel blow .,他的死是个无情的打击。
ideology,",aidi'ɔlədʒi, ,idi-",n. 意识形态；思想意识；观念学,the ideologies of fascism and terrorism,法西斯主义和恐怖主义的意识形态
bid,bɪd,v. 投标；出价；表示；吩咐；n. 出价；叫牌；努力争取,She wanted to bid for it.,她想出价买下它。
vacuum,'vækjʊəm,n. 真空；空间；真空吸尘器；adj. 真空的；利用真空的；产生真空的；v. 用真空吸尘器清扫,His presence should fill the power vacuum that has been developing over the past few days.,他的出现应该能填补过去几天中形成的权力空缺。
proud,praʊd,adj. 自豪的；得意的；自负的；n. (Proud)人名；(英)普劳德,Seth was the proud owner of a new sports car.,赛思因为有了新跑车而扬扬得意。
pop,pɑp,abbr. 卖点广告（Point of Purchase）,,
quiet,'kwaɪət,adj. 安静的；安定的；不动的；温顺的；n. 安静；和平；v. 使平息；安慰,We’ll have to be quiet so as not to wake the baby.,我们得安静点，免得吵醒宝宝。
chronic,'krɑnɪk,adj. 慢性的；长期的；习惯性的；n. (Chronic)人名；(英)克罗尼克,chronic arthritis,慢性关节炎
bulk,bʌlk,n. 体积，容量；大多数，大部分；大块；v. 使扩大，使形成大量；使显得重要,,
busy,'bɪzi,adj. 忙碌的；热闹的；正被占用的；v. 使忙于；n. (Busy)人名；(匈)布希；(法)比西,She’s busy now – can you phone later?,她现在正忙，你稍后打来好吗？
belt,bɛlt,n. 带；腰带；地带；v. 用带子系住；用皮带抽打,He unbuckled his leather belt.,他解开皮带。
burn,bɝn,v. 燃烧；烧毁，灼伤；激起…的愤怒；n. 灼伤，烧伤；烙印,I burnt all his old letters.,我把他以前的信全烧了。
posture,'pɑstʃɚ,n. 姿势；态度；情形；v. 摆姿势,her upright posture,她笔挺的姿势
reference,'rɛfrəns,n. 参考，参照；涉及，提及；参考书目；介绍信；证明书；v. 引用,The official at the American embassy asked me for two references.,美国大使馆的官员要我提供两名证明人。
craft,kræft,n. 工艺；手艺；太空船；v. 精巧地制作,traditional rural crafts,传统的乡村手工艺
gate,ɡet,n. 大门；出入口；门道；v. 给…装大门,We went through the gate into the orchard.,我们穿过大门进了果园。
nutrition,nu'trɪʃən,n. 营养，营养学；营养品,Nutrition and exercise are essential to fitness and health.,营养和运动是保持健康所必不可少的。
gasp,ɡæsp,v. 喘气；喘息；渴望；n. 喘气,I’m gasping for a pint!,我好想喝一大杯啤酒啊！
boycott,'bɔɪkɑt,v. 联合抵制；拒绝参加；n. 联合抵制,We boycott all products tested on animals.,我们抵制所有拿动物做试验的产品。
incredible,ɪn'krɛdəbl,adj. 难以置信的，惊人的,It’s incredible that he survived the fall.,他跌下去竟然能够生还，真不可思议。
engine,'ɛndʒɪn,n. 引擎，发动机；机车，火车头；工具,Is the engine running smoothly?,发动机运转平稳吗？
mood,mud,n. 情绪，语气；心境；气氛,You’re in a good mood this morning!,你今天早晨心情不错啊！
retain,rɪ'ten,v. 保持；雇；记住,I find it very difficult to retain facts.,我觉得具体事实很难记住。
barely,'bɛrli,adv. 仅仅，勉强；几乎不；公开地；贫乏地,She was very old and barely able to walk.,她年纪非常大，只能勉强走几步路。
aid,ed,n. 援助；帮助；助手；帮助者；v. 援助；帮助；有助于,Foreign aid from many countries poured into the famine area.,来自许多国家的救援物资纷纷送到饥荒地区。
weekly,'wikli,adj. 每周的；周刊的；一周一次的；n. 周刊；adv. 每周一次；逐周,a weekly current affairs programme,一周一档的时事节目
normal,'nɔrml,adj. 正常的；正规的，标准的；n. 正常；标准；常态,A normal working week is 40 hours.,一个正常的工作周是40小时。
thrive,θraɪv,v. 繁荣，兴旺；茁壮成长,plants that thrive in tropical rain forests,在热带雨林蓬勃生长的植物
basketball,'bæskɪtbɔl,n. 篮球；篮球运动,,
ultimate,'ʌltəmət,adj. 最终的；极限的；根本的；n. 终极；根本；基本原则,The ultimate outcome of the experiment cannot be predicted.,试验的最后结果无法预测。
correct,kə'rɛkt,v. 改正；告诫；adj. 正确的；恰当的；端正的,Correct my pronunciation if it’s wrong.,如果我的发音错了，请给我纠正。
skilled,skɪld,adj. 熟练的；有技能的；需要技能的,"Skilled craftsmen, such as carpenters, are in great demand.",对木工之类的熟练工匠需求量很大。
temper,'tɛmpɚ,n. 脾气；（钢等）回火；性情；倾向；v. 使回火；锻炼；调和；使缓和,That temper of hers will get her into trouble one of these days.,她那种脾气早晚会让她惹麻烦的。
spell,spɛl,v. 拼，拼写；意味着；招致；拼成；迷住；轮值；n. 符咒；一段时间；魅力,How do you spell ‘juice’?,juice 怎么拼？
frustrate,'frʌstret,v. 挫败；阻挠；使感到灰心；adj. 挫败的；无益的,Their attempts to speak to him were frustrated by the guards.,他们想跟他说话，但被警卫拦住了。
fierce,fɪrs,adj. 凶猛的；猛烈的；暴躁的；n. (Fierce)人名；(英)菲尔斯,fierce fighting in the city,城里的激烈战斗
incline,ɪn'klaɪn,v. 倾斜；倾向；易于；n. 倾斜；斜面；斜坡,The telescope is inclined at an angle of 43 degrees.,这架望远镜以43度角倾斜。
string,strɪŋ,n. 线，弦，细绳；一串，一行,Her key hung on a string around her neck.,她的钥匙穿了根绳子挂在脖子上。
slice,slaɪs,n. 薄片；部分；菜刀，火铲；v. 切下；把…分成部分；将…切成薄片,pizza slices,比萨块
hall,hɔl,n. 过道，门厅，走廊；会堂；食堂；学生宿舍；大厅，前厅；娱乐中心，会所,a huge tiled entrance hall,铺着地砖的大门厅
optimistic,",ɑptɪ'mɪstɪk",adj. 乐观的；乐观主义的,Andrew took a more optimistic view.,安德鲁抱有更为乐观的想法。
praise,prez,n. 赞扬；称赞；荣耀；崇拜；v. 赞美，歌颂；表扬,It’s important to give children plenty of praise and encouragement.,对小孩子多加表扬和鼓励是很重要的。
excuse,ɪk'skjʊs,n. 借口；理由；v. 原谅；为…申辩；给…免去,I’m tired of listening to his excuses.,我听厌了他的种种理由。
governor,'ɡʌvɚnɚ,n. 主管人员；统治者，管理者；[自] 调节器；地方长官,the prison governor,监狱长
arm,ɑrm,n. 手臂；武器；袖子；装备；部门；v. 武装起来,Dave has a broken arm .,戴夫手臂断了。
pyramid,'pɪrəmɪd,n. 金字塔；角锥体；v. 渐增；上涨；成金字塔状,different levels of the management pyramid,金字塔式管理体系中的不同层次
foot,fʊt,n. 脚；英尺；步调；末尾；v. 步行；跳舞；总计,My foot hurts.,我脚痛。
shot,ʃɑt,n. 发射；炮弹；射手；镜头；adj. 用尽的；破旧的；杂色的，闪光的；v. 射击（shoot的过去式和过去分词）,"In the opening shot, we see Travolta’s feet walking down the sidewalk.",在开场的镜头中，我们看到特拉沃尔塔的脚在人行道上行走。
concerning,kən'sɝnɪŋ,prep. 关于；就…而言；v. 涉及；使关心（concern的ing形式）；忧虑,calls from young children concerning lost pets,小孩子打来的有关宠物走失的电话
fresh,frɛʃ,adj. 新鲜的；清新的；淡水的；无经验的；n. 开始；新生；泛滥；adv. 刚刚，才；最新地,I’ll just make some fresh coffee.,我来重新煮点咖啡。
march,mɑrtʃ,v. （坚定地向某地）前进；行军，进军；游行示威；进展，进行；n. 行进，前进；行军；游行示威；进行曲,"An estimated 5,000 people marched through the city to demonstrate against the factory closures.",大约有五千人在市里游行示威，抗议关闭工厂。
watch,wɑtʃ,v. 观察；注视；看守；警戒；n. 手表；监视；守护；值班人,Do you mind if I watch?,你介意我看着吗？
rank,ræŋk,n. 排；等级；军衔；队列；adj. 讨厌的；恶臭的；繁茂的；v. 排列；把…分等,He was sentenced to prison and stripped of his rank (= had his rank taken from him ) .,他被判入狱，并且被剥夺了军衔。
oxygen,'ɑksɪdʒən,n. [化学] 氧气，[化学] 氧,The human brain needs to be without oxygen for only four minutes before permanent damage occurs.,人脑缺氧只需4分钟就会造成永久性损伤。
faith,feθ,n. 信仰；信念；信任；忠实,People have lost faith in the government.,人们已失去了对政府的信心。
hire,'haɪɚ,n. 雇用，租用；租金，工钱；v. 雇用；出租,a car hire company,汽车租赁公司
expansion,ɪk'spænʃən,n. 膨胀；阐述；扩张物,The industry underwent a period of rapid expansion.,该产业经历了一轮快速扩张。
superstition,",supɚ'stɪʃən",n. 迷信,the old superstition that walking under a ladder is unlucky,认为从梯子下面穿过不吉利的古老迷信
technique,tɛk'nik,n. 技巧，技术；手法,"He’s a great player, with brilliant technique.",他是个伟大的球员，球技十分精湛。
mouth,maʊθ,n. 口，嘴；河口；v. 做作地说，装腔作势地说；喃喃地说出,He lifted his glass to his mouth.,他把玻璃杯举到嘴边。
forest,'fɔrɪst,v. 植树于，使成为森林；n. 森林,a tropical forest,热带森林
regulate,'rɛɡjulet,v. 调节，规定；控制；校准；有系统的管理,strict rules regulating the use of chemicals in food,限制化学品在食物中使用的严格规定
valid,'vælɪd,adj. 有效的；有根据的；合法的；正当的,a valid credit card,有效信用卡
overlook,",ovɚ'lʊk",v. 忽略；俯瞰；远眺；检查；高耸于…之上；n. 忽视；眺望,It is easy to overlook a small detail like that.,那样的小细节很容易被忽略。
entrepreneur,ˌɑntrəprəˈnɝ​,n. 企业家；承包人；主办者,,
plead,plid,v. 借口；为辩护；托称,"She stayed home from work, pleading illness.",她告病在家不去上班。
chair,tʃɛr,n. 椅子；讲座；（会议的）主席位；大学教授的职位；v. 担任（会议的）主席；使…入座；使就任要职,a kitchen chair,厨房椅
chain,tʃen,n. 链；束缚；枷锁；v. 束缚；囚禁；用铁链锁住,She had a gold chain around her neck.,她脖子上戴了条金项链。
painful,'penfl,adj. 痛苦的；疼痛的；令人不快的,stiff painful joints,僵硬疼痛的关节
enlarge,ɪn'lɑrdʒ,v. 扩大；放大；详述,an operation to enlarge her breasts,她的丰胸手术
shoulder,'ʃoldɚ,n. 肩，肩膀；肩部；v. 肩负，承担,She tapped the driver on the shoulder.,她拍拍司机的肩。
tentative,'tɛntətɪv,adj. 试验性的，暂定的；踌躇的；n. 假设，试验,I passed on my tentative conclusions to the police.,我把我的初步结论递交给了警方。
odd,ɑd,adj. 奇数的；古怪的；剩余的；临时的；零散的；n. 奇数；怪人；奇特的事物,It was an odd thing to say.,这话说得很奇怪。
statesman,'stetsmən,n. 政治家；国务活动家,a respected elder statesman,一位受人尊敬的政界元老
abandon,ə'bændən,n. 放任；狂热；v. 遗弃；放弃,He approached life with reckless abandon–I don't think he himself knew what he was going to do next.,他以不计后果的放纵态度对待生活–我想他自己都不知道他接下来要做什么。
correlate,'kɔrəlet,v. 关联；n. 相关物；相关联的人；adj. 关联的,Attempts to correlate specific language functions with particular parts of the brain have not advanced very far.,试图把特定的语言功能和大脑特定区域相联系的努力还没有取得很大进展。
differ,'dɪfɚ,v. 使…相异；使…不同；n. (Differ)人名；(法)迪费,The story he told police differed from the one he told his mother.,他告诉警察的话和告诉他母亲的不同。
certainly,'sɝtnli,adv. 当然；行（用于回答）；必定,"‘I’d like a beer, please.’ ‘Certainly, sir.’",“请给我来杯啤酒。”“好的，先生。”
heavy,'hɛvi,adj. 沉重的；繁重的，巨大的；拥挤的；阴沉的；n. 重物；严肃角色；adv. 大量地；笨重地,The wardrobe was too heavy for me to move on my own.,衣橱太重，我一个人移不动。
durable,'dʊrəbl,adj. 耐用的，持久的；n. 耐用品,Wood is a durable material.,木头是耐用材料。
prevail,pri'vel,v. 盛行，流行；战胜，获胜,Justice will prevail.,正义终将获胜。
ambition,æm'bɪʃən,n. 野心，雄心；抱负，志向；v. 追求；有…野心,He was young and full of ambition.,他年轻，而且雄心勃勃。
honor,ɑnɚ,n. 荣誉；信用；头衔；v. 尊敬（等于honour）；给…以荣誉,,
split,splɪt,v. 分离；使分离；劈开；离开；分解；n. 劈开；裂缝；adj. 劈开的,We agreed to split the cost .,我们同意分摊这笔费用。
index,'ɪndɛks,n. 指标；指数；索引；指针；v. 做索引,...the consumer price index.,…消费价格指数。
foreign,'fɔrən,adj. 外国的；外交的；异质的；不相关的,foreign students,外国学生
supply,sə'plaɪ,n. 供给，补给；供应品；v. 供给，提供；补充,The nation’s fuel supplies will not last forever.,这个国家的燃料供应不会无穷无尽。
disposition,'dɪspə'zɪʃən,n. 处置；[心理] 性情；[军] 部署；倾向,the disposition of assets on death,身后财产的处置
rain,reɪn,n. 雨；下雨；雨天；雨季；v. 下雨；降雨,a night of wind and rain,风雨交加的夜晚
consent,kən'sɛnt,v. 同意；赞成；答应；n. 同意；（意见等的）一致；赞成,He finally consented to go.,他最终同意去。
unity,'junəti,n. 团结；一致；联合；个体,economic unity,经济统一
sober,'sobɚ,adj. 冷静的，清醒的；未醉的；v. 使严肃；使醒酒，使清醒；n. (Sober)人名；(英)索伯,He’s a nice guy when he’s sober.,他没喝醉时是个不错的家伙。
housing,'haʊzɪŋ,n. 房屋；住房供给；[机] 外壳；遮盖物；机器等的防护外壳或外罩,government housing policy,政府的住房政策
table,'tebl,n. 桌子；表格；平地层；v. 制表；搁置；嵌合；adj. 桌子的,The food was served on long tables.,食物放在长餐桌上供应。
recur,rɪ'kɝ,v. 复发；重现；采用；再来；循环；递归,There is a danger that the disease may recur.,这种病有复发的危险。
programme,proɡrəm,n. 计划，规划；节目；程序；v. 编程序；制作节目,the US space program,美国太空计划
palace,'pælis,n. 宫殿；宅邸；豪华住宅,Buckingham Palace,白金汉宫
caution,'kɔʃən,n. 小心，谨慎；警告，警示；v. 警告,The physician must exercise caution when prescribing antidepressants.,医师在开抗抑郁药处方时必须谨慎。
moderate,"ˈmɑdərɪt; (for v.,) ˈmɑdərˌeɪt",adj. 稳健的，温和的；适度的，中等的；有节制的；v. 变缓和，变弱,Even moderate amounts of alcohol can be dangerous.,喝酒即使不多也会有危险。
nonetheless,'nʌnðə'lɛs,adv. 尽管如此，但是,The region was extremely beautiful. Nonetheless Gerard could not imagine spending the rest of his life there.,那个地区非常漂亮，然而杰拉德却无法想象自己要在那里度过余生。
channel,'tʃænl,v. 引导，开导；形成河道；n. 通道；频道；海峡,Water had channelled grooves in the rock.,水在岩石上冲出了沟槽。
unfold,ʌn'fold,v. 打开；呈现,"As the story unfolds, we learn more about Max’s childhood.",随着故事的展开，我们对马克斯的童年有了更多的了解。
partly,'pɑrtli,adv. 部分地；在一定程度上,The poor weather was partly responsible for the crash.,天气不好是造成坠机事故的部分原因。
emphasis,'ɛmfəsɪs,n. 重点；强调；加强语气,a change of emphasis in government policy,政府政策重心的变化
turbulent,'tɝbjələnt,adj. 骚乱的，混乱的；狂暴的；吵闹的；激流的，湍流的,the turbulent times of the French Revolution,法国大革命的动荡时期
compensation,",kɑmpɛn'seʃən",n. 补偿；报酬；赔偿金,People who are wrongly arrested may be paid compensation .,被误抓的人有可能得到补偿费。
client,'klaɪənt,n. [经] 客户；顾客；委托人,a meeting with an important client,与一位重要客户的会面
rally,'ræli,v. 团结；重整；恢复；（网球等）连续对打；n. 集会；回复；公路赛车会,"After a shaky start, he rallied and won the title in style.",虽然开局不顺，但他振作精神，最后漂亮地赢得了冠军。
lab,læb,n. 实验室，研究室,the school science lab,学校的科学实验室
feeble,'fibl,adj. 微弱的，无力的；虚弱的；薄弱的,His voice sounded feeble and far away.,他的声音听上去既无力又遥远。
appearance,ə'pɪrəns,n. 外貌，外观；出现，露面,He was always criticising his wife’s appearance.,他老是批评妻子的外表。
announce,ə'naʊns,v. 宣布；述说；预示；播报,They announced their engagement in ‘The Times’.,他们在《泰晤士报》上宣布了订婚的消息。
clean,klin,adj. 清洁的，干净的；清白的；v. 使干净；adv. 完全地；n. 打扫,Are your hands clean?,你的手干净吗？
consist,kən'sɪst,v. 由…组成；在于；符合,My diet consisted almost exclusively of chocolate-covered cookies and glasses of milk.,我的饮食几乎只包含裹上巧克力的曲奇饼和一杯杯牛奶。
condemn,kən'dɛm,v. 谴责；判刑，定罪；声讨,Politicians were quick to condemn the bombing.,政治家们立即对爆炸事件进行了谴责。
aspire,ə'spaɪr,v. 渴望；立志；追求,...people who aspire to public office.,…志在获得公职的人们。
evident,'ɛvɪdənt,adj. 明显的；明白的,Bob ate his lunch with evident enjoyment.,显然鲍勃吃午饭吃得津津有味。
sunday,ˈsʌnde; ˈsʌndi,n. 星期日；礼拜日,I thought we might go for a drive on Sunday.,我原以为我们可能星期日去开车兜风。
fitting,'fɪtɪŋ,n. 装配，装置；试穿，试衣；adj. 适合的，适宜的；相称的,a sink with chrome fittings (= handle and taps ),带镀铬配件的洗涤槽
comply,kəm'plaɪ,v. 遵守；顺从，遵从；答应,The newspaper was asked by federal agents for assistance and agreed to comply.,联邦探员要求这家报社给予协助，报社同意配合。
render,'rɛndɚ,v. 致使；提出；实施；着色；以…回报；n. 打底；交纳；粉刷,,
percentage,pɚ'sɛntɪdʒ,n. 百分比；百分率，百分数,Interest rates fell by six percentage points (= 6% ) .,利息下降了6个百分点。
existence,ɪɡ'zɪstəns,n. 存在，实在；生存，生活；存在物，实在物,Scientists have many theories about how the universe first came into existence (= started to exist ).,关于宇宙的起源，科学家有多种理论。
participant,pɑr'tɪsəpənt,adj. 参与的；有关系的；n. 参与者；关系者,If you have time – please answer a comment of another participant.,如果你有时间-请答复另外一个参与者的评论。
limitation,",lɪmɪ'teʃən",n. 限制；限度；极限；追诉时效；有效期限；缺陷,a nuclear limitation treaty,核限制条约
trap,træp,v. 诱捕；使…受限制；使…陷入困境；n. 陷阱；圈套；[建] 存水湾,The police trapped the terrorists at a roadblock.,警察在设有路障的地方堵住了恐怖分子。
stable,'stebl,n. 马厩；牛棚；adj. 稳定的；牢固的；坚定的；v. 被关在马厩,Our stable abuts against his dwelling.,我们的马厩和他的住所毗连。
purpose,'pɝpəs,n. 目的；用途；意志；v. 决心；企图；打算,Nick had no particular purpose in mind when he started.,尼克开始的时候头脑中并没有明确的目标。
pool,pul,n. 联营；撞球；水塘；共同资金；v. 联营，合伙经营,pools of water with tiny fish in them,有小鱼的一个个水池
senator,'sɛnətɚ,n. 参议员；（古罗马的）元老院议员；评议员，理事,Senator Kennedy,肯尼迪参议员
hospital,'hɑspɪtl,n. 医院,They are building a new hospital.,他们正在建一家新医院。
lounge,laʊndʒ,n. 休息室；闲逛；躺椅；（英）酒吧间；v. 闲逛；懒洋洋地躺卧；闲混,the television lounge,电视放映室
numerical,nʊ'mɛrɪkl,adj. 数值的；数字的；用数字表示的（等于numeric）,a numerical code,数字密码
evaluate,ɪ'væljʊ'et,v. 评价；估价；求…的值,You should be able to evaluate your own work.,你应该能够评估自己的工作。
fashion,'fæʃən,n. 时尚；时装；样式；时髦人物；v. 使用；改变；做成…的形状,His ideas are coming back into fashion (= they are becoming popular again ) .,他的观点又流行起来。
realise,"'riəlaiz, 'ri:-",v. 认识到，明白,In the first half they realise their boss is exploiting them and begin to understand the theory of surplus value.,在前半部，工人们认识到他们的老板是在剥削他们，开始了解剩余价值理论。
marriage,'mærɪdʒ,n. 结婚；婚姻生活；密切结合，合并,She has three daughters from a previous marriage.,她前一次婚姻生了三个女儿。
credit,'krɛdɪt,n. 信用，信誉；[金融] 贷款；学分；信任；声望；v. 相信，信任；把…归给，归功于；赞颂,The store agreed to let him have credit.,商店同意他赊购。
transition,træn'zɪʃən,n. 过渡；转变；[分子生物] 转换；变调,Making the transition from youth to adulthood can be very painful.,从青少年过渡到成年有时是一个非常痛苦的过程。
disaster,dɪ'zæstɚ,n. 灾难，灾祸；不幸,One hundred and twenty people died in China’s worst air disaster .,有120人在中国这起最惨烈的空难事故中丧生。
reverse,rɪ'vɝs,n. 背面；相反；倒退；失败；v. 颠倒；倒转；adj. 反面的；颠倒的；反身的,"I owe you nothing. If anything, the reverse is true (= you owe me ) .",我不欠你什么。 如果说欠的话，是你欠我才对。
institute,'ɪnstɪtut,v. 开始（调查）；制定；创立；提起（诉讼）；n. 学会，协会；学院,We had no choice but to institute court proceedings against the airline.,我们别无选择，只能对航空公司提起诉讼。
confirm,kən'fɝm,v. 确认；确定；证实；批准；使巩固,New evidence has confirmed the first witness’s story.,新的证据证实了第一个证人的说法。
confine,kən'faɪn,n. 界限，边界;约束；限制；v. 限制；禁闭,Vaughan is confined to a wheelchair .,沃恩离不开轮椅。
frame,frem,n. 框架；结构；[电影] 画面；v. 设计；建造；陷害；使…适合；adj. 有木架的；有构架的,They removed the picture from its wooden frame.,他们把画从木镜框中取下来。
cent,sɛnt,n. 分；一分的硬币；森特（等于半音程的百分之一）,A cup of rice which cost thirty cents a few weeks ago is now being sold for up to one dollar.,几周前价值30美分的1杯米如今卖到了1美元。
muscle,'mʌsl,n. 肌肉；力量；v. 加强；使劲搬动；使劲挤出,"Relax your stomach muscles , then stretch again.",放松腹部肌肉，然后再绷紧。
mature,mə'tʃʊr,adj. 成熟的；充分考虑的；到期的；成年人的；v. 成熟；到期,Laura is very mature for her age .,相对她的年龄来说劳拉是很成熟的。
physician,fɪ'zɪʃən,n. [医] 医师；内科医师,...your family physician.,…你的家庭医生。
identity,aɪ'dɛntəti,n. 身份；同一性，一致；特性；恒等式,The identity of the killer is still unknown.,凶手的身份仍未查明。
amaze,ə'mez,v. 使吃惊,Dave amazed his friends by suddenly getting married.,戴夫突然结婚，令朋友们非常吃惊。
reduction,rɪ'dʌkʃən,n. 减少；下降；缩小；还原反应,strategies for noise reduction,减少噪音的对策
shark,ʃɑrk,n. 鲨鱼；骗子；v. 诈骗,Sharks were circling around our boat.,鲨鱼在我们的小船周围游弋。
massive,'mæsɪv,adj. 大量的；巨大的，厚重的；魁伟的,"The bell is massive, weighing over 40 tons.",那口钟非常大，有40多吨重。
steady,'stɛdi,adj. 稳定的；不变的；沉着的；v. 稳固；adv. 稳定地；稳固地；n. 关系固定的情侣；固定支架,It takes a steady hand to perform surgery.,做手术手要稳。
literacy,'lɪtərəsi,n. 读写能力；精通文学,a new adult literacy campaign,新一轮成人识字[扫盲]运动
ignorance,'ɪɡnərəns,n. 无知，愚昧；不知，不懂,"Excuse my ignorance, but how does it actually work?",请原谅我的无知，它究竟是如何运作的？
invisible,ɪn'vɪzəbl,adj. 无形的，看不见的；无形的；不显眼的，暗藏的,"The house was surrounded by trees, and invisible from the road.",这所房子树木环绕，从路上是看不见的。
consultant,kən'sʌltənt,n. 顾问；咨询者；会诊医生,a management consultant,管理顾问
suspend,sə'spɛnd,v. 延缓，推迟；使暂停；使悬浮,Sales of the drug will be suspended until more tests are completed.,这种药品在完成进一步检验之前将暂停销售。
infant,'ɪnfənt,n. 婴儿；幼儿；未成年人；adj. 婴儿的；幼稚的；初期的；未成年的,An infant’s skin is very sensitive.,幼儿的皮肤非常敏感。
jaw,dʒɔ,n. 颌；下巴；狭窄入口；唠叨；v. 教训；唠叨,a broken jaw,碎裂的颌骨
column,'kɑləm,n. 纵队，列；专栏；圆柱，柱形物,He writes a weekly column for ‘The Times’.,他每周为《泰晤士报》写一篇专栏文章。
deduce,dɪ'dʊs,v. 推论，推断；演绎出,Alison cleverly deduced that I was the author of the letter.,艾莉森聪明地推断出我是这封信的作者。
fuel,'fjuəl,v. 得到燃料；n. 燃料；刺激因素,We’d better fuel up at the next town.,我们最好在下个小镇加油。
suspicious,sə'spɪʃəs,adj. 可疑的；怀疑的；多疑的,His reluctance to answer my questions made me suspicious .,他不愿回答我的问题，这引起我的怀疑。
embody,ɪm'bɑdi,v. 体现，使具体化；具体表达；n. (Embody)人名；(英)恩博迪,She embodies everything I admire in a teacher.,她具备了我所钦佩的教师该具备的一切素质。
hamburger,hæmbɝ​ɡɚ,n. 汉堡包，火腿汉堡；牛肉饼，肉饼；碎牛肉,,
embark,ɪm'bɑrk,v. 从事，着手；上船或飞机,He's embarking on a new career as a writer.,他正开始一个当作家的新生涯。
road,rod,n. 公路，马路；道路；手段；vt. （狗）沿臭迹追逐（猎物）；adj. （美）巡回的,65 Maple Road,枫树路65号
jog,dʒɑɡ,v. 慢跑；轻推；蹒跚行进；使颠簸；n. 慢跑；轻推，轻撞,I go jogging every morning.,我每天早晨都去慢跑。
shortcoming,'ʃɔrtkʌmɪŋ,n. 缺点；短处,Peter was painfully aware of his own shortcomings.,彼得痛苦地认识到了自己的短处。
analyse,'æn(ə)laɪz,v. 分析；分解；细察,She still needs to analyse the data.,她仍需要分析这些数据。
telephone,'tɛlə'fon,n. （美）电话；电话机；电话耳机；v. 打电话,The telephone rang just as I was leaving.,我正要走，电话铃响了。
calorie,'kæləri,n. 卡路里（热量单位）,A potato has about 90 calories.,一个马铃薯大约有90卡路里的热量。
poisonous,'pɔɪzənəs,adj. 有毒的；恶毒的；讨厌的,Some mushrooms are extremely poisonous.,一些蘑菇有剧毒。
vain,ven,adj. 徒劳的；自负的；无结果的；无用的,Men can be just as vain as women.,男人有时会和女人一样虚荣。
interference,",ɪntɚ'fɪrəns",n. 干扰，冲突；干涉,Industrial relations should be free from state interference.,劳资关系应不受政府干预。
violent,'vaɪələnt,adj. 暴力的；猛烈的,the increase in violent crime,暴力犯罪的增多
instrument,'ɪnstrəmənt,n. 仪器；工具；乐器；手段；器械,surgical instruments,外科(手术)器械
clinic,'klɪnɪk,n. 临床；诊所,an appointment at an outpatient clinic,门诊预约
shelter,'ʃɛltɚ,n. 庇护；避难所；遮盖物；v. 保护；使掩蔽,The men took shelter in a bombed-out farmhouse.,那些男人躲在一间被炸毁的农舍里。
charter,'tʃɑrtɚ,v. 特许；包租；发给特许执照；n. 宪章；执照；特许状,We chartered a boat to take us to some of the smaller islands.,我们包了一条船带我们到一些较小的岛上去。
republican,rɪ'pʌblɪkən,adj. 共和国的；共和政体的；共和主义的；拥护共和政体的；n. 共和主义者,Lower taxes made Republican voters happier with their party.,更低的税率使共和党选民对该党更加满意。
minimum,'mɪnɪməm,n. 最小值；最低限度；最小化；最小量；adj. 最小的；最低的,"At a minimum, we must recruit two new teachers.",我们最起码应该招两名新教师。
absolute,'æbsəlut,adj. 绝对的；完全的；专制的；n. 绝对；绝对事物,I have absolute confidence in her.,我对她充满信心。
negligible,'nɛɡlɪdʒəbl,adj. 微不足道的，可以忽略的,The damage done to his property was negligible.,对他财产造成的损失微不足道。
emergency,ɪ'mɝdʒənsi,n. 紧急情况；突发事件；非常时刻；adj. 紧急的；备用的,Lifeguards are trained to deal with emergencies.,救生员接受过应对紧急情况的训练。
curious,'kjʊrɪəs,adj. 好奇的，有求知欲的；古怪的；爱挑剔的,Puppies are naturally curious.,小狗天生好奇。
declaration,",dɛklə'reʃən",n. （纳税品等的）申报；宣布；公告；申诉书,a ceasefire declaration,停火声明
spark,spɑrk,n. 火花；朝气；闪光；v. 发动；鼓舞；求婚,sparks from the fire,火里飞出的火星
cast,kæst,v. 投，抛；计算；浇铸；投射（光、影、视线等）；n. 投掷，抛；铸件，[古生] 铸型；演员阵容；脱落物,the shade cast by low-hanging branches,低垂的树枝投下的阴影
cash,kæʃ,n. 现款，现金；v. 将…兑现；支付现款,Cash was taken during a burglary of the apartment.,在一次公寓盗窃案中现金被盗。
thumb,θʌm,v. 翻阅；以拇指拨弄；作搭车手势；笨拙地摆弄；n. 拇指,I thumbed a lift into town.,我拦顺路车进了城。
garment,'gɑrmənt,n. 衣服，服装；外表，外观；v. 给…穿衣服,She pulled the garment on and zipped it up.,她穿上衣服并拉好拉链。
undoubtedly,ʌn'daʊtɪdli,adv. 确实地，毋庸置疑的,,
strength,strɛŋθ,n. 力量；力气；兵力；长处,I’m trying to build up my strength .,我在努力增强体力。
confusion,kən'fjʊʒən,n. 混淆，混乱；困惑,"To avoid confusion, the teams wore different colours.",为了避免混淆，各队穿着不同颜色的服装。
saturate,'sætʃərɪt,v. 浸透，使湿透；使饱和，使充满；adj. 浸透的，饱和的；深颜色的,"Water poured through the hole, saturating the carpet.",水从洞里流进来，浸湿了地毯。
visual,'vɪʒʊəl,adj. 视觉的，视力的；栩栩如生的,Artists translate their ideas into visual images.,画家把自己的思想转换成视觉画面。
stream,strim,n. 溪流；流动；潮流；光线；v. 流；涌进；飘扬,A stream of cold air rushed through the open door.,一股冷气穿过敞开的门直冲进来。
backward,'bækwɚd,adj. 向后的；反向的；发展迟缓的；adv. 向后地；相反地,She went without a backward glance.,她头也不回地走了。
assembly,ə'sɛmbli,n. 装配；集会，集合,Police have imposed conditions on public assemblies.,警方给公共集会设置了条件。
resolve,rɪ'zɑlv,v. 决定；溶解；使…分解；决心要做…；n. 坚决；决定要做的事,Barnet was desperate for money to resolve his financial problems.,巴尼特急需钱来解决他的经济问题。
coordinate,ko'ɔrdɪnet,n. 坐标；同等的人或物；adj. 并列的；同等的；v. 调整；整合,Matching bag and accessories provide a complete ensemble of colour coordinates.,颜色协调的包和饰品使全套服装的颜色搭配齐全了。
remind,rɪ'maɪnd,v. 提醒；使想起,"Yes, I’ll be there. Thanks for reminding me.",是的，我会去那里的。 谢谢提醒。
purse,pɝs,n. (女士)手提袋；(国家、家庭、团体等的) 财力；v. （嘴巴）皱起，使缩拢；撅嘴,I locked the door and dropped the keys in my purse.,我锁上门，然后把钥匙丢进手提包里。
cake,kek,n. 蛋糕；块状物；利益总额；v. 使结块,We had cake and ice cream.,我们吃了蛋糕和冰激凌。
hearing,'hɪrɪŋ,n. 听力；审讯，听讯；v. 听见（hear的ing形式）,a child with a hearing disability,有听力障碍的儿童
dissolve,dɪ'zɑlv,v. 使溶解；使分解；使液化；n. 叠化画面；画面的溶暗,Stir until the sugar dissolves.,一直搅拌到糖溶解掉。
calm,kɑm,adj. 静的，平静的；沉着的；v. 使平静；使镇定；n. 风平浪静,Glen was calm and composed at the funeral.,格伦在葬礼上表现得平静而镇定。
equality,ɪ'kwɑləti,n. 平等；相等；[数] 等式,...equality of the sexes.,…性别平等。
glare,ɡlɛr,n. 刺眼；耀眼的光；受公众注目；v. 瞪眼表示,a special screen to reduce glare,一种可以减弱刺眼强光的特殊屏幕
deprive,dɪ'praɪv,v. 使丧失，剥夺,They've been deprived of the fuel necessary to heat their homes.,他们无法得到住房取暖必需的燃料。
fume,fjum,v. 冒烟；发怒；n. 烟；愤怒，烦恼,...car exhaust fumes.,…汽车尾气。
preface,'prɛfəs,n. 前言；引语；v. 为…加序言；以…开始,...the preface to Kelman's novel.,…凯尔曼小说的前言。
convention,kən'vɛnʃən,n. 大会；[法] 惯例；[计] 约定；[法] 协定；习俗,a teachers’ convention,教师大会
soar,sɔr,v. 高飞；高耸；往上飞舞；n. 高飞；高涨,Adam’s smile sent her spirits soaring .,亚当的微笑让她飘飘然了。
boat,bot,n. 小船；轮船；v. 划船,a fishing boat,渔船
canal,kə'næl,n. 运河；[地理] 水道；[建] 管道；灌溉水渠；v. 在…开凿运河,We walked along by the side of the canal.,我们沿着运河边往前走。
bound,baʊnd,adj. 有义务的；必定的；受约束的；装有封面的；v. 束缚；使跳跃；n. 范围；跳跃,You are legally bound to report the accident.,法律上你有责任报告这起事故。
edition,ɪ'dɪʃən,n. 版本,a paperback edition,平装本
rocket,'rɑkɪt,v. 飞驰，飞快地移动；迅速增加；n. 火箭,The train rocketed through the tunnel.,火车高速穿过隧道。
fleet,flit,adj. 快速的，敏捷的；n. 舰队；港湾；小河；v. 飞逝；疾驰；掠过,Atalanta was fleet of foot (= able to run quickly ) .,阿塔兰特跑起来很快。
oral,'ɔrəl,adj. 口头的，口述的；n. 口试,oral history,口述的历史
imitation,",ɪmɪ'teʃən",n. 模仿，仿造；仿制品；adj. 人造的，仿制的,The remake of ‘Casablanca’ was a pale imitation (= something that is much less good than the thing it imitates ) of the original movie.,重拍的《卡萨布兰卡》远不如原版。
walk,wɔk,n. 步行，走；散步；v. 散步；走过,It’s a long walk. Maybe we should get the bus.,走着去很远，或许我们应该乘公共汽车。
convenience,kən'vinɪəns,n. 便利；厕所；便利的事物,Ready meals sell well because of their convenience.,即食餐因为方便销路好。
accuracy,'ækjərəsi,n. [数] 精确度，准确性,He passes the ball with unerring accuracy.,他传球准确无误。
instruct,ɪn'strʌkt,v. 指导；通知；命令；教授,"Eva went straight to the hotel, as instructed (= as she had been told ).",伊娃按照指示径直去了宾馆。
childhood,'tʃaɪldhʊd,n. 童年时期；幼年时代,I had a very happy childhood.,我的童年很快乐。
civilize,'sɪvəlaɪz,v. 使文明；教化；使开化,The missionaries went out to civilize other places.,传教士们去异国他乡教化当地人民。
esteem,ɪ'stim,v. 尊敬；认为；考虑；估价；n. 尊重；尊敬,Peden was greatly esteemed by the people of Ayrshire.,佩登深受艾尔郡人的尊敬。
diligent,'dɪlɪdʒənt,adj. 勤勉的；用功的，费尽心血的；n. (Diligent)人名；(法)迪利让,a diligent student,勤勉的学生
reception,rɪ'sɛpʃən,n. 接待；接收；招待会；感受；反应,She was unsure of her reception after everything that had happened.,发生了这些事后，她对自己是否还受欢迎没把握。
constitute,'kɑnstətut,v. 组成，构成；建立；任命,We must redefine what constitutes a family.,我们必须对家庭的构成重新定义。
invitation,ˌɪnvɪˈteɪʃn,n. 邀请；引诱；请帖；邀请函,"They were always dropping by, usually without invitation.",他们常常来串门，通常不请自来。
bore,bɔr,v. 钻孔；n. 孔；令人讨厌的人,Get the special drill bit to bore the correct size hole for the job.,找个特殊的钻头，钻个尺寸合适的孔。
intrinsic,ɪn'trɪnsɪk,adj. 本质的，固有的,the intrinsic interest of the subject,该话题本身的趣味
surplus,'sɝpləs,n. 剩余；[贸易] 顺差；盈余；过剩；adj. 剩余的；过剩的,Any surplus can be trimmed away.,多出来的部分可以修剪掉。
mixture,'mɪkstʃɚ,n. 混合；混合物；混合剂,Pour the mixture into four small dishes.,把混合料倒入四个小碟子里。
confer,kən'fɝ,v. 授予；给予；n. (Confer)人名；(英)康弗,The constitution also confers large powers on Brazil's 25 constituent states.,宪法还授予巴西25个成员州极大的权力。
worthy,wɜði,adj. 值得的；有价值的；配得上的，相称的；可尊敬的；应…的；n. 杰出人物；知名人士,Leeds United were worthy winners of the competition.,利兹联队是比赛当之无愧的获胜者。
practitioner,præk'tɪʃənɚ,n. 开业者，从业者，执业医生,a practitioner of alternative medicine,非常规医学的执业医生
empirical,ɪm'pɪrɪkl,adj. 经验主义的，完全根据经验的；实证的,"{""COLLOINEXA"":[""empirical evidence""]}",实验证据
engineering,'ɛndʒə'nɪrɪŋ,n. 工程，工程学；v. 设计；管理（engineer的ing形式）；建造,Their inventions have contributed to the development of electrical engineering.,他们的发明有助于电气工程学的发展。
illiterate,ɪ'lɪtərət,adj. 文盲的；不识字的；没受教育的；n. 文盲,"It was an illiterate letter, full of mistakes.",这封信文笔拙劣，错误连篇。
abundant,ə'bʌndənt,adj. 丰富的；充裕的；盛产,an abundant supply of fresh water,充足的淡水供应
distort,dɪ'stɔrt,v. 扭曲；使失真；曲解,His account was badly distorted by the press.,他的话被报界严重歪曲。
whisper,'wɪspɚ,n. 私语；谣传；飒飒的声音；v. 耳语；密谈；飒飒地响,"You don’t have to whisper, no one can hear us.",你不必轻声轻语，没人听得到我们说话。
typewriter,'taɪpraɪtɚ,n. 打字机,She tapped out a letter on the typewriter.,她用打字机打出了一封信。
memorial,mə'morɪəl,n. 纪念碑，纪念馆；纪念仪式；纪念物；adj. 记忆的；纪念的，追悼的,Building a memorial to Columbus has been his lifelong dream.,建一座哥伦布纪念碑一直是他一生的梦想。
ward,wɔrd,n. 病房；保卫；监视；v. 避开；保卫；守护,the other patients in the ward,病房里的其他病人
flesh,flɛʃ,n. 肉；肉体；v. 喂肉给…；使发胖,a freshwater fish with firm white flesh,一种肉色雪白、肉质紧实的淡水鱼
steal,stil,v. 剽窃；偷偷地做；偷窃；n. 偷窃；便宜货；偷垒；断球,Boys broke into a shop and stole £45 in cash.,男孩们闯进一家商店，盗走了45英镑现金。
stun,stʌn,v. 使震惊；打昏；给以深刻的印象；n. 昏迷；打昏；惊倒；令人惊叹的事物,Redfern stunned the crowd with a last-minute goal.,雷德芬在最后一分钟进球，使观众很是震惊。
ponder,'pɑndɚ,v. 仔细考虑；衡量；n. (Ponder)人名；(英)庞德,He continued to ponder the problem as he walked home.,他一边往家走一边继续思考那个问题。
accuse,ə'kjuz,v. 控告，指控；谴责；归咎于,The professor stands accused of (=  has been accused of  ) stealing his student’s ideas and publishing them.,那位教授被指控剽窃学生的观点拿去发表。
sportsman,'spɔrtsmən,n. 运动员；运动家；冒险家,He’s a very keen sportsman .,他是个非常喜爱运动的人。
boot,but,v. 引导；踢；解雇；使穿靴；n. 靴子；踢；汽车行李箱,hiking boots,远足靴
steep,stip,adj. 陡峭的；不合理的；夸大的；急剧升降的；v. 泡；浸；使…充满；n. 峭壁；浸渍,The road became rocky and steep.,路变得崎岖陡峭起来。
manual,'mænjuəl,adj. 手工的；体力的；n. 手册，指南,People in manual occupations have a lower life expectancy.,干体力活的人预期寿命较短。
steer,stɪr,v. 控制，引导；驾驶；n. 阉牛,He was steering with only one hand.,他只用一只手在驾驶。
pencil,'pɛnsl,n. 铅笔；笔状物；v. 用铅笔写；用眉笔涂,a sharp pencil,尖尖的铅笔
sequence,'sikwəns,n. [数][计] 序列；顺序；续发事件；v. 按顺序排好,Be careful to perform the actions in the correct sequence .,注意要按正确的顺序来完成动作。
broadcast,'brɔdkæst,v. 播送，播放；（无线电或电视）广播；播撒（种子）；n. 广播；播音；广播节目；adj. 广播的,The interview was broadcast live across Europe.,这次采访向整个欧洲进行了现场直播。
aboard,ə'bɔrd,adv. 在飞机上；[船] 在船上；在火车上；prep. 在…上,"The plane crashed, killing all 200 people aboard.",飞机失事，机上200人全部遇难。
perfection,pɚ'fɛkʃən,n. 完善；完美,My father expected perfection from all of us.,父亲期望我们都尽善尽美。
pilot,'paɪlət,n. 飞行员；领航员；adj. 试点的；v. 驾驶；领航；试用,an airline pilot,航空公司飞行员
package,'pækɪdʒ,n. 包，包裹；套装软件，[计] 程序包；adj. 一揽子的；v. 打包；将…包装,There’s a package here for a Miami Lakes address.,这里有一个寄往迈阿密湖的包裹。
gallery,'gæləri,n. 画廊；走廊；旁听席；地道；vt. 在…修建走廊；在…挖地道；vi. 挖地道,,
finance,'faɪnæns,n. 财政，财政学；金融；v. 负担经费，供给…经费,leasing and other forms of business finance,租赁及其他商业金融形式
fatal,'fetl,adj. 致命的；重大的；毁灭性的；命中注定的；n. (Fatal)人名；(葡、芬)法塔尔,potentially fatal diseases,潜在致命的疾病
incidentally,",ɪnsɪ'dɛntli",adv. 顺便；偶然地；附带地,"Incidentally, where were you born?",顺便问一下，你在哪儿出生的？
dinner,'dɪnɚ,n. 晚餐，晚宴；宴会；正餐,What time do you usually have dinner?,你通常什么时候吃饭？
east,ist,n. 东方；东风；东方国家；adj. 东方的；向东的；从东方来的；adv. 向东方，在东方,Which way is east?,哪边是东？
enrich,ɪn'rɪtʃ,v. 使充实；使肥沃；使富足；n. (Enrich)人名；(西)恩里奇,Add fertilizer to enrich the soil.,施上肥料使土壤肥沃。
nice,naɪs,adj. 精密的；美好的；细微的；和蔼的；n. (Nice)人名；(英)尼斯,They’ve got a very nice house.,他们的房子真漂亮。
doze,doz,v. 打瞌睡；假寐；n. 瞌睡,Grandad was dozing in his chair.,爷爷在椅子上打瞌睡。
blood,blʌd,n. 血，血液；血统；v. 从…抽血；使先取得经验,Her body was found in a pool of blood.,她的尸体被发现倒在血泊之中。
fashionable,'fæʃnəbl,adj. 流行的；时髦的；上流社会的,Strong colours are very fashionable at the moment.,眼下流行艳丽的色彩。
theft,θɛft,n. 盗窃；偷；赃物,Car theft is on the increase.,汽车盗窃案在上升。
extinct,ɪk'stɪŋkt,adj. 灭绝的，绝种的；熄灭的；vt. 使熄灭,Dinosaurs have been extinct for millions of years.,恐龙已灭绝数千万年了。
prolong,prəˈlɑːŋ,v. 延长；拖延,I was trying to think of some way to prolong the conversation.,我在想方设法拖长这次谈话。
formation,fɔr'meʃən,n. 形成；构造；编队,We now know a lot more about the early stages of planetary formation.,我们现在对行星形成过程的早期阶段有了更多的了解。
disperse,dɪ'spɝs,v. 分散；使散开；传播；adj. 分散的,Police used tear gas to disperse the crowd.,警察用催泪瓦斯驱散人群。
initiate,ɪ'nɪʃɪet,v. 开始，创始；发起；使初步了解；n. 开始；新加入者，接受初步知识者；adj. 新加入的；接受初步知识的,They have decided to initiate legal proceedings against the newspaper.,他们决定向该报提起法律诉讼。
shadow,'ʃædo,n. 阴影；影子；幽灵；庇护；隐蔽处；v. 遮蔽；使朦胧；尾随；预示；adj. 影子内阁的,the long dark shadow of an old oak tree,一棵老橡树长长的影子
laptop,'læptɑp,n. 膝上型轻便电脑，笔记本电脑,She used to work at her laptop until four in the morning.,她以前经常在笔记本电脑前工作到凌晨4点钟。
block,blɑk,n. 块；街区；大厦；障碍物；v. 阻止；阻塞；限制；封盖；adj. 成批的，大块的；交通堵塞的,a wall made of concrete blocks,由混凝土块砌成的墙
delete,dɪ'lit,v. 删除,His name was deleted from the list.,他的名字从名单上删掉了。
mystery,ˈmɪstri,n. 秘密，谜；神秘，神秘的事物；推理小说，推理剧；常作 mysteries 秘技，秘诀,"Twenty years after the event, his death remains a mystery .",事情过去二十年了，他的死仍然是个谜。
disguise,dɪs'ɡaɪz,v. 掩饰；假装；隐瞒；n. 伪装；假装；用作伪装的东西,He escaped across the border disguised as a priest.,他装扮成神父越境逃走了。
july,dʒʊˈlaɪ,n. 七月,"In July 1969, Neil Armstrong walked on the moon.",1969年7月，尼尔·阿姆斯特朗踏上了月球。
swing,swɪŋ,n. 摇摆；摆动；秋千；音律；涨落；v. 摇摆；转向；悬挂；大摇大摆地行走；adj. 旋转的；悬挂的；强节奏爵士音乐的,kids playing on the swings,荡秋千的孩子们
enterprise,'ɛntɚ'praɪz,n. 企业；事业；进取心；事业心,commercial enterprises such as banks and food manufacturers,银行和食品制造厂等商业企业
strip,strɪp,v. 剥夺；剥去；脱去衣服；n. 带；条状；脱衣舞,Strip the beds and wash the sheets.,把床单撤下来清洗。
june,dʒun,n. 六月；琼（女名）,He spent two and a half weeks with us in June 1986.,1986年6月，他和我们呆了两个半星期。
complicated,'kɑmplɪketɪd,adj. 难懂的，复杂的,a complicated voting system,复杂的选举制度
orderly,'ɔrdɚli,adj. 有秩序的；整齐的；值班的；n. 勤务兵；传令兵；护理员；adv. 顺序地；依次地,She needs to organize her ideas in a more orderly way.,她需要把自己的想法组织得更有条理些。
acceptance,ək'sɛptəns,n. 接纳；赞同；容忍,Acceptance by their peer group is important to most youngsters.,对大多数年轻人来说，为同辈所接纳是很重要的。
grandmother,'ɡrænmʌðɚ,n. 祖母；女祖先；vt. 当…的祖母；vi. 当祖母,My grandmothers are both widows.,我的祖母和外祖母都是寡妇。
tower,'taʊɚ,n. 塔；高楼；堡垒；v. 高耸；超越,the Eiffel Tower,埃菲尔铁塔
organ,'ɔrɡən,n. [生物] 器官；机构；风琴；管风琴；嗓音,the decision-making organs,决策机关
river,'rɪvɚ,n. 河，江,the Mississippi River,密西西比河
arrogant,'ærəɡənt,adj. 自大的，傲慢的,He was unbearably arrogant.,他的傲慢让人无法忍受。
deem,dim,v. 认为，视作；相信；n. (Deem)人名；(英)迪姆,French and German were deemed essential.,法语和德语被认为是必需的。
deep,dip,n. 深处；深渊；adj. 深的；低沉的；深奥的；adv. 深入地；深深地；迟,a deep wound,很深的伤口
favorable,'fevərəbl,adj. 有利的；良好的；赞成的，赞许的；讨人喜欢的,,
harness,'hɑrnɪs,v. 治理；套；驾驭；披上甲胄；利用；n. 马具；甲胄；挽具状带子；降落伞背带；日常工作,We can harness the power of the wind to generate electricity.,我们可以利用风力发电。
breast,brɛst,n. 乳房，胸部；胸怀；心情；v. 以胸对着；与…搏斗,These bras are specially designed for women with large breasts.,这些胸罩专为乳房丰满的女性设计。
excellent,'ɛksələnt,adj. 卓越的；极好的；杰出的,an excellent suggestion,极好的建议
handsome,'hænsəm,adj. （男子）英俊的；可观的；大方的，慷慨的；健美而端庄的,He managed to make a handsome profit out of the deal.,他从这笔买卖中赚取了丰厚的利润。
wallet,'wɑlɪt,n. 钱包，皮夹,He took a credit card out of his wallet.,他从钱包里拿出一张信用卡。
dock,dɑk,n. 码头；船坞；被告席；尾巴的骨肉部分；v. 使靠码头；剪短,A crowd was waiting at the dock to greet them.,一群人在码头等着迎接他们。
dignity,'dɪɡnəti,n. 尊严；高贵,an appearance of quiet dignity,肃穆的神态
suggestion,sə'dʒɛstʃən,n. 建议；示意；微量，细微的迹象,Any suggestions would be welcome.,任何建议都欢迎。
therapy,'θɛrəpi,n. 治疗，疗法,new drug therapies,新的药物疗法
enforce,ɪn'fɔrs,v. 实施，执行；强迫，强制,Parking restrictions will be strictly enforced.,停车限制将会严格执行。
depress,dɪ'prɛs,v. 压抑；使沮丧；使萧条,The thought of taking the exam again depressed him.,想到要补考，他就心情沮丧。
restraint,rɪ'strent,n. 抑制，克制；约束,The police were praised for their restraint in handling the demonstrators.,警方因对待示威者时所表现出的克制而受到赞扬。
sample,'sæmpl,v. 取样；尝试；抽样检查；n. 样品；样本；例子；adj. 试样的，样品的；作为例子的,a chance to sample the local food,品尝当地食品的一个机会
crab,kræb,n. 螃蟹；蟹肉；脾气乖戾的人；起重机；v. 抱怨；破坏；使偏航,crab meat,蟹肉
privilege,ˈprɪvəlɪdʒ,n. 特权；优待；v. 给与…特权；特免,He had no special privileges and was treated just like every other prisoner.,他不享受特权，待遇和任何其他犯人一样。
doom,dʊm,n. 厄运；死亡；判决；世界末日；v. 注定；判决；使失败,A sense of impending doom (= coming very soon ) gripped her.,她心头被一种大难临头的感觉所笼罩。
tuition,tʊ'ɪʃən,n. 学费；讲授,I had to have extra tuition in maths.,我不得不上数学补习课。
cliff,klɪf,n. 悬崖；绝壁,The car rolled over the edge of a cliff.,汽车翻下了悬崖边。
abide,ə'baɪd,v. 忍受，容忍；停留；遵守,I can’t abide that man – he’s so self-satisfied.,我受不了那个人，他太自满了。
masterpiece,'mæstəpis,n. 杰作；绝无仅有的人,Mary Shelley was just 18 when she wrote the horror masterpiece ‘Frankenstein’.,玛丽•雪莱创作《科学怪人》这部恐怖小说名作的时候年仅18岁。
route,raʊt,v. 按某路线发送；n. 路线；航线；通道,Trains are taking a lot of freight that used to be routed via trucks.,火车正在运送过去由卡车运送的大批货物。
recognition,",rɛkəɡ'nɪʃən",n. 识别；承认，认出；重视；赞誉；公认,He has achieved recognition and respect as a scientist.,作为科学家，他得到人们的赞赏和尊敬。
eminent,'ɛmɪnənt,adj. 杰出的；有名的；明显的,an eminent lawyer,杰出的律师
glance,ɡlæns,n. 一瞥；一滑；闪光；v. 扫视，匆匆一看；反光；瞥闪，瞥见,He gave her a quick glance and smiled.,他迅速地瞥了她一眼，笑了。
endure,ɪn'dʊr,v. 忍耐；容忍,It seemed impossible that anyone could endure such pain.,似乎谁都不可能忍受这样的疼痛。
insight,'ɪn'saɪt,n. 洞察力；洞悉,a woman of great insight,一位极有眼光的妇女
continent,'kɑntɪnənt,n. 大陆，洲，陆地；adj. 自制的，克制的,the continents of Asia and Africa,亚洲及非洲大陆
defy,'difaɪ,v. 藐视；公然反抗；挑衅；使落空；n. 挑战；对抗,This was the first (and last) time that I dared to defy my mother.,这是我第一次（也是最后一次）胆敢违抗我母亲。
spot,spɑt,n. 地点；斑点；v. 认出；弄脏；用灯光照射；adj. 现场的；现货买卖的；adv. 准确地；恰好,a nice quiet spot on the beach,海滩上一个安静的好地方
knee,ni,n. 膝盖，膝；v. 用膝盖碰,Lucy had a bandage round her knee.,露西的膝盖上缠着绷带。
cling,klɪŋ,v. 坚持，墨守；紧贴；附着,"Instead, he appears determined to cling to power.",反而，他看来坚决要握紧权力不放。
hop,hɑp,"v. 单足跳跃〔跳行〕；n. 蹦跳,跳跃；跳舞；一次飞行的距离",a little girl hopping and skipping,一个蹦蹦跳跳的小女孩
climb,klaɪm,v. 爬；攀登；上升；n. 爬；攀登,Harry climbed the stairs.,哈里爬上楼梯。
denote,dɪ'not,v. 表示，指示,What does the word ‘curriculum’ denote that ‘course’ does not?,curriculum一词的哪些含义是course没有的？
discourse,'dɪskɔrs,n. 论述；谈话；演讲；v. 演说；谈论；讲述,Candidates should engage in serious political discourse.,候选人应该参加严肃的政治对话。
facilitate,fə'sɪlə'tet,v. 促进；帮助；使容易,The new airport will facilitate the development of tourism.,新机场将促进旅游业的发展。
reasonable,'riznəbl,adj. 合理的，公道的；通情达理的,a reasonable request,合情合理的要求
tv,ˌti vi,abbr. 电视（television）,,
messenger,'mɛsndʒɚ,n. 报信者，送信者；先驱,There will be a messenger at the airport to collect the photographs from our courier.,机场会有一名信使从我们的快递员那儿取走照片。
signify,'sɪɡnɪfaɪ,v. 表示；意味；预示,Some tribes use special facial markings to signify status.,有些部落使用特殊的面部标记来表示地位。
palm,pɑm,n. 手掌；棕榈树；掌状物；v. 将…藏于掌中,He held the pebble in the palm of his hand .,他把那颗卵石握在手心里。
birthday,'bɝθde,n. 生日，诞辰；诞生的日子,It’s my birthday on Monday.,星期一是我的生日。
liberty,'lɪbɚti,n. 自由；许可；冒失,the fight for liberty and equality,争取自由和平等的斗争
pant,pænt,v. 喘息；渴望；气喘吁吁地说出某事；n. 气喘；喘息；喷气声,He came in panting after running up the steps.,他跑上台阶，气喘吁吁地走了进来。
perpetual,pɚ'pɛtʃuəl,adj. 永久的；不断的；四季开花的；无期限的,the perpetual noise of the machines,机器连续不断的噪音
acquaintance,ə'kwentəns,n. 熟人；相识；了解；知道,She was a casual acquaintance of my family in Vienna.,她是我们家在维也纳的一个交情不深的朋友。
energetic,",ɛnɚ'dʒɛtɪk",adj. 精力充沛的；积极的；有力的,an energetic man,精力旺盛的男子
clarify,'klærəfaɪ,v. 澄清；阐明,Reporters asked him to clarify his position (= say exactly what his beliefs are ) on welfare reform.,记者们要求他阐明他在福利改革问题上的立场。
essay,'ɛse,n. 散文；试图；随笔；v. 尝试；对…做试验,We asked Jason to write an essay about his hometown.,我们让杰森写一篇关于他家乡的短文。
extinguish,ɪk'stɪŋɡwɪʃ,v. 熄灭；压制；偿清,Please extinguish all cigarettes.,请把香烟都熄灭了。
viewpoint,'vjupɔɪnt,n. 观点，看法；视角,Different viewpoints produce different images.,角度不同，产生的画面也不同。
pair,pɛr,n. 一对，一双，一副；v. 把…组成一对,"earrings, £5 a pair",耳环，5英镑一副
alive,ə'laɪv,adj. 活着的；活泼的；有生气的,It was a bad accident – they’re lucky to be alive.,这是一宗严重事故——他们能活着实属幸运。
refusal,rɪ'fjuzl,n. 拒绝；优先取舍权；推却；取舍权,Her country suffered through her refusal to accept change.,她的国家因为她拒绝接受变革而受了害。
consideration,"kən,sɪdə'reʃən",n. 考虑；原因；关心；报酬,proposals put forward for consideration,提请考虑的建议
push,pʊʃ,v. 推动，增加；对…施加压力，逼迫；按；说服；n. 推，决心；大规模攻势；矢志的追求,"It didn’t move, so she pushed harder.",它一动不动，因此她加力去推。
repertoire,'rɛpɚ'twɑr,n. 全部节目；计算机指令系统；（美）某人或机器的全部技能,the behavioural repertoire of infants,婴幼儿的行为能力
urgent,'ɝdʒənt,adj. 紧急的；急迫的,He was in urgent need of medical attention.,他急需治疗。
incentive,ɪn'sɛntɪv,n. 动机；刺激；adj. 激励的；刺激的,"As an added incentive, there’s a bottle of champagne for the best team.",给最优秀的队发一瓶香槟作为额外的鼓励。
banquet,'bæŋkwɪt,n. 宴会，盛宴；宴请，款待；v. 宴请，设宴款待,a state banquet (=  one attended by heads of government and other important people  ),国宴
vivid,'vɪvɪd,adj. 生动的；鲜明的；鲜艳的,I’ve got vivid memories of that summer.,我对那年夏天记忆犹新。
pessimistic,",pɛsɪ'mɪstɪk",adj. 悲观的，厌世的；悲观主义的,a pessimistic view of life,对人生的悲观看法
luck,lʌk,n. 运气；幸运；带来好运的东西；v. 靠运气，走运；凑巧碰上,"You’re not having much luck today, are you?",你今天运气不太好，是不是？
borrow,'bɑro,v. 借；借用；从其他语言中引入；n. (Borrow)人名；(英)博罗,Can I borrow your pen for a minute?,我可以借你的笔用一下吗？
fascinate,'fæsə'net,v. 使着迷，使神魂颠倒,Politics fascinated Franklin's father.,政治让富兰克林的父亲着迷。
surgeon,'sɝdʒən,n. 外科医生,...a heart surgeon.,…一位心脏外科医生。
inside,'ɪn'saɪd,n. 里面；内部；内情；内脏；adj. 里面的；内部的；秘密的；adv. 在里面；prep. 少于；在…之内,The door had been locked from the inside.,门从里面锁上了。
reporter,rɪ'pɔrtɚ,n. 记者,a news reporter,新闻记者
mechanical,mɪ'kænɪkəl,adj. 机械的；力学的；呆板的；无意识的；手工操作的,The flight has been cancelled due to mechanical failure .,因机械故障航班被取消了。
formidable,'fɔrmɪdəbl,adj. 强大的；可怕的；令人敬畏的；艰难的,"The building is grey, formidable, not at all picturesque.",那幢建筑呈灰色，气势凛然，与漂亮沾不上边。
clue,klʊ,n. 线索；（故事等的）情节；v. 为…提供线索；为…提供情况,Police have found a vital clue .,警方发现了至关重要的线索。
retreat,rɪ'trit,n. 撤退；休息寓所；撤退；v. 撤退；退避；向后倾,Napoleon’s retreat from Moscow,拿破仑从莫斯科的撤退
punch,,n. 冲压机；打洞器；钻孔机；v. 开洞；以拳重击,Make two holes with a hole punch.,用打孔器打两个孔。
dictate,'dɪktet,v. 命令；口述；使听写；n. 命令；指示,Federal funds have to be used as dictated by Washington.,联邦款项得按照华盛顿规定的途径使用。
dress,drɛs,v. 给…穿衣；n. 连衣裙；女装,Can you wait a minute? I’m just getting dressed .,稍等一会儿，我穿下衣服就好。
penny,'pɛni,n. （美）分；便士,Unleaded petrol rose more than a penny a gallon.,无铅汽油每加仑涨了一个多便士。
monotonous,mə'nɑtənəs,adj. 单调的，无抑扬顿挫的；无变化的,a monotonous diet,单调的饮食
relevant,'rɛləvənt,adj. 相关的；切题的；中肯的；有重大关系的；有意义的，目的明确的,Relevant documents were presented in court.,法庭上出示了相关的文件。
lonely,'lonli,adj. 寂寞的；偏僻的；n. 孤独者,a lonely old man,一个孤单的老人
luxury,'lʌɡʒəri,n. 奢侈，奢华；奢侈品；享受；adj. 奢侈的,He was leading a life of luxury in Australia.,他在澳大利亚过着豪华舒适的生活。
anxious,'æŋkʃəs,adj. 焦虑的；担忧的；渴望的；急切的,She gave me an anxious look.,她焦急地看了我一眼。
eve,,n. 夏娃； 前夕；傍晚；重大事件关头,one summer’s eve,一个夏日的傍晚
tissue,'tɪʃu,n. 组织；纸巾；薄纱；一套；v. 饰以薄纱；用化妆纸揩去,a box of tissues,一盒面巾纸
likelihood,'laɪklɪhʊd,n. 可能性，可能,"If I refused, it would in all likelihood mean I’d lose my job.",如果我拒绝，那我十有八九会丢掉工作。
foresee,fɔr'si,v. 预见；预知,I’ve put your name on the list and I don’t foresee any problems.,我把你的名字写在名单上了，估计不会有什么问题。
bewilder,bɪ'wɪldɚ,v. 使迷惑，使不知所措,He was bewildered by his daughter’s reaction.,他被女儿的反应弄糊涂了。
glue,ɡlu,v. 粘合；似胶般固着于；n. 胶；各种胶合物,Glue the fabric around the window.,用胶把这布粘在窗户四周。
repeatedly,rɪ'pitɪdli,adv. 反复地；再三地；屡次地,Graham was repeatedly warned not to work so hard.,格雷厄姆一再被提醒工作不要这么拼命。
cloak,klok,n. 斗蓬；宽大外衣；托词；v. 遮掩；隐匿,,
era,'ɪrə,n. 时代；年代；纪元,His death marked the end of an era.,他的去世标志着一个时代的终结。
grateful,'ɡretfl,adj. 感谢的；令人愉快的，宜人的,Our grateful thanks go to all who participated.,我们衷心感谢所有参与者。
multiple,'mʌltəpl,adj. 多重的；多样的；许多的；n. 倍数；[电] 并联,Baxter was rushed to the hospital with multiple stab wounds.,巴克斯特因多处刺伤被紧急送往医院。
multiply,'mʌltɪplaɪ,v. 乘；使增加；使繁殖；使相乘；adv. 多样地；复合地；adj. 多层的；多样的,Children will learn to multiply in the second grade.,儿童在二年级学习乘法。
representative,'rɛprɪ'zɛntətɪv,adj. 典型的，有代表性的；代议制的；n. 代表；典型；众议员,The pollsters asked a representative sample of New York residents for their opinions.,民意调查员向一些有代表性的纽约居民征询了意见。
ferry,'fɛri,n. 渡船；摆渡；渡口；v. （乘渡船）渡过；用渡船运送；空运,They had recrossed the River Gambia by ferry.,他们乘船又一次渡过了冈比亚河。
lodge,lɑdʒ,n. 旅馆；门房；集会处；山林小屋；v. 提出；寄存；借住；嵌入,the porter’s lodge,传达室
solid,'sɑlɪd,adj. 固体的；可靠的；立体的；结实的；一致的；n. 固体；立方体,The lake was frozen solid .,湖水冻得结结实实。
satisfaction,",sætɪs'fækʃən",n. 满意，满足；赔偿；乐事；赎罪,She got great satisfaction from helping people to learn.,她在帮助人们学习的过程中得到很大的满足。
readily,'rɛdɪli,adv. 容易地；乐意地；无困难地,Jack readily agreed to help.,杰克爽快地答应帮忙。
observation,",ɑbzɚ'veʃən",n. 观察；监视；观察报告,He spent two nights under close observation in hospital.,他在医院接受了两个晚上的严密观察。
mask,mæsk,n. 面具；口罩；掩饰；v. 掩饰；戴面具；化装,a surgical face mask,外科手术口罩
skip,skɪp,v. 跳跃；跳绳；遗漏；跳读；n. 跳跃；跳读,They saw the man with a little girl skipping along behind him.,他们看到那个男人身后跟着一个蹦蹦跳跳的小女孩。
presently,'prɛzntli,adv. （美）目前；不久,The doctor will be here presently.,医生一会儿就到。
attribute,ə'trɪbjut,n. 属性；特质；v. 归属；把…归于,What attributes should a good manager possess?,一名优秀的经理应该具备哪些素质？
adolescent,",ædə'lɛsnt",adj. 青春期的；未成熟的；n. 青少年,It is important that an adolescent boy should have an adult in whom he can confide.,一个青春期男孩应该有一个他能倾吐心声的成年人，这是很重要的。
vision,'vɪʒən,n. 视力；美景；眼力；幻象；想象力；幻视（漫威漫画旗下超级英雄）；vt. 想象；显现；梦见,She suffered temporary loss of vision after being struck on the head.,她头部受撞击以后出现暂时性失明。
tense,tɛns,adj. 紧张的；拉紧的；v. 变得紧张；使拉紧；n. 时态,Is anything wrong? You look a little tense.,有什么不对劲吗？你看起来有点紧张。
amuse,ə'mjuz,v. 娱乐；消遣；使发笑；使愉快,Doing jigsaws would amuse Amy for hours on end.,拼图能让埃米连续玩上几个小时。
protein,'protin,n. 蛋白质；朊；adj. 蛋白质的,Where do you get your protein?,你从哪里获得蛋白质？
ordinary,'ɔrdnɛri,adj. 普通的；平凡的；平常的；n. 普通；平常的人（或事）,It’s just an ordinary camera.,这只是普通的相机。
stake,stek,n. 桩，棍子；赌注；火刑；奖金；v. 资助，支持；系…于桩上；把…押下打赌,"For a dollar stake, you can win up to $1,000,000.",押一美元赌注，最多可赢一百万美元。
division,də'vɪʒən,n. [数] 除法；部门；分配；分割；师（军队）；赛区,the traditional division of labour (= the way that particular tasks are shared ) between husband and wife,夫妻之间传统的分工
accommodate,ə'kɑmədet,v. 容纳；使适应；供应；调解,He bought a huge house to accommodate his library.,他买了一座大房子来放他的藏书。
swamp,swɑmp,n. 沼泽；湿地；v. 使陷于沼泽；使沉没；使陷入困境,I spent one whole night by a swamp behind the road listening to frogs.,我整个晚上都在这条路后面的一个沼泽地旁听蛙鸣。
stain,sten,v. 沾污；败坏；给…着色；n. 污点；瑕疵；着色剂,We’ve decided to stain the shelves blue.,我们决定把架子涂成蓝色。
wealthy,'wɛlθi,adj. 富有的；充分的；丰裕的；n. 富人,the wealthy nations of the world,世界上的富国
grave,ɡrev,adj. 重大的；严肃的；黯淡的；n. 墓穴，坟墓；死亡；v. 雕刻；铭记,Matthew’s life is in grave danger .,马修的生命危在旦夕。
reflection,rɪ'flɛkʃən,n. 反射；沉思；映象,Can you see your reflection in the glass?,你能看到玻璃里你的影像吗？
wit,wɪt,n. 智慧；才智；智力；v. <古>知道；即,The information is there and waiting to be accessed by anyone with the wit to use it.,信息是现成的，等着有头脑的人去获取和利用。
fragment,'fræɡmənt,n. 碎片；片断或不完整部分；v. 使成碎片,glass fragments,玻璃碎片
mission,'mɪʃən,n. 使命，任务；代表团；布道；vt. 派遣；向……传教,He was sent on over 200 missions before being killed in action.,在阵亡之前他奉命执行过200多次军事任务。
impose,ɪm'poz,v. 利用；欺骗；施加影响,,
screen,skrin,n. 屏，幕；屏风；v. 筛；拍摄；放映；掩蔽,a computer with an 18-inch colour screen,带18英寸彩色屏幕的电脑
prime,praɪm,adj. 主要的；最好的；基本的；adv. 极好地；n. 初期；青年；精华；全盛时期；v. 使准备好；填装,Smoking is the prime cause of lung disease.,抽烟是引发肺部疾病的首要原因。
underestimate,/ˌʌndərˈestɪmeɪt/,v. 低估；看轻；n. 低估,None of us should ever underestimate the degree of difficulty women face in career advancement.,我们谁都不应低估妇女在职业发展中所面临的困难程度。
residence,'rɛzɪdəns,n. 住宅，住处；居住,the ambassador’s official residence,大使官邸
fabricate,'fæbrɪket,v. 制造；伪造；装配,The police were accused of fabricating evidence.,警方被控捏造证据。
location,lo'keʃən,n. 位置（形容词locational）；地点；外景拍摄场地,His apartment is in a really good location.,他的公寓地段很好。
revolve,rɪ'vɔlv,v. 旋转；循环出现；反复考虑；n. 旋转；循环；旋转舞台,The wheel began to revolve.,轮子开始旋转。
manufacture,'mænjə'fæktʃɚ,n. 制造；产品；制造业；v. 制造；加工；捏造,Cost will determine the methods of manufacture.,成本将决定生产方法。
dust,dʌst,n. 灰尘；尘埃；尘土；v. 撒；拂去灰尘,All the furniture was covered in dust .,所有的家具都蒙上了灰尘。
army,'ɑrmi,n. 陆军，军队,The army are helping to clear up after the floods.,陆军部队正协助洪灾后的清理工作。
tailor,'telɚ,v. 剪裁；使合适；n. 裁缝,In his youth his father bound him out to a tailor.,他年轻时他父亲叫他去给一个裁缝当学徒。
retrospect,'rɛtrəspɛkt,n. 回顾，追溯；v. 回顾，追溯；回想,"In retrospect, I wonder if we should have done more.",回过头看，我在想我们是否应该做得更多些。
instinct,'ɪnstɪŋkt,n. 本能，直觉；天性；adj. 充满着的,Her instinct told her that something was wrong.,直觉告诉她有些不对劲。
neighborhood,"'nebɚ,hʊd",n. 附近；街坊；接近；街区,,
copyright,'kɑpɪraɪt,n. 版权，著作权；adj. 版权的；受版权保护的；v. 保护版权；为…取得版权,Who owns the copyright of this book?,谁拥有这本书的版权？
discard,dɪsˈkɑːrd,v. 抛弃；放弃；丢弃；n. 抛弃；被丢弃的东西或人,Read the manufacturer's guidelines before discarding the box.,先阅读制造商的说明书再把盒子丢掉。
fur,fɝ,n. 皮，皮子；毛皮；软毛；v. 用毛皮覆盖；使穿毛皮服装,a fur coat,裘皮大衣
hair,hɛr,n. 头发；毛发；些微；vt. 除去…的毛发；vi. 生长毛发；形成毛状纤维；adj. 毛发的；护理毛发的；用毛发制成的,Her hair was short and dark.,她的头发又短又黑。
explosion,ɪk'sploʒən,n. 爆炸；爆发；激增,We heard a loud explosion.,我们听到一声巨大的爆炸声。
anger,'æŋɡɚ,n. 怒，愤怒；忿怒；v. 使发怒，激怒；恼火,There is growing anger among the people against the government.,民众对政府越来越不满。
dumb,dʌm,adj. 哑的，无说话能力的；不说话的，无声音的,He stared at the burnt-out car in dumb disbelief.,他难以置信地望着烧毁的汽车，话也说不出来了。
geography,dʒɪ'ɑɡrəfi,n. 地理；地形,a geography lesson,地理课
clip,klɪp,n. （塑料或金属的）夹子；回纹针；修剪；剪报；v. 剪；剪掉；缩短；给…剪毛（或发）用别针别在某物上，用夹子夹在某物上,The wire is held on with a metal clip.,电线用金属夹子固定。
indispensable,'ɪndɪ'spɛnsəbl,adj. 不可缺少的；绝对必要的；责无旁贷的；n. 不可缺少之物；必不可少的人,Mobile phones have become an indispensable part of our lives.,移动电话已经成为我们生活中的必需品。
nest,nɛst,n. 巢，窝；安乐窝；温床；v. 筑巢；嵌套,a bird’s nest,鸟窝
grain,ɡren,n. 粮食；颗粒；[作物] 谷物；纹理；v. 成谷粒,...a grain of wheat.,…一颗麦粒。
guilty,'ɡɪlti,adj. 有罪的；内疚的,She looked self-conscious and guilty.,她看上去很不自然，很内疚的样子。
compile,kəm'paɪl,v. 编译；编制；编辑；[图情] 汇编,The document was compiled by the Department of Health.,这份文件是由卫生部汇编的。
visitor,'vɪzɪtɚ,n. 访问者，参观者；视察者；候鸟,Times Square attracts more than 30 million visitors annually.,时代广场每年吸引三千多万游客。
fog,fɔɡ,n. 雾；烟雾，尘雾；迷惑；v. 使模糊；使困惑；以雾笼罩,"It will be a cold night, and there may be fog patches .",今夜天气寒冷，部分地区可能有雾。
cloud,klaʊd,n. 云；阴云；云状物；一大群；黑斑；v. 使混乱；以云遮敝；使忧郁；玷污,Fears of renewed terrorist attacks cast a cloud over the event (= spoilt the happy situation ) .,对恐怖分子再次发动袭击的担心给这次活动蒙上了一层阴影。
lump,lʌmp,n. 块，块状；肿块；瘤；很多；笨人；v. 混在一起；使成块状；忍耐；笨重地移动；adj. 成团的；总共的；adv. 很；非常,Strain the custard to remove lumps.,滤去牛奶蛋糊里的面块。
dialect,'daɪə'lɛkt,n. 方言，土话；同源语；行话；个人用语特征；adj. 方言的,the local dialect,当地方言
restrict,rɪ'strɪkt,v. 限制；约束；限定,The new law restricts the sale of hand guns.,新法规限制手枪的销售。
pepper,'pɛpɚ,n. 胡椒；辣椒；胡椒粉；v. 加胡椒粉于；使布满,salt and pepper,盐和胡椒粉
film,fɪlm,n. 电影；薄膜；胶卷；轻烟；v. 在…上覆以薄膜；把…拍成电影,Have you seen any good films recently?,你最近看过什么好的影片吗？
cherry,'tʃɛri,n. 樱桃；樱桃树；如樱桃的鲜红色；处女膜，处女,a bunch of cherries,一串樱桃
outer,'aʊtɚ,adj. 外面的，外部的；远离中心的；n. 环外命中,Remove the tough outer leaves before cooking.,烹煮之前先把外面的老叶子去掉。
pants,pænts,n. 裤子,She was wearing dark blue pants and a white sweater.,她穿着深蓝色长裤和白色毛衣。
float,flot,v. 使漂浮；实行；n. 彩车，花车；漂流物；浮舟；浮萍,I looked up at the clouds floating in the sky.,我仰望着天上的浮云。
parade,pə'red,n. 游行；阅兵；炫耀；行进；阅兵场；v. 游行；炫耀；列队行进,a victory parade,胜利游行
pocket,'pɑkɪt,n. 口袋；钱；容器；v. 隐藏；忍受；将…放入衣袋；adj. 小型的，袖珍的；金钱上的,Luke came in with his hands in his pockets.,卢克走了进来，双手插在口袋里。
till,tɪl,n. [地理][水文] 冰碛；放钱的抽屉；备用现金；prep. 直到；conj. 直到为止；v. 耕种；犁,You keep as much money as you need in the till to run your operations.,你做业务要储备足够的钱。
elegant,'ɛləgənt,adj. 高雅的，优雅的；讲究的；简炼的；简洁的,"a tall, elegant young woman",身材高挑、举止优雅的年轻女子
competent,'kɑmpɪtənt,adj. 胜任的；有能力的；能干的；足够的,A competent mechanic should be able to fix the problem.,一名合格的机修工应该能够解决这个问题。
dam,dæm,v. 控制；筑坝；n. [水利] 水坝；障碍,They built a dam along the seashore to retain the seawater.,他们沿海岸筑起一道堤坝以拦住海水。
deteriorate,dɪ'tɪrɪəret,v. 恶化，变坏,Ethel’s health has deteriorated.,埃塞尔的健康状况恶化了。
coal,kol,v. 上煤；加煤；n. 煤；煤块；木炭,Put some coal on the fire.,往火里加点煤。
complaint,kəm'plent,n. 抱怨；诉苦；疾病；委屈,"If you wish to make a complaint, you should see the manager.",如果你要投诉，应该去找经理。
photo,'foto,n. 照片,Can you take a photo of me and Rachel?,你能给我和雷切尔拍张照吗？
orient,'orɪənt,v. 使适应；确定方向；使朝东；n. 东方；东方诸国；adj. 东方的,"She looked at the street names, trying to orient herself.",她看看街名，试图确定自己的方位。
bind,baɪnd,v. 结合；装订；有约束力；过紧；n. 捆绑；困境；讨厌的事情；植物的藤蔓,The monks are bound by vows of silence.,僧侣们必须遵守保持缄默的誓言。
perish,'pɛrɪʃ,v. 使麻木；毁坏,,
refresh,ri'frɛʃ,v. 更新；使……恢复；使……清新；消除……的疲劳,A shower will refresh you.,洗个淋浴你就凉快了。
pledge,plɛdʒ,n. 保证，誓言；抵押；抵押品，典当物；v. 保证，许诺；用……抵押；举杯祝……健康,The meeting ended with a pledge to step up cooperation between the six states of the region.,会议以加快该地区6个州之间合作的承诺结束。
probability,'prɑbə'bɪləti,n. 可能性；机率；[数] 或然率,"You must decide whether, on the balance of probabilities , he committed the crime.",你们一定要权衡正反两方面的可能性，然后再裁定他是否犯罪。
primitive,'prɪmətɪv,adj. 原始的，远古的；简单的，粗糙的；n. 原始人,a primitive society,原始社会
hole,hol,n. 洞，孔；洞穴，穴；突破口；v. 凿洞，穿孔；（高尔夫球等）进洞,I began digging a hole for the plant.,我开始挖洞种那棵植物。
peaceful,'pisfəl,adj. 和平的，爱好和平的；平静的,We had a peaceful afternoon without the children.,孩子们不在，我们度过了一个宁静的下午。
dozen,'dʌzn,n. 十二个，一打；adj. 一打的,a dozen eggs,一打鸡蛋
robot,'robɑt,n. 机器人；遥控设备，自动机械；机械般工作的人,cars built by robots,机器人制造的汽车
frequent,'frikwənt,adj. 频繁的；时常发生的；惯常的；v. 常到，常去；时常出入于,Trains rushed past at frequent intervals .,火车频频驶过。
extraordinary,ɛkˈstrɔrdənˌɛri; ɪkˈstrɔrdəˌnɛri; ˌɛkstrəˈɔrdəˌnɛri,adj. 非凡的；特别的；离奇的；临时的；特派的,a woman of extraordinary beauty,容貌出众的女子
conversely,'kɑnvɝsli,adv. 相反地,"American consumers prefer white eggs; conversely, British buyers like brown eggs.",美国的消费者喜欢白色的鸡蛋，而英国的消费者却相反，他们喜欢棕色的鸡蛋。
census,'sɛnsəs,v. 实施统计调查；n. 人口普查，人口调查,"He and Mary journeyed to Bethlehem to be counted in the Roman census, and while they were there the child was born.",他和玛利亚一起去到伯利恒，罗马的人口普查把他们统计在内。 他们在那里时，孩子降生了。
assist,ə'sɪst,n. 帮助；助攻；v. 参加；出席,He asked us to assist him in carrying through their plan.,他要我们帮助他实施他们的计划。
tire,'taɪɚ,v. 疲劳；厌倦；n. 轮胎；头饰,"As we neared the summit, we were tiring fast.",接近山顶时，我们感到越来越累了。
winter,'wɪntɚ,n. 冬季；年岁；萧条期；v. 过冬；adj. 冬天的；越冬的,Soon it will be winter.,很快要到冬天了。
depict,dɪ'pɪkt,v. 描述；描画,a book depicting life in pre-revolutionary Russia,描写革命前俄国人生活的一本书
dentist,'dɛntɪst,n. 牙科医生,Visit your dentist twice a year for a checkup.,每年看两次牙医做检查。
copy,'kɑpi,v. 复制；复印；抄袭；n. 副本；一册；摹仿,"Could you copy this letter and send it out, please?",你能把这封信复印一份发出去吗？
cook,kʊk,v. 烹调，煮；n. 厨师，厨子,Where did you learn to cook?,你在哪里学烹调的？
hamper,'hæmpɚ,v. 妨碍；束缚；使困累；n. 食盒，食篮；阻碍物,"She tried to run, but was hampered by her heavy suitcase.",她想跑，但沉重的旅行箱拖累了她。
packet,'pækɪt,n. 数据包，信息包；小包，小捆；vt. 包装，打包,Paul tore open the packet as soon as it arrived.,保罗一收到包裹就拆开了。
startle,'stɑrtl,v. 使吓一跳；使惊奇；n. 惊愕；惊恐,"Sorry, I didn’t mean to startle you.",抱歉，我不是故意吓你一跳的。
goodness,'ɡʊdnəs,int. 天哪；n. 善良，优秀 ；精华，养分,"My goodness, you have spent a lot!",啊呀，你花了这么多钱！
lifetime,'laɪftaɪm,n. 一生；寿命；终生；使用期；adj. 一生的；终身的,It’s the sort of opportunity you see only once in a lifetime.,这种机会你一辈子也只能碰到一次。
defend,dɪ'fɛnd,v. 辩护；防护,She was always defending her husband in front of their daughter.,她在女儿面前总是为丈夫辩解。
period,'pɪrɪəd,n. 周期，期间；时期；月经；课时；（语法学）句点，句号；adj. 某一时代的,Tomorrow’s weather will be dry with sunny periods.,明天天气干燥，间或晴朗。
summarize,'sʌməraɪz,v. 总结；概述,The authors summarize their views in the introduction.,作者在序言里概述了他们的观点。
core,kɔr,n. 核心；要点；果心；[计] 磁心；v. 挖的核,"Remove the cores, and bake the apples for 40 minutes.",去除果心，然后把苹果烤40分钟。
assign,ə'saɪn,v. 分配；指派；[计][数] 赋值,The selling broker is then required to assign a portion of the commission to the buyer broker.,卖方经纪人则被要求分给买方经纪人一部分佣金。
loyalty,'lɔɪəlti,n. 忠诚；忠心；忠实；忠于…感情,the agony of divided loyalties (= loyalty to two different or opposing people ) for the children in a divorce,父母离婚过程中孩子两面都要依顺的痛苦
nightmare,'naɪt'mɛr,n. 恶梦；梦魇般的经历；adj. 可怕的；噩梦似的,a recurring nightmare ,一再出现的噩梦
dislike,dɪs'laɪk,v. 不喜欢，厌恶；n. 嫌恶，反感，不喜爱,Why do you dislike her so much?,你为什么那么讨厌她？
nurture,'nɝtʃɚ,v. 养育；鼓励；培植；n. 养育；教养；营养物,plants nurtured in the greenhouse,在温室里培育的植物
transplant,træns'plænt,v. 移植；迁移；使移居；n. 移植；移植器官；被移植物；移居者,The operation to transplant a kidney is now fairly routine.,移植肾脏的手术如今相当常见。
phone,fon,n. 电话；耳机，听筒；v. 打电话,Much of his work is done by phone .,他的工作大部分是通过电话进行的。
saturday,sætɚdɪ; -de,n. 星期六,He called her on Saturday morning at the studio.,他星期六早上在工作室给她打电话。
genius,'dʒinjəs,n. 天才，天赋；精神,The film reveals Fellini’s genius.,这部影片展现了费里尼的天赋。
suite,sut; swit,n. （一套）家具；套房；组曲；（一批）随员，随从,a honeymoon suite,蜜月套房
protest,ˈproʊtest,v. 抗议；断言；n. 抗议；adj. 表示抗议的；抗议性的,‘I don’t see why I should take the blame for this!’ she protested.,“我不明白为什么我要对此承担责任！”她抗议道。
convert,kən'vɝt,v. 使转变；转换…；使…改变信仰；n. 皈依者；改变宗教信仰者,a 19th-century converted barn,由19世纪谷仓改建的房子
afterward,ˈæftərwərd,adv. 以后，后来,"Shortly afterward, police arrested four suspects.",之后不久，警方逮捕了４名嫌疑犯。
principal,'prɪnsəpl,adj. 主要的；资本的；n. 首长；校长；资本；当事人,His principal reason for making the journey was to visit his family.,他那次旅程的首要目的是探访家人。
universe,'junɪvɝs,n. 宇宙；世界；领域,Einstein's equations showed the universe to be expanding.,爱因斯坦的方程式表明宇宙正在扩大。
withstand,wɪð'stænd,v. 抵挡；禁得起；反抗,The Chancellor has withstood the criticism and held firm.,总理顶住批评，坚持立场。
studio,'studɪo,n. 工作室；[广播][电视] 演播室；画室；电影制片厂,Depardieu is making a film with one of the big Hollywood studios.,德帕迪约正在为好莱坞的一家大制片公司拍摄一部电影。
comfortable,'kʌmftəbl,adj. 舒适的，舒服的；n. 盖被,I was so comfortable and warm in bed I didn’t want to get up.,床上又舒服又暖和，我都不想起来。
superb,/suːˈpɜːrb/,adj. 极好的；华丽的；宏伟的；n. (Superb)人名；(罗)苏佩尔布,The food was superb.,食物好吃极了。
bonus,'bonəs,n. 奖金；红利；额外津贴,Long-term savers qualify for a cash bonus.,长期储户可获现金红利。
adapt,ə'dæpt,v. 使适应；改编,The ability to adapt is a definite asset in this job.,适应能力是做这份工作的绝对有利条件。
stimulate,'stɪmjə'let,v. 刺激；鼓舞，激励,Her interest in art was stimulated by her father.,她对艺术的兴趣是她父亲激发的。
meeting,'mitɪŋ,n. 会议；会见；集会；汇合点；v. 会面；会合（meet的ing形式）,We’re having a meeting next week to discuss the matter.,我们下周将开会讨论此事。
sympathetic,",sɪmpə'θɛtɪk",adj. 同情的；交感神经的；共鸣的；赞同的；和谐的；合意的；n. 交感神经；容易感受的人,a sympathetic friend,一个有同情心的朋友
attorney,ə'tɝni,n. 律师；代理人；检查官,...a prosecuting attorney.,…一位公诉律师。
withdraw,wɪð'drɔ,v. 撤退；收回；撤消；拉开,calls for Britain to withdraw from the European Union,要求英国退出欧盟的呼声
investigate,ɪn'vɛstɪɡet,v. 调查；研究,The state police are investigating the incident.,州警察正调查此事。
floor,flɔr,n. 地板，地面；楼层；基底；议员席；v. 铺地板；打倒，击倒；（被困难）难倒,a polished wooden floor,上过蜡的木地板
witness,ˈwɪtnɪs,n. 证人；目击者；证据；v. 目击；证明；为…作证,Police have appealed for witnesses to come forward.,警方呼吁目击者站出来。
infrastructure,'ɪnfrə'strʌktʃɚ,n. 基础设施；公共建设；下部构造,Some countries lack a suitable economic infrastructure.,一些国家缺乏适当的经济基础设施。
centre,sɛntɚ,v. 以…为中心；n. 中心；adj. 中央的,"The title isn’t quite centred on the page, is it?",标题并不在这页的正中间，是吗？
dark,dɑrk,adj. 黑暗的，深色的；模糊的；无知的；忧郁的；n. 黑暗；夜；黄昏；模糊,The church was dark and quiet.,教堂里黑魆魆的，寂静无声。
collapse,kə'læps,v. 倒塌；瓦解；暴跌；n. 倒塌；失败；衰竭,Uncle Ted’s chair collapsed under his weight.,椅子承受不了特德叔叔的重量，塌架了。
logic,'lɑdʒɪk,n. 逻辑；逻辑学；逻辑性；adj. 逻辑的,There isa certain logicin their choice of architect.,他们对建筑师的选择是有一定道理的。
ton,tʌn,n. 吨；很多，大量,I’ve got tons of work to do.,我有很多工作要做。
instruction,ɪn'strʌkʃən,n. 指令，命令；指示；教导；用法说明,Press ‘Enter’ and follow the on-screen instructions.,按回车键，然后按照电脑屏幕上的指示来操作。
rescue,'rɛskju,v. 营救；援救；n. 营救；援救；解救,Survivors of the crash were rescued by helicopter.,空难的生还者被直升机救了出来。
insect,'ɪnsɛkt,n. 昆虫；卑鄙的人,an insect bite,昆虫的叮咬
awkward,'ɔkwɚd,adj. 尴尬的；笨拙的；棘手的；不合适的,I hoped he would stop asking awkward questions .,我希望他不要再问令人难堪的问题。
brochure,bro'ʃʊr,n. 手册，小册子,a holiday brochure,度假手册
damn,dæm,v. 谴责；罚…下地狱；n. 一点；诅咒；adj. 可恶的；adv. 非常；int. 讨厌,...a sensational book in which she damns the ultraright party.,…她谴责极右党派的一本耸人听闻的书。
concrete,'kɑŋkrit,adj. 混凝土的；实在的，具体的；有形的；v. 凝结；n. 具体物；凝结物,a concrete floor,混凝土地面
booth,bʊθ,n. 货摊；公用电话亭,I called her from a public phone booth near the entrance to the bar.,我在酒吧入口附近的一个公用电话亭给她打了电话。
exit,'ɛɡzɪt,n. 出口，通道；退场；v. 退出；离去,We made for the nearest exit.,我们走向最近的出口。
tired,'taɪɚd,adj. 疲倦的；厌倦的，厌烦的；v. 疲倦；对…腻烦（tire的过去分词形式）,He looks tired out (= very tired ) .,他看起来累坏了。
impair,ɪm'pɛr,v. 损害；削弱；减少,The illness had impaired his ability to think and concentrate.,这种疾病损害了他的思维能力和注意力。
dwelling,'dwɛlɪŋ,n. 住处；寓所；v. 居住（dwell的现在分词）,"Some 3,500 new dwellings are planned for the area.",大约三千五百套新住宅计划在这个地区新建。
presumably,prɪ'zuməbli,adv. 大概；推测起来；可假定,"It’s raining, which presumably means that your football match will be cancelled.",下雨了，这可能意味着你们的足球比赛要取消。
christmas,,n. 圣诞节；圣诞节期间,The day after Christmas is generally a busy one for retailers.,圣诞节次日对零售商们来说通常都是繁忙的一天。
slip,slɪp,v. 滑动；滑倒；犯错；失足；减退；n. 滑，滑倒；片，纸片；错误；下跌；事故；adj. 滑动的；有活结的；活络的；abbr. 串行线路接口协议，是旧式的协议（Serial Line Interface Protocol）,Wright slipped but managed to keep hold of the ball.,赖特滑了一下，但球还抓在手里。
awake,ə'wek,v. 觉醒，意识到；醒来；被唤起；adj. 醒着的,It was midday when she awoke.,她醒来时已是中午。
mutual,'mjutʃuəl,adj. 共同的；相互的，彼此的,"I didn’t like Dev, and the feeling seemed to be mutual.",我不喜欢德夫，他好像也不喜欢我。
dim,dɪm,adj. 暗淡的，昏暗的；模糊的，看不清的；悲观的，怀疑的；v. 使暗淡，使失去光泽；使变模糊；n. 笨蛋，傻子,in the dim light of the early dawn,在微弱的晨曦里
crowd,kraʊd,"n. 群众,一伙;一堆,许多,大众；v. 拥挤,挤满,挤进",A vast crowd gathered in the main square.,主广场上聚集了一大群人。
ending,'ɛndɪŋ,n. 结局；结尾,Verbal nouns have the ending -ing.,动名词以-ing结尾。
augment,ɔɡ'mɛnt,v. 增加；增大；n. 增加；增大,Any surplus was sold to augment their income.,所有多余的东西被售卖一空来增加他们的收入。
deputy,'dɛpjuti,n. 代理人，代表；adj. 副的；代理的,His brother was acting as his deputy in America.,他的兄弟充当他在美洲的代理人。
timber,'tɪmbɚ,n. 木材；木料,a bench made of timber,木制长椅
tone,ton,n. 语气；色调；音调；音色；v. 增强；用某种调子说,Her tone was sharp with anger.,她很气愤，语气尖刻。
illegal,ɪ'ligl,adj. [法] 非法的；违法的；违反规则的；n. 非法移民，非法劳工,illegal drugs,违禁药品
red,rɛd,n. 红色，红颜料；赤字；adj. 红色的；红肿的，充血的,I like the way the artist uses red in this painting.,我喜欢画家在这幅作品中对红色的运用。
fancy,'fænsi,n. 幻想；想象力；爱好；adj. 想象的；奇特的；昂贵的；精选的；v. 想象；喜爱；设想；自负,"Oh, that was just a fancy of his.",啊，那只是他的异想天开。
exception,ɪk'sɛpʃən,n. 例外；异议,"It’s been cold, but today’s an exception.",天气一直寒冷，但今天是个例外。
invalid,ˈɪnvəlɪd；ɪnˈvælɪd,adj. 无效的；有病的；残废的；n. 病人；残废者；v. 使伤残；使退役,"Without the right date stamped on it, your ticket will be invalid.",票上若没有加盖正确日期就是废票。
motion,'moʃən,n. 动作；移动；手势；请求；意向；议案；v. 运动；打手势,Newton’s first law of motion,牛顿第一运动定律
station,ˈsteɪʃən,n. 车站；驻地；地位；身份；v. 配置；安置；驻扎,I want to get off at the next station.,我要在下一站下车。
massacre,'mæsəkɚ,v. 残杀；彻底击败；n. 大屠杀；惨败,The army massacred more than 150 unarmed civilians.,军队屠杀了150多名手无寸铁的平民。
tremble,'trɛmbl,v. 发抖；战栗；焦虑；摇晃；n. 颤抖；战栗；摇晃,His lip started to tremble and then he started to cry.,他的嘴唇开始颤抖，接着就哭了起来。
hinder,'hɪndɚ,v. 成为阻碍；adj. 后面的；n. (Hinder)人名；(芬)欣德,His career has been hindered by injury.,由于受伤，他的事业受到了阻碍。
village,'vɪlɪdʒ,n. 村庄；村民；（动物的）群落,a little fishing village,一座小渔村
elect,ɪ'lɛkt,adj. 选出的；当选的；卓越的；n. 被选的人；特殊阶层；上帝的选民；v. 选举；选择；推选,...the date when the president-elect takes office.,…总统当选人的就职日。
rot,rɑt,n. 腐烂；腐败；腐坏；v. 腐烂；腐败；堕落；int. （表示厌恶、蔑视、烦恼等）胡说；糟了,the smell of rot,腐烂的气味
preparation,",prɛpə'reʃən",n. 预备；准备,This dish is good for dinner parties because much of the preparation can be done ahead of time.,这道菜适合宴会，因为很多准备工作可以事先做好。
concession,kən'sɛʃən,n. 让步；特许（权）；承认；退位,The British were not prepared to make any concessions .,英国人没有打算作出让步。
trivial,'trɪvɪəl,adj. 不重要的，琐碎的；琐细的,a trivial sum,一笔极小的金额
foster,'fɔstɚ,v. 培养；养育，抚育；抱（希望等）；adj. 收养的，养育的；n. (Foster)人名；(英、捷、意、葡、法、德、俄、西)福斯特,The bishop helped foster the sense of a community embracing all classes.,主教鼓励一种包容各个阶层的社区精神。
dirt,dɝt,n. 污垢，泥土；灰尘，尘土；下流话,You should have seen the dirt on that car!,你没看见那车上沾了多少泥！
uphold,ʌpˈhoʊld,v. 支撑；鼓励；赞成；举起,,
organism,'ɔrɡənɪzəm,n. 有机体；生物体；微生物,All living organisms have to adapt to changes in environmental conditions.,一切生物都要适应环境条件的变化。
groan,ɡron,v. 呻吟；抱怨；发吱嘎声；n. 呻吟；叹息；吱嘎声,The kids all groaned when I switched off the TV.,我关掉电视时，孩子们都发出不满的抱怨声。
herd,hɝd,n. 兽群，畜群；放牧人；v. 成群，聚在一起,You have to be an individual; it’s no use running with the herd.,你必须特立独行，随大溜没有用处。
polish,'pɑlɪʃ,n. 磨光，擦亮；擦亮剂；优雅，精良；v. 擦亮，变光滑；adj. 波兰的,An occasional polish will keep wall tiles looking good.,偶尔擦拭一下能使墙砖保持美观。
documentary,'dɑkjə'mɛntri,adj. 记录的；文件的；记实的；n. 纪录片,documentary films,纪录影片
deadline,ˈdedlaɪn,n. 截止期限，最后期限,I’m always working under pressure to meet deadlines (= finish something on time ) .,我总是在赶工期的压力下工作。
advise,əd'vaɪz,v. 建议；劝告，忠告；通知；警告,She needed someone to advise her.,她需要有个人给她出主意。
odds,ɑdz,n. 几率；胜算；不平等；差别,We are offering odds of 6-1 on the fight ending in a knockout.,我们以6比1的赔率赌该拳击赛以击倒告终。
reliance,rɪ'laɪəns,n. 信赖；信心；受信赖的人或物,the country’s heavy reliance on trade,该国对贸易的严重依赖
proclaim,prə'klem,v. 宣告，公布；声明；表明；赞扬,The President proclaimed the republic’s independence.,总统宣布共和国独立。
collaborate,kə'læbəret,v. 合作；勾结，通敌,Much later he collaborated with his son Michael on the English translation of a text on food production.,后来他和儿子迈克尔合作，把一个有关食品生产的文本翻译成英语。
alarm,ə'lɑrm,n. 闹钟；警报，警告器；惊慌；v. 警告；使惊恐,I forgot to set the burglar alarm.,我忘记打开防盗警报器了。
pink,pɪŋk,n. 粉红色；化身，典范；石竹花；头面人物；v. 扎，刺，戳；使…变粉红色；使…面红耳赤；adj. 粉红的；比较激进的；石竹科的；脸色发红的,Her room was decorated in bright pinks and purples.,她的房间装饰成明亮的粉红色和紫色。
toss,tɔs,n. 投掷；摇荡；投掷的距离；掷币赌胜负；v. 投掷；使…不安；突然抬起；使…上下摇动；与…掷币打赌,It would be better to decide it on the toss of a coin.,最好用抛硬币的方式来对此事做决定。
corner,'kɔrnɚ,n. 角落，拐角处；地区，偏僻处；困境，窘境；v. 囤积；相交成角,He pulled a dirty handkerchief out by its corner and waved it at me.,他拽出一块脏手帕，捏着一角向我挥动。
limb,lɪm,n. 肢，臂；分支；枝干；vt. 切断…的手足；从…上截下树枝,She would be able to stretch out her cramped limbs and rest for a few hours.,她将可以伸开蜷缩的四肢，休息几个小时。
remark,rɪ'mɑrk,n. 注意；言辞；v. 评论；觉察,"Unfortunately, a local journalist overheard the remark.",不巧一名当地记者无意中听到了这些话。
anchor,'æŋkɚ,n. 锚；抛锚停泊；靠山；新闻节目主播；v. 抛锚；使固定；主持节目；adj. 末棒的；最后一棒的,We dropped anchor a few yards offshore.,我们在离岸几码远的地方抛锚停航。
plateau,plæ'to,n. 高原；adj. 高原印第安人的,"A broad valley opened up leading to a high, flat plateau of cultivated land.",一个宽阔的山谷展开，通向一片平坦的高原耕地。
lift,lɪft,v. 举起；提升；鼓舞；空运；抄袭；n. 电梯；举起；起重机；搭车,Sophie lifted the phone before the second ring.,铃响了一下苏菲就接起了电话。
chop,tʃɑp,n. 砍；排骨；商标；削球；v. 剁碎；砍,a grilled pork/lamb chop,烤猪排/羊排
august,ɔɡəst,adj. 威严的；令人敬畏的；n. 八月（简写为Aug）,an august institution,庄严的机构
indignant,ɪn'dɪɡnənt,adj. 愤愤不平的；义愤的,an indignant reply,愤慨的回复
jeans,,n. 牛仔裤；工装裤,...a young man in jeans and a worn T-shirt.,…一个穿着牛仔裤和破旧T恤衫的年轻人。
formula,'fɔrmjələ,n. [数] 公式，准则；配方；婴儿食品,We’re still searching for a peace formula.,我们仍在寻找和平方案。
naive,naɪ'iv,"adj. 天真的,幼稚的",a naive young girl,天真的小女孩
keyboard,'ki'bɔrd,n. 键盘；v. 键入；用键盘式排字机排字,a computer keyboard,计算机键盘
shy,ʃaɪ,adj. 害羞的；畏缩的，胆怯的；v. 投；畏缩；惊退；厌恶；n. 投掷；惊跳,He was a quiet shy man.,他是个话不多、害羞的男人。
sir,sɝ,n. 先生；（用于姓名前）爵士；阁下；（中小学生对男教师的称呼）先生；老师,"‘Report back to me in an hour, sergeant.’ ‘Yes, sir.’",“一小时后向我报告，中士。”“是，长官。”
sin,sɪn,n. 罪恶；罪孽；过失；v. 犯罪；犯过失,She needed to confess her sins and ask for forgiveness.,她需要忏悔罪过，请求宽恕。
elderly,'ɛldɚli,adj. 上了年纪的；过了中年的；稍老的,a well-dressed elderly woman,穿着考究的老妇人
striking,'straɪkɪŋ,adj. 显著的，突出的，惊人的；打击的；罢工的；v. 打（strike的ing形式）,a dark man with striking features,相貌出众、肤色黝黑的男子
turnover,'tɝn'ovɚ,n. 翻覆；[贸易] 营业额；流通量；半圆卷饼；失误；adj. 翻过来的；可翻转的,The company had a turnover of $3.8 million.,那个公司拥有380万美元的营业额。
optional,'ɑpʃənl,adj. 可选择的，随意的；n. 选修科目,three optional courses,三门选修课
oneself,wʌn'sɛlf,pron. 自己；亲自,It is only through study that one really begins to know oneself.,只有通过学习，一个人才能真正了解自己。
consolidate,kən'sɑlɪdet,v. 巩固，使固定；联合,The company has consolidated its position as the country’s leading gas supplier.,这家公司巩固了作为该国主要煤气供应商的地位。
dimension,dɪ'mɛnʃ(ə)n; daɪ-,n. 方面;[数] 维；尺寸；次元；容积 vt标出尺寸；adj. 规格的,You can have a spiritual dimension to your life without being religious.,即使你不信宗教，也可以在生命中拥有精神层面的内容。
diminish,dɪ'mɪnɪʃ,v. 使减少；使变小,The party’s share of the electorate has diminished steadily.,支持这个政党的选民比例持续下降。
persist,pɚ'sɪst,v. 存留，坚持；持续，固执,"‘I don’t think it’s right,’ John persisted.",“我认为那不对。”约翰坚持说道。
bizarre,bɪ'zɑr,adj. 奇异的（指态度，容貌，款式等）,a bizarre coincidence,奇怪的巧合
embrace,ɪm'bres,v. 拥抱；信奉，皈依；包含；n. 拥抱,Jack warmly embraced his son.,杰克热情拥抱他的儿子。
sow,so,v. 播种；散布；使密布；n. 母猪,Sow the seeds in late March.,三月底播种。
heighten,'haɪtn,v. 提高；增高；加强；使更显著,There are fears that the march will heighten racial tension.,有人担心这次游行会加深种族间的紧张局势。
sculpture,'skʌlptʃɚ,n. 雕塑；雕刻；刻蚀；v. 雕塑；雕刻；刻蚀,...stone sculptures of figures and animals.,…人物及动物石雕。
merge,mɝdʒ,v. 合并；使合并；吞没；n. (Merge)人名；(意)梅尔杰,The company plans to merge its subsidiaries in the US.,该公司计划合并其在美国的几家子公司。
prejudice,'prɛdʒədɪs,n. 偏见；侵害；v. 损害；使有偏见,Women still face prejudice in the workplace.,女性在职场中仍然面临歧视。
interview,'ɪntɚvju,n. 接见，采访；面试，面谈；v. 采访；接见；对…进行面谈；对某人进行面试,a portfolio of work presented at interview,在面试时呈递的工作成果样本
replacement,rɪ'plesmənt,n. 更换；复位；代替者；补充兵员,Our old car is badly in need of replacement.,我们的旧车急需更换。
disgrace,dɪs'ɡres,n. 耻辱；丢脸的人或事；失宠；v. 使……失宠；给……丢脸；使……蒙受耻辱；贬黜,Smith faced total public disgrace after the incident.,事情发生之后，史密斯声名狼藉。
permit,pɚ'mɪt,v. 许可；允许；n. 许可证，执照,Smoking is only permitted in the public lounge.,只允许在公共休息室里抽烟。
underlying,",ʌndɚ'laɪɪŋ",adj. 潜在的；根本的；在下面的；优先的；v. 放在…的下面；为…的基础；优先于（underlie的ing形式）,the underlying causes of her depression,她抑郁的根本原因
overlap,'ovəlæp,n. 重叠；重复；v. 部分重叠；部分的同时发生,a large degree of overlap,很大程度上的重叠
aeroplane,'ɛrə'plen,n. 飞机（等于airplane）,The aeroplane landed us at the airport in Barcelona.,飞机把我们降落在巴塞罗那机场。
release,rɪ'lis,v. 释放；发射；让与；允许发表；n. 释放；发布；让与,"Police arrested several men, who were later released.",警察逮捕了几个人，后来都释放了。
poverty,'pɑvɚti,n. 贫困；困难；缺少；低劣,Millions of elderly people live in poverty .,数百万老年人生活在贫困之中。
merit,'mɛrɪt,n. 优点，价值；功绩；功过；v. 值得,The merit of the report is its realistic assessment of the changes required.,这份报告的优点就是它对所要求的变动进行了实事求是的评估。
fellow,'fɛlo,n. 家伙；朋友；同事；会员；adj. 同伴的，同事的；同道的；vt. 使…与另一个对等；使…与另一个匹敌,Paul’s an easy-going sort of fellow.,保罗人很随和。
offensive,ə'fɛnsɪv,adj. 攻击的；冒犯的；无礼的；讨厌的；n. 攻势；攻击,I found her remarks deeply offensive.,我觉得她的话令人非常恼火。
daughter,'dɔtɚ,n. 女儿；[遗][农学] 子代；adj. 女儿的；子代的,She’s got two daughters and one son.,她有两个女儿和一个儿子。
document,dɑkjəmənt,n. 文件，公文；[计] 文档；证件；v. 用文件证明,She produces legal documents for a downtown Seattle law firm.,她为西雅图市区的一家法律事务所撰写法律文件。
abrupt,ə'brʌpt,adj. 生硬的；突然的；唐突的；陡峭的,an abrupt change of plan,计划的突然改变
sue,su,v. 控告；请求；n. (Sue)人名；(日)末(名)；(法)休；(英)休(女子教名Susan、Susanna的昵称),"If the builders don’t fulfil their side of the contract, we’ll sue.",如果建筑商不履行合同，我们就要提出起诉。
humble,'hʌmbl,adj. 谦逊的；简陋的；（级别或地位）低下的；不大的；v. 使谦恭；轻松打败（尤指强大的对手）；低声下气,a modest and humble man,一个谦卑的男人
minority,maɪ'nɔrəti,n. 少数民族；少数派；未成年；adj. 少数的；属于少数派的,Gaelic is still spoken in Ireland by a tiny minority.,爱尔兰仍有极少数人在说盖尔语。
companion,kəm'pænɪən,n. 同伴；朋友；指南；手册；v. 陪伴,For ten years he had been her constant companion .,十年来他一直陪伴她左右。
farmer,'fɑmɚ,n. 农夫，农民,She dickered with the farmer for the best fruit.,她要买最好的水果而跟农民讨价还价。
colonial,kə'lonɪəl,n. 殖民地居民；adj. 殖民地的，殖民的,"In our freedom, we reject the colonial apartheid system that has caused genocide to our people, and to all Indigenous peoples.","以我们自由的名义, 我们拒绝这对我们人民, 和所有原住民造成种族灭绝的殖民隔离体系."
FALSE,fɔls,adj. 错误的；虚伪的；伪造的；adv. 欺诈地,I don’t want to give you any false hopes .,我不想让你有任何虚假的希望。
soldier,'soldʒɚ,n. 军人；[昆] 兵蚁；懒汉；一片烤面包；v. 当兵；磨洋工；坚持干；假称害病,A British soldier was wounded in the fighting.,战斗中，有一名英国士兵受了伤。
tax,tæks,v. 向…课税；使负重担；n. 税金；重负,Cigarettes are heavily taxed in Britain.,在英国，香烟被课以重税。
tap,tæp,v. 轻敲；轻打；装上嘴子；n. 水龙头；轻打,He tapped the table nervously with his fingers.,他紧张地用手指轻轻地敲打桌子。
sphere,sfɪr,n. 范围；球体；vt. 包围；放入球内；使…成球形；adj. 球体的,"Because the earth spins, it is not a perfect sphere.",因为地球旋转，所以它不是个完完全全的球体。
probe,prob,n. 探针；调查；v. 调查；探测,a police corruption probe,对警察贪污行为的彻底调查
rent,rɛnt,n. 租金；v. 出租；租用；租借,I pay the rent at the beginning of every month.,我每逢月初交付房租。
directory,dəˈrɛktəri; (also) daɪˈrɛktəri,n. [计] 目录；工商名录；姓名地址录；adj. 指导的；咨询的,I couldn’t find your number in the telephone directory.,我在电话簿上找不到你的电话号码。
spontaneous,spɑn'tenɪəs,adj. 自发的；自然的；无意识的,The crowd gave a spontaneous cheer.,人群自发地欢呼起来。
diet,'daɪət,n. 饮食；食物；规定饮食；v. 节食,Lyn always seems to be on a diet.,琳恩似乎一直在节食。
summon,'sʌmən,v. 召唤；召集；鼓起；振作,Robert summoned the waiter for the bill.,罗伯特召唤服务员结账。
coast,kost,v. 滑行；沿岸航行；n. 海岸；滑坡,He pushed in the clutch and coasted to a halt.,他踩下离合器，滑行了一会儿便停下来了。
stumble,'stʌmbl,v. 踌躇，蹒跚；失足；犯错；n. 绊倒；蹒跚而行,,
interact,",ɪntɚ'ækt",v. 互相影响；互相作用；n. 幕间剧；幕间休息,"While the other children interacted and played together, Ted ignored them.",当其他孩子们相互交往、一起玩耍时，泰德却不理他们。
steward,'stuɚd,n. 管家；乘务员；膳务员；工会管事；vi. 当服务员；当管事；vt. 管理,race stewards,比赛组织者
envelope,,n. 信封，封皮；包膜；[天] 包层；包迹,envelopes and stamps,信封和邮票
crack,kræk,v. 使破裂；打开；变声；n. 裂缝；声变；噼啪声；adj. 最好的；高明的,Don’t put boiling water in the glass or it will crack.,不要把沸水倒进这个玻璃杯里，否则它会破裂的。
altogether,",ɔltə'ɡɛðɚ",adv. 完全地；总共；总而言之；n. 整个；裸体,an old custom that has vanished altogether,一个彻底消亡的古老习俗
forge,fɔrdʒ,n. 熔炉，锻铁炉；铁工厂；v. 伪造；做锻工；前进,Someone stole my credit card and forged my signature.,有人偷了我的信用卡，并假冒我的签名。
patience,'peʃns,n. 耐性，耐心；忍耐，容忍,He doesn't have the patience to wait.,他没有耐心等。
shortly,'ʃɔrtli,adv. 立刻；简短地；唐突地,Ms Jones will be back shortly.,琼斯女士很快就会回来。
ban,bæn,v. 禁止，取缔；n. 禁令，禁忌,Smoking is banned in the building.,大楼内禁止吸烟。
hitherto,",hɪðɚ'tu",adv. 迄今；至今,a species of fish hitherto unknown in the West,迄今在西方还不为人知的一种鱼
prone,pron,adj. 俯卧的；有…倾向的，易于…的；n. (Prone)人名；(意、法)普罗内,His eyes shifted to the prone body on the floor.,他的视线移向了趴在地上的尸体。
bar,bɑr,n. 条，棒；酒吧；障碍；法庭；v. 禁止；阻拦；prep. 除……外,"...Devil's Herd, the city's most popular country and western bar.",…“魔鬼群”，全城最受欢迎的西部乡村酒吧。
plea,pli,n. 恳求，请求；辩解，辩护；借口，托辞,Caldwell made a plea for donations.,考德威尔恳求捐款。
gossip,'ɡɑsɪp,n. 小道传闻；随笔；爱说长道短的人；v. 闲聊；传播流言蜚语,Rick’s a terrible gossip.,里克就爱说三道四。
enthusiasm,ɪn'θuzɪæzəm,n. 热心，热忱，热情,Gillian and Darren greeted the speakers with great enthusiasm.,吉利恩和达伦非常热情地接待了演讲者。
beautiful,'bjʊtəfəl,adj. 美丽的,She was even more beautiful than I had remembered.,她比我记忆中更美。
lottery,'lɑtəri,n. 彩票；碰运气的事，难算计的事；抽彩给奖法,a lottery ticket,彩票
fantastic,fæn'tæstɪk,adj. 奇异的；空想的；异想天开的；古怪的；极好的，极出色的；不可思议的；不切实际的；n. 古怪的人,You look fantastic!,你看上去棒极了！
pen,pɛn,n. 钢笔；作家；围栏；v. 写；关入栏中,a ballpoint pen,圆珠笔
pet,pɛt,n. 宠物；生气；受宠爱的人；v. 宠爱；adj. 宠爱的,They have two pets – a cat and a dog.,他们有两只宠物，一只猫和一只狗。
innocent,'ɪnəsnt,adj. 无辜的；无罪的；无知的；n. 天真的人；笨蛋,Nobody would believe that I was innocent.,没人肯相信我是清白的。
neighbor,'nebɚ,n. 邻居；adj. 邻近的；v. 友好；毗邻而居,I parked my baby at the neighbor's house.,我把小孩寄放在邻居家里。
prose,proz,n. 散文；单调；adj. 散文的；平凡的；乏味的；vi. 写散文；乏味地讲话；vt. 把…写成散文,Shute's prose is stark and chillingly unsentimental.,舒特的散文刻板而冷峻。
tribute,'trɪbjut,n. 礼物；[税收] 贡物；颂词；（尤指对死者的）致敬，悼念，吊唁礼物,The players wore black armbands as a tribute to their late teammate.,球员们戴着黑纱悼念已故的队友。
despair,dɪ'spɛr,n. 绝望；令人绝望的人或事；v. 绝望，丧失信心,The noise from the neighbours used to drive him to despair .,过去，邻居的噪音常常吵得他心烦意乱。
consistent,kən'sɪstənt,adj. 始终如一的，一致的；坚持的,The evidence is not consistent.,证词前后不一致。
feasible,'fizəbl,adj. 可行的；可能的；可实行的,a feasible solution,可行的解决方法
bulb,bʌlb,n. 电灯泡；鳞茎；球状物；vi. 生球茎；膨胀成球状,a 100-watt bulb,一个100瓦的灯泡
heroin,'hɛroɪn,n. [药][毒物] 海洛因，吗啡,a heroin addict,海洛因瘾君子
ornament,'ɔrnəmənt,n. 装饰；[建][服装] 装饰物；教堂用品；v. 装饰，修饰,a shelf covered with books and ornaments,摆满书籍和装饰品的架子
transmit,trænzˈmɪt,v. 传输；传播；发射；传达；遗传,The US Open will be transmitted live via satellite.,美国公开赛将通过卫星现场直播。
freight,fret,v. 运送；装货；使充满；n. 货运；运费；船货,freight services,货运公司
clause,klɔz,n. 条款；[计] 子句,A confidentiality clause was added to the contract.,合同中加上了一项保密条款。
curve,kɝv,n. 曲线；弯曲；曲线球；曲线图表；v. 弯；使弯曲；adj. 弯曲的；曲线形的,The curve illustrates costs per capita.,这条曲线显示人均费用。
mechanism,'mɛkənɪzəm,n. 机制；原理，途径；进程；机械装置；技巧,the brake mechanism,刹车装置
ingredient,ɪn'ɡridɪənt,n. 原料；要素；组成部分；adj. 构成组成部分的,Combine all the ingredients in a large bowl.,把所有食材都放在一个大碗里。
disclose,dɪs'kloz,v. 公开；揭露,Some companies have already voluntarily disclosed similar information .,一些公司已经主动透露了类似的信息。
jealous,'dʒɛləs,adj. 妒忌的；猜疑的；唯恐失去的；戒备的,She got insanely jealous and there was a terrible fight.,她变得过分地猜忌，接着是一场激烈的打斗。
plough,plaʊ,v. 犁；耕；n. 犁；耕地（等于plow）,In those days the land was plowed by oxen.,在那个年代是用公牛来犁地的。
opera,'ɑprə,n. 歌剧；歌剧院；歌剧团,We go to the opera (= go to a performance of opera ) regularly.,我们常去听歌剧。
superiority,"su,pɪrɪ'ɔrəti",n. 优越，优势；优越性,Janet always spoke with an air of superiority.,珍妮特说话时总显得盛气凌人。
testify,'tɛstɪfaɪ,v. 证明，证实；作证,Mr Molto has agreed to testify at the trial.,莫尔托先生已经同意出庭作证。
outlet,'aʊtlɛt,n. 出口，排放孔；[电] 电源插座；销路；发泄的方法；批发商店,...the largest retail outlet in the city.,…该市最大的零售专卖店。
stretch,strɛtʃ,"v. 伸展,张开；（大量地）使用，消耗（金钱，时间）；使竭尽所能；使全力以赴；；n. 伸展，延伸","Carl sat up in bed, yawned, and stretched.",卡尔从床上坐起来，打了个呵欠，伸了伸懒 腰。
exposure,ɪk'spoʒɚ,n. 暴露；曝光；揭露；陈列,Exposure to lead is known to damage the brains of young children.,已知接触铅会损害幼童的大脑。
resort,rɪ'zɔrt,n. 凭借，手段；度假胜地；常去之地；v. 求助，诉诸；常去；采取某手段或方法,Lagoon Reef is one of the best resort hotels.,潟湖礁是最好的度假酒店之一。
foremost,'fɔr'most,adj. 最重要的；最先的；adv. 首先；居于首位地,one of the country’s foremost authorities on chemical warfare,该国化学战方面的最高权威之一
immense,ɪ'mɛns,adj. 巨大的，广大的；无边无际的；非常好的,People who travel by rail still read an immense amount.,人们坐火车旅行时仍然会读很多书。
exclusive,ɪk'sklusɪv,adj. 独有的；排外的；专一的；n. 独家新闻；独家经营的项目；排外者,Bel Air is an exclusive suburb of Los Angeles.,贝莱尔是洛杉矶郊外一处高级住宅区。
allege,ə'lɛdʒ,v. 宣称，断言；提出…作为理由,She alleged that there was rampant drug use among the male members of the group.,她指称该组织中有大量的男性成员吸毒。
beam,bim,n. 横梁；光线；电波；船宽；[计量] 秤杆；v. 发送；以梁支撑；用…照射；流露,...high-energy laser beams.,…高能激光束。
dwell,dwɛl,v. 居住；存在于；细想某事,They dwelt in the forest.,他们住在森林里。
phase,fez,n. 月相,We should phase the input and output of the machine.,我们应该使机器的输入功率和输出功率的相位同步。
sociology,",sosɪ'ɑlədʒi",n. 社会学；群体生态学,"Out with every theory of human behavior, from linguistics to sociology.",从语言学、社会学的人类行为原理里解脱吧。
speed,spid,v. 超速，加速；加速，迅速前行；兴隆；n. 速度，速率；迅速，快速；昌盛，繁荣,I got caught speeding on the A40 yesterday.,昨天我在 A40 号干线公路上超速行驶被逮到。
activate,'æktə'vet,v. 刺激；使活动；使活泼；使产生放射性,Cooking fumes may activate the alarm.,烹调时的油烟可能会触发警报器。
regime,re'ʒim,n. 政权，政体；社会制度；管理体制,The regime got rid of most of its opponents.,该政权清除了大多数反对者。
committee,kə'mɪti,n. 委员会,a committee meeting,委员会会议
hostage,'hɑstɪdʒ,n. 人质；抵押品,The group are holding two tourists hostage (= keeping them as hostages ) .,这伙人挟持了两名游客作为人质。
region,'ridʒən,n. 地区；范围；部位,efforts to bring peace to the region,给这个地区带来和平的努力
thrill,θrɪl,n. 激动；震颤；紧张；v. 使…颤动；使…紧张；使…感到兴奋或激动,Winning first place must have been quite a thrill.,赢得第一名肯定让人非常激动。
entitle,ɪn'taɪtl,v. 称做…；定名为…；给…称号；使…有权利,a documentary entitled ‘The Price of Perfection’,一部名为《完美的代价》的纪录片
additional,ə'dɪʃənl,adj. 附加的，额外的,Additional information can be obtained from the centre.,可以从中心获取更多信息。
attendant,ə'tɛndənt,adj. 伴随的；侍候的；n. 服务员，侍者；随员，陪从,"Such patients run an increased probability of hospitalization, with all the attendant costs to the patient and to the health care system that hospitalization entails.",此类患者趋于住院治疗的的几率增加，随之而来的患者和医疗保健系统住院治疗所承担的费用也增加。
scream,skrim,v. 尖叫；呼啸；发出尖锐刺耳的声音；令人触目惊心；n. 尖叫声；尖锐刺耳的声音；极其滑稽可笑的人,"After the first few shots, people started screaming.",几声枪响过后，人们开始尖叫起来。
miserable,'mɪzrəbl,adj. 悲惨的；痛苦的；卑鄙的,I’ve been so miserable since Pat left me.,自从帕特离我而去后，我十分痛苦。
veteran,'vɛtərən,n. 老兵；老手；富有经验的人；老运动员；adj. 经验丰富的；老兵的,a Vietnam veteran,越战老兵
spouse,spaʊs,n. 配偶；vt. 和…结婚,Spouses were invited to the company picnic.,配偶受到邀请参加公司的野餐会。
journey,'dʒɝni,n. 旅行；行程；v. 旅行,the friends they made on the journey,他们在旅途中交下的朋友
stripe,straɪp,n. 条纹，斑纹；种类；v. 加条纹于…,a shirt with black and white stripes,黑白条纹衬衫
harm,hɑrm,n. 伤害；损害；v. 伤害；危害；损害,The scandal did his career a lot of harm.,丑闻对他的职业生涯造成很大损害。
induce,ɪn'dus,v. 诱导；引起；引诱；感应,Patients with eating disorders may use drugs to induce vomiting.,患有进食障碍的人可使用药物催吐。
frighten,'fraɪtn,v. 使惊吓；吓唬…,Don’t stand so near the edge! You’re frightening me.,别站得那么靠边！你要把我吓坏了。
senate,'sɛnət,n. 参议院，上院；（古罗马的）元老院,The Senate is expected to pass the bill shortly.,预计参议院将很快通过这项议案。
thrift,θrɪft,n. 节俭；节约；[植] 海石竹,They were rightly praised for their thrift and enterprise.,他们因勤俭节约和开创精神而受到了应得的表扬。
forum,'fɔrəm,n. 论坛，讨论会；法庭；公开讨论的广场,Members of the council agreed that was an important forum for discussion.,理事会成员们一致认为那是一个用于讨论的重要论坛。
interpret,ɪn'tɝprɪt,v. 说明；口译,"They spoke good Spanish, and promised to interpret for me.",他们西班牙语说得很好，答应替我翻译。
hang,hæŋ,v. 悬挂，垂下；装饰；绞死；使悬而未决；n. 悬挂；暂停，中止,"If he is found guilty, he will almost certainly hang.",如果被判有罪，他几乎肯定会被处以绞刑。
thanksgiving,",θæŋks'ɡɪvɪŋ",n. 感恩,I gather all my thanksgiving and delight into my walking.,我将我所有的感恩和愉悦注入到走路中。
analogy,ə'nælədʒi,n. 类比；类推；类似,The analogy between music and fragrance has stuck.,音乐与香味的类比已经深入人心了。
shell,ʃɛl,n. 壳，贝壳；炮弹；外形；v. 剥落；设定命令行解释器的位置,We ran for cover as shells dropped all around us.,周围炮弹四处飞落，我们奔跑着寻找地方躲避。
shelf,ʃɛlf,n. 架子；搁板；搁板状物；暗礁,shelves of books,一层层书架的书
fork,fɔrk,n. 叉；餐叉；耙；v. 叉起；使成叉状,Put the knives and forks on the table.,把刀叉摆放在桌子上。
hawk,hɔk,v. 兜售，沿街叫卖；捕捉；咳出；n. 鹰；鹰派成员；掠夺他人的人,,
harden,'hɑrdn,v. 变硬，变坚固；变坚强；变冷酷；n. (Harden)人名；(英、德、罗、瑞典)哈登；(法)阿尔当,It will take about 24 hours for the glue to harden.,胶水干透大约需要24小时。
mock,mɑk,n. 英国模拟考试（mocks）；v. 愚弄，嘲弄；adj. 仿制的，模拟的，虚假的，不诚实的,I’m revising for my mocks.,我在复习准备模拟考试。
ballot,'bælət,n. 投票；投票用纸；投票总数；v. 投票；抽签决定,The party leader is elected by secret ballot .,政党领袖是通过无记名投票选举产生的。
strive,straɪv,v. 努力；奋斗；抗争,He strives hard to keep himself very fit.,他努力使自己保持非常的健康。
hate,het,v. 憎恨；厌恶；遗憾；n. 憎恨；反感,Why do you hate me so much?,你为什么那么恨我？
combat,'kɑmbæt,v. 反对；与…战斗；n. 战斗；争论；adj. 战斗的；为…斗争的,We flew over 200 combat missions in the war.,我们在战争中执行过两百多次战斗飞行任务。
moan,mon,v. 抱怨，悲叹；呻吟；n. 呻吟声；悲叹,"‘I feel seasick already,’ she moaned.",“我已经开始晕船了。”她抱怨道。
identical,aɪ'dɛntɪkl,adj. 同一的；完全相同的；n. 完全相同的事物,four identical houses,四幢一模一样的房子
calculate,'kælkjulet,v. 计算；以为；作打算,These instruments calculate distances precisely.,这些仪器计算距离非常精确。
roll,rol,v. 卷；滚动，转动；辗；n. 卷，卷形物；名单；摇晃,His sleeves were rolled above his elbows.,他的袖子卷到了胳膊肘的上面。
partial,'pɑrʃəl,adj. 局部的；偏爱的；不公平的,The exhibition was only a partial success.,那次展会只获得部分成功。
paradox,'pærədɑks,n. 悖论，反论；似非而是的论点；自相矛盾的人或事,It’s a paradox that in such a rich country there can be so much poverty.,在如此富有的国家却有这么多的贫穷现象，真是矛盾。
inquiry,"ɪn'kwaɪri; 'ɪn,kwaɪri; 'ɪnkwəri; 'ɪŋkwaɪri",n. 探究；调查；质询,"On further inquiry, it emerged that Malcolm had not been involved in the incident.",进一步的调查表明，马尔科姆没有参与该事件。
ballet,bæ'le,n. 芭蕾舞剧；芭蕾舞乐曲,We’re going to the ballet tomorrow evening.,我们明天晚上要去看芭蕾舞演出。
precedent,'prɛsɪdənt,n. 先例；前例；adj. 在前的；在先的,a legal precedent,判例
distant,'dɪstənt,adj. 遥远的；冷漠的；远隔的；不友好的，冷淡的,the sound of distant gunfire,远处的炮火声
cottage,'kɑtɪdʒ,n. 小屋；村舍；（农舍式的）小别墅,a country cottage,乡间小屋
classic,'klæsɪk,adj. 经典的；古典的，传统的；最优秀的；n. 名著；经典著作；大艺术家,The Coca-Cola bottle is one of the classic designs of the last century.,可口可乐瓶是上个世纪的经典设计之一。
prominent,'prɑmɪnənt,adj. 突出的，显著的；杰出的；卓越的,a prominent Russian scientist,杰出的俄罗斯科学家
slogan,'slogən,n. 标语；呐喊声,an advertising slogan,一句广告口号
norm,nɔrm,n. 标准，规范,Joyce’s style of writing was a striking departure from the literary norm.,乔伊斯的写作风格与传统的文学风格大相径庭。
administer,əd'mɪnɪstɚ,v. 管理；执行；给予,The money will be administered by local charities.,这笔资金将由当地慈善机构管理。
anonymous,ə'nɑnəməs,adj. 匿名的，无名的；无个性特征的,the anonymous author of a collection of poems,一本诗集的佚名作者
september,sɛp'tɛmbɚ,n. 九月,"Her son, Jerome, was born in September.",她的儿子杰罗姆出生于9月。
classmate,'klæsmet,n. 同班同学,He acquainted his classmate with my sister.,他把我妹妹介绍给他的同班同学。
distribute,dɪ'strɪbjut,v. 分配；散布；分开；把…分类,a man distributing leaflets to passers-by,一个向路人派发传单的男子
remedy,'rɛmədi,v. 补救；治疗；纠正；n. 补救；治疗；赔偿,"To remedy the situation, the water must be chemically treated.",为了改善这种情况，水必须进行化学处理。
faint,fent,adj. 模糊的；头晕的；虚弱的；[医] 衰弱的；v. 昏倒；变得微弱；变得没气力；n. [中医] 昏厥，昏倒,She gave a faint smile.,她淡淡一笑。
bureaucracy,bjʊ'rɑkrəsi,n. 官僚主义；官僚机构；官僚政治,the reduction of unnecessary bureaucracy,消除不必要的官僚体制
citizen,'sɪtɪzn,n. 公民；市民；老百姓,We need our schools to teach students to be good citizens.,我们需要学校把学生培养为好公民。
solidarity,",sɑlɪ'dærəti",n. 团结，团结一致,a gesture of solidarity,团结的表示
mount,maʊnt,v. 增加；爬上；使骑上马；安装，架置；镶嵌，嵌入；准备上演；成立（军队等）；n. 山峰；底座；乘骑用马；攀，登；运载工具；底座,"Tension here is mounting , as we await the final result.",我们等待着最终结果，这里的气氛也越来越紧张。
mobilize,'mobəlaɪz,v. 动员，调动；集合，组织；使…流通；使…松动,an attempt to mobilize popular opinion,鼓动公众舆论的尝试
advent,,n. 到来；出现；基督降临；基督降临节,the advent of the computer,计算机的问世
revolution,'rɛvə'lʊʃən,n. 革命；旋转；运行；循环,the French Revolution of 1789,1789年法国大革命
certificate,"sɚˈtɪfɪkɪt; (for v.,) sɚˈtɪfɪˌket",v. 发给证明书；以证书形式授权给…；用证书批准；n. 证书；执照，文凭,a degree certificate,学位证书
alleviate,ə'livɪ'et,v. 减轻，缓和,measures to alleviate poverty,扶贫措施
nod,nɑd,n. 点头；打盹；摆动；v. 点头；点头表示,The woman greeted us with a nod of the head.,那个女人向我们点点头打招呼。
shield,ʃild,n. 盾；防护物；保护者；v. 遮蔽；包庇；避开；保卫,He used his left hand as a shield against the reflecting sunlight.,他用左手遮挡反射过来的阳光。
tuesday,"ˈtuzdi, -ˌde, ˈtjuz-",n. 星期二,"He phoned on Tuesday, just before you came.",他星期二打了电话，刚好在你来之前。
obstacle,'ɑbstəkl,n. 障碍，干扰；妨害物,The tax puts obstacles in the way of companies trying to develop trade overseas.,这项税收为想在海外发展贸易的公司设置了障碍。
counterpart,'kaʊntɚpɑrt,n. 副本；配对物；极相似的人或物,"As soon as he heard what was afoot, he telephoned his German and Italian counterparts to protest.",他一听到在进行中的事，马上就给德国和意大利相应人员打电话抗议。
opponent,ə'ponənt,n. 对手；反对者；敌手；adj. 对立的；敌对的,Graf’s opponent in today’s final will be Sukova.,格拉芙今天的决赛对手将是苏科娃。
southeast,",saʊθ'ist",adj. 东南的；来自东南的；n. 东南；东南地区；adv. 来自东南,the southeast quarter of the city,该市的东南部
mountain,ˈmaʊntn,n. 山；山脉,the highest mountain in Austria,奥地利最高的山
agreeable,ə'ɡriəbl,adj. 令人愉快的；适合的；和蔼可亲的,We spent a most agreeable couple of hours.,我们非常愉快地度过了几个小时。
possession,pə'zɛʃən,n. 拥有；财产；领地；自制；着迷,That information is not in our possession.,那则信息不归我们所有。
slight,slaɪt,adj. 轻微的，少量的；脆弱的；细长的；不重要的；v. 轻视，忽略；怠慢；n. 怠慢；轻蔑,a slight improvement,些许的改进
dilute,daɪ'l(j)ut,adj. 稀释的；淡的；v. 稀释；冲淡；削弱,dilute hydrochloric acid,稀盐酸
poke,pok,v. 刺，捅；戳；伸出；刺探；闲荡；n. 戳；刺；袋子；懒汉,One of the nurses poked her head around the door.,其中一名护士从门里探出头来。
sake,[sek],n. 目的；利益；理由；日本米酒,,
retire,rɪ'taɪɚ,v. 退休；撤退；退却；n. 退休；退隐；退兵信号,"At the age when most people retire, he is ready to face a new career.",在大多数人退休的年纪，他准备要面对一项新事业。
erroneous,ɪ'ronɪəs,adj. 错误的；不正确的,His economic predictions are based on some erroneous assumptions.,他的经济预测是基于错误假设之上的。
coupon,'kupɑn,n. 息票；赠券；联票；[经] 配给券,The coupon entitles you to ten cents off your next purchase.,这张优惠券可以让你在下次购物时节省10分钱。
curb,kɝb,n. 抑制；路边；勒马绳；v. 控制；勒住,measures to curb the spread of the virus,控制病毒扩散的措施
museum,mju'ziəm,n. 博物馆,the Museum of Modern Art,现代艺术博物馆
proficiency,prə'fɪʃənsi,n. 精通，熟练,I brought her proficiency up to the required level.,我把她的熟练程度提高到所规定的水平。
unexpected,'ʌnɪk'spɛktɪd,adj. 意外的，想不到的,The experiment produced some unexpected results.,这次试验产生了一些意想不到的结果。
decorate,'dɛkəret,v. 装饰；布置；授勋给,Children’s pictures decorated the walls of the classroom.,教室的墙上装点着儿童画。
integrity,ɪn'tɛɡrəti,n. 完整；正直；诚实；廉正,the territorial integrity of the country,国家的领土完整
fragile,'frædʒəl,adj. 脆的；易碎的,Be careful with that vase – it’s very fragile.,小心那只花瓶——很容易打碎的。
prestige,prɛ'stidʒ,n. 威望，声望；声誉,The king wanted to enhance his prestige through war.,国王想通过战争来提高自己的威信。
assure,ə'ʃʊr,v. 保证；担保；使确信；弄清楚,"The document is genuine, I can assure you .",我能向你保证，这文件是真的。
excitement,ɪk'saɪtmənt,n. 兴奋；刺激；令人兴奋的事物,We were both new to the excitements of life in the big city.,我们俩都是初次感受大城市多姿多彩的生活。
predecessor,'prɛdəsɛsɚ,n. 前任，前辈,Kennedy’s predecessor as President was the war hero Dwight Eisenhower.,肯尼迪总统的前任是战争英雄德怀特·艾森豪威尔。
drawback,'drɔbæk,n. 缺点，不利条件；退税,It’s a great city – the only drawback is the weather.,这是座很不错的城市，唯一的不足就是天气。
affirm,ə'fɝm,v. 肯定；断言,The general affirmed rumors of an attack.,将军证实了袭击的传闻。
underlie,",ʌndɚ'laɪ",v. 成为……的基础；位于……之下,the one basic principle that underlies all of the party’s policies,贯穿该党各项政策的那一条基本原则
fade,fed,v. 褪色；凋谢；逐渐消失；adj. 平淡的；乏味的；n. [电影][电视] 淡出；[电影][电视] 淡入,Hopes of a peace settlement are beginning to fade.,达成和平协议的希望日渐渺茫。
plausible,'plɔzəbl,adj. 貌似可信的，花言巧语的；貌似真实的，貌似有理的,His story certainly sounds plausible.,他的叙述听上去当然很合理。
snack,snæk,n. 小吃，快餐；一份，部分；v. 吃快餐，吃点心,I grabbed a quick snack.,我赶紧吃了点零食。
preference,'prɛfrəns,n. 偏爱，倾向；优先权,Do you have a colour preference ?,你有什么颜色上的偏好吗？
seize,siz,v. 抓住；夺取；理解；逮捕,Suddenly he seized my hand.,他突然抓住我的手。
rake,rek,v. 搜索；用耙子耙；掠过，擦过；n. 耙子；斜度；钱耙；放荡的人，浪子,The searchlight raked the open ground around the prison.,探照灯在监狱周围的空地上来回扫射。
inherent,ɪn'hɪrənt,adj. 固有的；内在的；与生俱来的，遗传的,Every business has its own inherent risks.,每笔生意本身都有风险。
dispute,'dɪs'pjʊt,v. 辩论；怀疑；阻止；抗拒；n. 辩论；争吵,What happened next is hotly disputed .,关于后来发生了什么，争论很激烈。
emigrate,'ɛmɪɡret,v. 移居；移居外国,He emigrated to Belgium.,他移民去了比利时。
vicious,'vɪʃəs,adj. 恶毒的；恶意的；堕落的；有错误的；品性不端的；剧烈的；n. (Vicious)人名；(英)维舍斯,Sarah can be quite vicious at times.,萨拉有时相当狠毒。
exotic,ɪɡ'zɑtɪk,adj. 异国的；外来的；异国情调的,exotic birds,外国的奇异鸟类
realistic,",riə'lɪstɪk",adj. 现实的；现实主义的；逼真的；实在论的,Is this a realistic target?,这个目标能够实现吗？
muscular,'mʌskjəlɚ,adj. 肌肉的；肌肉发达的；强健的,"She was fast and strong, with a slender, muscular body.",她动作敏捷，身体强壮，身材苗条，肌肉结实。
farther,'fɑrðɚ,adv. 更远地；此外；更进一步地；adj. 进一步的；更远的（far的比较级）,We decided not to go any farther.,我们决定不再往前走了。
waste,west,n. 浪费；废物；荒地；损耗；地面风化物；v. 浪费；消耗；使荒芜；adj. 废弃的；多余的；荒芜的,excessive waste in state spending,政府支出方面的过度浪费
cricket,'krɪkɪt,n. 板球，板球运动；蟋蟀,,
preach,pritʃ,v. 说教；讲道；鼓吹；传道；反复灌输；n. 说教,"He traveled the southern states, preaching the gospel .",他游历南方各州宣讲福音。
grieve,griv,v. 使悲伤，使苦恼；n. (Grieve)人名；(英)格里夫,"My aunt, it grieves me to say, gets things confused.",我的姑妈，说起来我很难过，她有点颠三倒四的。
bruise,bruz,n. 擦伤；挫伤；青肿；v. 使受瘀伤；使受挫伤,minor cuts and bruises,轻微的伤口和淤青
daytime,'detaɪm,n. 日间，白天,Can I take your daytime telephone number (= the number of the telephone you use during the day ) ?,你能把你的日间电话号码给我吗？
fame,fem,n. 名声，名望；传闻，传说；vt. 使闻名，使有名望,He claims he is not really interested in fame.,他称自己对出名真的没有兴趣。
terrific,tə'rɪfɪk,adj. 极好的；极其的，非常的；可怕的,That’s a terrific idea!,这个主意真棒！
embed,ɪm'bɛd,v. 栽种；使嵌入，使插入；使深留脑中,One of the bullets passed through Andrea's chest before embedding itself in a wall.,其中一颗子弹穿过安德烈亚的胸膛然后嵌入一面墙中。
nowadays,'naʊədez,adv. 现今；时下；n. 当今,Nowadays people are rarely shocked by the sex they see on television.,如今人们在电视上看见性爱镜头不太会感到吃惊了。
efficient,ɪ'fɪʃnt,adj. 有效率的；有能力的；生效的,a very efficient secretary,效率高的秘书
officer,'ɔfɪsɚ,n. 军官，警官；公务员，政府官员；船长；v. 指挥,a commanding officer of the SAS,英国空军特种部队的一名指挥官
external,ɪk'stɝnl,adj. 外部的；表面的；[药] 外用的；外国的；外面的；n. 外部；外观；外面,the external appearance of the building,大楼的外观
surge,sɝdʒ,n. 汹涌；大浪，波涛；汹涌澎湃；巨涌；v. 汹涌；起大浪，蜂拥而来,a device that protects your computer against electrical surges,一台计算机电涌保护设备
faculty,'fæklti,n. 科，系；能力；全体教员,Both faculty and students oppose the measures.,教师和学生都反对这些措施。
depart,dɪ'pɑrt,v. 离开；出发，起程；违反；去世；adj. 逝世的,Flights by Air Europe depart Gatwick on Tuesdays.,欧洲航空公司的航班每逢周二从盖特威克机场起飞。
liberate,'lɪbə'ret,v. 解放；放出；释放,"A few days later, our armies liberated the city.",几天以后，我军解放了这座城市。
register,'rɛdʒɪstɚ,v. 登记；注册；记录；挂号邮寄；把…挂号；正式提出；n. 登记；注册；记录；寄存器；登记簿,The tanker is registered in Rotterdam.,这艘油轮是在鹿特丹登记的。
incur,ɪn'kɝ,v. 招致，引发；蒙受,The government had also incurred huge debts.,政府也已承受了大笔债务。
comfort,'kʌmfɚt,n. 安慰；舒适；安慰者；v. 安慰；使（痛苦等）缓和,"I dress for comfort, not fashion.",我穿衣服只讲舒服，不追求时髦。
coincide,",koɪn'saɪd",v. 一致，符合；同时发生,"When our vacations coincided, we often holidayed together.",我们的假期要是凑巧赶在一起，我们常常会一同去度假。
fate,fet,n. 命运；v. 注定,I wouldn’t wish such a fate on my worst enemy.,就算是我不共戴天的仇敌，我也不希望他遭遇这样的命运。
software,'sɔftwɛr,n. 软件,She loaded the new software .,她给电脑装上新的软件。
farm,fɑrm,v. 种田，务农；经营农场；n. 农场；农家；畜牧场,The family has farmed here for generations.,这家人世代在此务农。
lag,læɡ,n. 落后；迟延；防护套；囚犯；桶板；v. 落后于；押往监狱；加上外套；adj. 最后的,We’ve had the hot-water tank lagged.,我们已给热水箱加上了保温外罩。
constant,'kɑnstənt,adj. 不变的；恒定的；经常的；n. [数] 常数；恒量,There was a constant stream of visitors to the house.,参观这幢房子的游客川流不息。
april,'eprəl,n. 四月,The changes will be introduced in April.,这些变更将于4月实施。
amiable,'emɪəbl,adj. 和蔼可亲的，亲切的；n. (Amiable)人名；(法)阿米亚布勒；(英)阿米娅布尔,The driver was an amiable young man.,司机是位友善的年轻人。
worthwhile,'wɝθ'waɪl,adj. 值得做的，值得花时间的,He wanted to do a worthwhile job.,他想做有意义的工作。
departure,dɪ'pɑrtʃɚ,n. 离开；出发；违背,There are several departures for New York every day.,每天有好几个班次去纽约。
shoot,ʃut,v. 射击，射中；拍摄；发芽；使爆炸；给…注射；n. 射击；摄影；狩猎；急流,Police shot one suspect when he pulled a gun on them.,警方在一名嫌疑人拔枪指着他们时击毙了他。
virtual,[ˈvɜ:rtʃuəl],adj. [计] 虚拟的；实质上的，事实上的（但未在名义上或正式获承认）,The website allows you to take a virtual tour of the art gallery.,这个网站可让你对美术馆作一番虚拟参观。
preceding,'prisidɪŋ,adj. 在前的；前述的；v. 在之前（precede的ing形式）,"As we saw in the preceding chapter, groups can be powerful agents of socialization.",如我们在前一章所见，团组可以是社会化的有力动因。
dangerous,'dendʒərəs,adj. 危险的,laws about dangerous dogs,有关危险犬类的法律
stroll,strol,n. 漫步；闲逛；巡回演出；v. 散步；闲逛；巡回演出,,
carve,kɑrv,v. 雕刻；切开；开创；n. (Carve)人名；(西、瑞典)卡韦,carved wooden chairs,木雕椅子
vocation,vo'keʃən,n. 职业；天职；天命；神召,Her vocation is her work as an actress.,她适合的职业就是当演员。
loyal,'lɔɪəl,adj. 忠诚的，忠心的；忠贞的；n. 效忠的臣民；忠实信徒,a loyal supporter of the team,球队的忠实支持者
depth,dɛpθ,n. [海洋] 深度；深奥,Astronomers may one day travel to the depths of space.,天文学家也许有一天可以到太空深处去。
discourage,dɪs'kɝɪdʒ,v. 阻止；使气馁,Aspirin may discourage tumour growth in some types of cancer.,阿司匹林可能遏制某些恶性肿瘤的生长。
intricate,'ɪntrɪkət,adj. 复杂的；错综的，缠结的,intricate patterns,繁复的图案
motivate,'motə'vet,v. 刺激；使有动机；激发…的积极性,Was he motivated solely by a desire for power?,他只是受到权欲的驱使吗？
rigorous,'rɪɡərəs,adj. 严格的，严厉的；严密的；严酷的,a rigorous analysis of defence needs,对国防需求的缜密分析
bachelor,'bætʃəlɚ,n. 学士；单身汉；（尚未交配的）小雄兽,"Gerald was 38, and a confirmed bachelor (=  a man who has decided that he will never marry  ) .",杰拉德38岁，抱定主意独身。
taxi,'tæksi,v. 乘出租车；滑行；n. 出租汽车,The plane taxied to a halt.,飞机滑行一段距离后停下来。
inhabitant,ɪn'hæbɪtənt,n. 居民；居住者,a city of six million inhabitants,有600万居民的城市
parachute,'pærə'ʃʊt,n. 降落伞；v. 跳伞,a parachute jump,跳伞
battle,'bætl,n. 战役；斗争；v. 斗争；作战,the Battle of Trafalgar,特拉法尔加战役
dental,'dɛntl,adj. 牙科的；牙齿的，牙的；n. 齿音,"Good oral hygiene and regular dental care are important, whatever your age.",无论年龄大小，良好的口腔卫生和定期的牙齿保健都非常重要。
fabric,'fæbrɪk,n. 织物；布；组织；构造；建筑物,our new range of fabrics and wallpapers,我们新的织物和墙纸系列
bait,bet,v. 引诱；在…中放诱饵；折磨；n. 饵；诱饵,He baited his hook with pie.,他把馅饼放在钓钩上作饵。
logical,'lɑdʒɪkl,adj. 合逻辑的，合理的；逻辑学的,"It’s a logical site for a new supermarket, with the housing development nearby.",附近有住宅区，新的超级市场选址在此是合情合理的。
straightforward,",stret'fɔrwɚd",adj. 简单的；坦率的；明确的；径直的；adv. 直截了当地；坦率地,This area of law is far from straightforward (= complicated ) .,法律的这个领域很复杂。
prison,'prɪzn,n. 监狱；监禁；拘留所；vt. 监禁，关押,He visits his dad in prison every week.,他每周都去探望狱中的父亲。
junior,'dʒunɪɚ,adj. 年少的；后进的；下级的；n. 年少者，晚辈；地位较低者；大学三年级学生,the junior football club,青少年足球俱乐部
season,'sizn,n. 时期；季节；赛季；v. 给…调味；使适应,the effect on plants as the seasons start to change,换季对植物的影响
adjoin,ə'dʒɔɪn,v. 毗连，邻接,A vacant plot of land adjoins his house.,有一块空地紧挨着他家。
participate,pɑr'tɪsə'pet,v. 参与，参加；分享,Some members refused to participate.,有些会员拒绝参加。
parcel,'pɑrsl,n. 包裹，小包；v. 打包；捆扎,The parcel was delivered last week.,那个邮包上周送到了。
brow,braʊ,n. 眉，眉毛；额；表情,He wiped his brow with the back of his hand.,他用手背擦了擦额头。
introduction,",ɪntrə'dʌkʃən",n. 介绍；引进；采用；入门；传入,"The book is a friendly, down-to-earth introduction to physics.",这是一本简明、实用的物理学入门书。
mad,mæd,adj. 疯狂的；发疯的；愚蠢的；着迷的；n. 狂怒,He can’t possibly get that finished in time. He must be mad !,他不可能按时完成的。他一定是疯了！
spite,spaɪt,n. 不顾；恶意；怨恨；v. 刁难；使恼怒,We went out in spite of the rain.,尽管下着雨，我们还是出去了。
balance,'bæləns,n. 平衡；余额；匀称；v. 使平衡；结算；使相称,I lost my balance and fell on my face.,我失去平衡，脸着地摔倒了。
seldom,'sɛldəm,adv. 很少，不常,Karen had seldom seen him so angry.,卡伦很少见他这么生气过。
inferior,ɪn'fɪrɪɚ,adj. 差的；自卑的；下级的，下等的；n. 下级；次品,I felt very inferior among all those academics.,与那些大学教师在一起，我自惭形秽。
sovereign,sɑvrɪn,adj. 至高无上的；有主权的；拥有最高统治权的；不折不扣的；极好的；n. 君主；独立国；最高统治者,Lithuania and Armenia signed a treaty in Vilnius recognizing each other as independent sovereign states.,立陶宛和亚美尼亚在维尔纽斯签订了一份互相承认各自为独立主权国家的协定。
employment,ɪm'plɔɪmənt,n. 使用；职业；雇用,She was offered employment in the sales office.,她获聘在销售部工作。
heritage,'hɛrɪtɪdʒ,n. 遗产；传统；继承物；继承权,the importance of preserving the national heritage,保护民族遗产的重要性
gene,dʒin,n. [遗] 基因，遗传因子,human genes,人类基因
toast,tost,n. 干杯；烤面包；接受敬酒的人；（在某领域）广受赞誉的人；v. 向…祝酒，为…干杯,I had a piece of toast for breakfast.,我早饭吃了一片吐司。
weird,wɪrd,adj. 怪异的；不可思议的；超自然的；n. （苏格兰）命运；预言,A really weird thing happened last night.,昨晚发生了一件非常奇怪的事。
internal,ɪn'tɝnl,adj. 内部的；内在的；国内的,We have no interest in interfering in the internal affairs of other countries.,我们对干涉其他国家内政不感兴趣。
subsequent,'sʌbsɪkwənt,adj. 后来的，随后的,These skills were passed on to subsequent generations.,这些技能代代相传。
humiliate,hju'mɪlɪet,v. 羞辱；使…丢脸；耻辱,Her boss humiliated her in front of all her colleagues.,她的老板在所有同事面前羞辱了她。
inherit,ɪn'hɛrɪt,v. 继承；遗传而得,inherited wealth,继承的财富
compel,kəm'pɛl,v. 强迫，迫使；强使发生；n. (Compel)人名；(法)孔佩尔,His performance compelled the audience’s attention .,他的表演吸引了观众的注意力。
appetite,'æpɪtaɪt,n. 食欲；嗜好,Her husband always had a huge appetite.,她丈夫向来胃口极大。
compose,kəm'poz,v. 构成；写作；使平静；排…的版,Barrington has composed the music for a new production of ‘A Midsummer Night’s Dream’.,巴林顿为新版的《仲夏夜之梦》谱了曲。
frank,fræŋk,adj. 坦白的，直率的；老实的；n. 免费邮寄特权；v. 免费邮寄,"To be perfectly frank, I think it’s a bad idea.",老实说，我认为这个主意不好。
equation,ɪ'kweʒn,n. 方程式，等式；相等；[化学] 反应式,"In the equation 2x + 1 = 7, what is x?",在方程式2x+1=7中，x的值为多少？
asleep,ə'slip,adj. 睡着的；麻木的；长眠的；adv. 熟睡地；进入睡眠状态,Quiet! The baby’s asleep.,安静！ 宝宝在睡觉。
essence,'ɛsns,n. 本质，实质；精华；香精,In essence his message was very simple.,实质上他想表达的意思很简单。
substitute,'sʌbstɪtut,n. 代用品；代替者；v. 替代,Germany brought on a substitute at half time.,德国队在比赛半场时换上一名替补队员。
harsh,hɑrʃ,adj. 严厉的；严酷的；刺耳的；粗糙的；刺目的；n. (Harsh)人名；(英)哈什,the harsh measures taken against the protesters,针对抗议者采取的严厉措施
maintenance,'mentənəns,n. 维护，维修；保持；生活费用,the cost of repairs and maintenance,维修保养费
weigh,weɪ,v. 权衡；考虑；称…重量；n. 权衡；称重量,The young birds weigh only a few grams.,雏鸟重量只有几克。
repel,rɪ'pɛl,v. 击退；抵制；使厌恶；使不愉快,The smell repelled him.,这气味让他反感。
globe,ɡlob,n. 地球；地球仪；球体；vt. 使…成球形；vi. 成球状,We export our goods all over the globe.,我们的商品出口到世界各地。
excite,ɪk'saɪt,v. 激起；刺激…，使…兴奋,"His playing is technically brilliant, but it doesn’t excite me.",他的演奏技巧娴熟，但并不让我激动。
mammal,'mæml,n. [脊椎] 哺乳动物,A whale is a kind of mammal.,鲸是一种哺乳动物。
launch,lɔntʃ,v. 发射（导弹、火箭等）；发起，发动；使…下水；n. 发射；发行，投放市场；下水；汽艇,"The organization has launched a campaign to raise $150,000.",为了筹集15万美元，该组织发起了一场募捐活动。
pronounce,prə'naʊns,v. 发音；宣判；断言,The scheme was pronounced a failure.,该方案宣告失败。
prevalent,'prɛvələnt,adj. 流行的；普遍的，广传的,the prevalent belief in astrology,对占星术的普遍相信
temperament,'tɛmprəmənt,n. 气质，性情，性格；急躁,His impulsive temperament regularly got him into difficulties.,他容易冲动的性格经常使他陷入困境。
filter,'fɪltɚ,v. 滤过；渗入；慢慢传开；n. 滤波器；[化工] 过滤器；筛选；滤光器,The water in the tank is constantly filtered.,鱼缸里的水在不停地被过滤。
constituent,kən'stɪtʃuənt,n. 成分；选民；委托人；adj. 构成的；选举的,He told his constituents that he would continue to represent them to the best of his ability.,他告诉他的选民们他会继续竭尽所能代表他们。
undertake,",ʌndɚ'tek",v. 承担，保证；从事；同意；试图,He undertook to pay the money back in six months.,他保证在六个月之内还钱。
sharp,ʃɑrp,adj. 急剧的；锋利的；强烈的；敏捷的；刺耳的；adv. 急剧地；锐利地；突然地；n. 尖头；骗子；内行；vt. 磨快；把音调升高；vi. 打扮；升音演奏,Make sure you use a good sharp knife.,你一定要用锋利的好刀。
shock,ʃɑk,n. 休克；震惊；震动；打击；禾束堆；v. 使休克；使震惊；使震动；使受电击；把…堆成禾束堆；adj. 浓密的；蓬乱的,She was shaking with shock and humiliation.,她又是震惊，又是羞辱，身体直发抖。
hedge,hɛdʒ,v. 用树篱笆围住；避免作正面答复；n. 对冲，套期保值；树篱；障碍,You’re hedging again - have you got the money or haven’t you?,你又在闪烁其词了，你究竟有没有钱？
decisive,dɪ'saɪsɪv,adj. 决定性的；果断的，坚定的,a decisive leader,果断的领袖
pharmacy,'fɑrməsi,n. 药房；配药学，药剂学；制药业；一批备用药品,an all-night pharmacy,通宵药店
zoom,zum,n. 急速上升；嗡嗡声；[摄] 变焦摄影；v. 急速上升；摄像机移动,,
treason,'trizn,n. [法] 叛国罪；不忠,The defendant was convicted of high treason (= treason of the worst kind ) and sentenced to death.,被告被判犯有严重叛国罪，并处以死刑。
astronaut,'æstrə'nɔt,n. 宇航员，航天员；太空旅行者,,
fertilizer,'fɝtəlaɪzɚ,n. [肥料] 肥料；受精媒介物；促进发展者,"...farming without any purchased chemical, fertilizer or pesticide.",…不使用任何购买的化学品、肥料或杀虫剂的耕作。
cripple,'krɪpl,v. 削弱；使跛；使残废；n. 跛子；残废；adj. 跛的；残废的,She was crippled in a car accident.,她在一次车祸中成了瘸子。
slope,slop,n. 斜坡；倾斜；斜率；扛枪姿势；v. 倾斜；逃走,a steep slope,陡坡
degenerate,dɪ'dʒɛnəret,v. 使退化；恶化；adj. 退化的；堕落的；n. 堕落的人,"Inactivity can make your joints stiff, and the bones may begin to degenerate.",不活动会使关节僵硬，骨骼因此可能会开始退化。
ribbon,'rɪbən,n. 带；缎带；（勋章等的）绶带；带状物；勋表；vi. 形成带状；vt. 把…撕成条带；用缎带装饰,little girls with ribbons in their hair,头发上系着丝带的小姑娘们
cage,kedʒ,n. 笼，兽笼；牢房，监狱；v. 把…关进笼子；把…囚禁起来,I hate to see birds in cages.,我不喜欢看到鸟在笼子里。
jet,dʒɛt,n. 喷射，喷嘴；喷气式飞机；黑玉；adj. 墨黑的；v. 射出,He owns a private jet.,他拥有一架私人喷气式飞机。
alternate,'ɔltɚnət,v. 交替；轮流；adj. 交替的；轮流的；n. 替换物,The two patterns alternate over periods of two to seven years in the tropical Pacific.,在热带的太平洋地区，这两种现象的交替周期超过了两到七年。
gasoline,'gæsəlin,n. 汽油,A gasoline engine drives the motorboat.,汽油引擎推动汽船。
heel,hil,n. 脚后跟；踵；v. 倾侧,black boots with high heels,有高跟的黑靴子
sleeve,sliv,n. [机] 套筒，[机] 套管；袖子，[服装] 袖套；vt. 给……装袖子；给……装套筒,a dress with long sleeves,长袖连衣裙
dawn,dɔn,n. 黎明；开端；v. 破晓；出现；被领悟,"When dawn broke (= the first light of the day appeared ) , we were still 50 miles from Calcutta.",破晓的时候，我们离加尔各答还有50英里。
scrape,skrep,n. 刮掉；擦痕；困境；刮擦声；v. 刮；擦伤；挖成,I came away from the accident with only cuts and scrapes.,这次事故我只受了点皮外伤。
stadium,'stedɪəm,n. 体育场；露天大型运动场,the new Olympic Stadium,新的奥林匹克体育场
forbid,fɚ'bɪd,v. 禁止；不准；不允许；〈正式〉严禁,Lack of space forbids listing the names of all those who contributed.,由于篇幅限制，无法列出所有捐款人的姓名。
tomb,tum,n. 坟墓；死亡；vt. 埋葬,the family tomb,家族坟墓
irrespective,",ɪrɪ'spɛktɪv",adj. 无关的；不考虑的；不顾的,The modularity system can then match you with what you need irrespective of which module provides it.,模块化系统可以很好地匹配您的需求，而不需要考虑是哪个模块提供的。
dissipate,'dɪsɪpet,v. 浪费；使…消散,"As he thought it over, his anger gradually dissipated.",他想明白后，怒气就渐渐消了。
accordingly,ə'kɔrdɪŋli,adv. 因此，于是；相应地；照著,Katherine still considered him a child and treated him accordingly.,凯瑟琳仍旧把他当作小孩子，像对待小孩子一样对他。
imaginary,ɪ'mædʒɪnɛri,adj. 虚构的，假想的；想像的；虚数的,"As she listened, she played an imaginary piano on her knees.",她边听边在膝盖上作弹钢琴状。
spectator,'spɛktetɚ,n. 观众；旁观者,"The match attracted over 40,000 spectators.",这场比赛吸引了四万多名观众。
drawing,'drɔɪŋ,n. 图画；牵引；素描术；v. 绘画；吸引（draw的ing形式）；拖曳,I’ve never been very good at drawing.,我向来不擅长画图。
drip,drɪp,v. 滴下；充满；漏下；n. 水滴，滴水声；静脉滴注；使人厌烦的人,The tap’s dripping .,水龙头在滴水。
aesthetic,ɛs'θɛtɪk,adj. 美的；美学的；审美的，具有审美趣味的,"From an esthetic point of view, it’s a nice design.",从美学角度看，这是个不错的设计。
grey,ɡre,adj. 灰色的；灰白的；v. 使变成灰色；使变老；n. 灰色,an old lady with grey hair,头发灰白的老太太
pity,'pɪti,n. 怜悯，同情；遗憾；v. 对……表示怜悯；对……感到同情,It’s a great pity Joyce wasn’t invited.,乔伊斯没有受到邀请太遗憾了。
grope,ɡrop,v. 摸索；探索；n. 摸索；触摸,"With his left hand he groped for the knob, turned it, and pulled the door open.",他用左手摸索到门把手，转动把手，把门拉开。
erupt,ɪ'rʌpt,v. 爆发；喷出；发疹；长牙,Violence erupted after police shot a student during the demonstration.,警察向示威人群中的一名学生开枪，暴乱随之发生。
situated,'sɪtʃuetɪd,adj. 位于…的；处于…境遇的；v. 使位于；使处于（situate的过去分词）,His hotel is situated in one of the loveliest places on the Loire.,他的旅馆坐落在卢瓦尔的一个最优美的地方。
expertise,'ɛkspɝ'tiz,n. 专门知识；专门技术；专家的意见,She was not an accountant and didn't have the expertise to verify all of the financial details.,她不是会计，不具有核查所有这些财政细目的专业知识。
legend,'lɛdʒənd,n. 传奇；说明；图例；刻印文字,Local legend has it that (= says that ) the island was the original Garden of Eden.,当地传说这个岛就是伊甸园的原型。
safeguard,'sefɡɑrd,n. [安全] 保护；保卫；保护措施；v. [安全] 保护，护卫,International safeguards prevent the increase of nuclear weapons.,国际安全条约防止核武器数量增加。
rectify,'rɛktɪfaɪ,v. 改正；精馏；整流,Only an act of Congress could rectify the situation.,只有国会的法案才能扭转这种局面。
library,laɪˌbrɛrɪ,n. 图书馆，藏书室；文库,a public library,公共图书馆
medieval,",midɪ'ivəl",adj. 中世纪的；原始的；仿中世纪的；老式的,These spices were first brought to Italy from the East in medieval times.,这些香料最早是在中世纪时从东方被带到了意大利。
zone,zon,n. 地带；地区；联防；v. 分成区,San Francisco and Tokyo are both located in earthquake zones.,旧金山和东京都位于地震带。
basin,'besn,n. 水池；流域；盆地；盆,a wash basin,洗脸盆
paradigm,'pærə'daɪm,n. 范例；词形变化表,...a new paradigm of production.,…一种新的生产范例。
entity,'ɛntəti,n. 实体；存在；本质,The mind exists as a separate entity.,思想作为一个独立的实体存在。
echo,'ɛko,v. 反射；重复；n. 回音；效仿,"‘You bet,’ she said, echoing his words.",“当然啦。她重复着他的话。
civilian,sə'vɪlɪən,adj. 民用的；百姓的，平民的；n. 平民，百姓,...the country's civilian population.,…这个国家的平民人口。
plaster,'plæstɚ,n. 石膏；灰泥；膏药；v. 减轻；粘贴；涂以灰泥；敷以膏药；使平服,She gets sunburned even when she plasters herself from head to toe in factor 7 sun lotion.,即使她从头到脚涂抹上防晒系数是7的防晒霜，她也会被晒伤。
jam,dʒæm,n. 果酱；拥挤；困境；扣篮；v. 使堵塞；挤进，使塞满；混杂；压碎,strawberry jam,草莓酱
guilt,ɡɪlt,n. 犯罪，过失；内疚,"He used to buy them expensive presents, out of guilt.",出于内疚，他以前总是给他们买昂贵的礼物。
reciprocal,rɪ'sɪprəkl,adj. 互惠的；相互的；倒数的，彼此相反的；n. [数] 倒数；互相起作用的事物,He spoke of the necessity for a reciprocal relationship that would be useful for all sides.,他谈及需要建立对各方都有益的互惠关系。
alongside,ə'lɔŋ'saɪd,adv. 在旁边；prep. 在……旁边,A car drew up alongside .,一辆车在旁边停了下来。
verge,vɝdʒ,v. 濒临，接近；处在边缘；n. 边缘,to verge on chaos,
renovate,'rɛnəvet,v. 更新；修复；革新；刷新,The hotel has been renovated and redecorated.,酒店已经翻新，并重新装饰。
automatic,'ɔtə'mætɪk,adj. 自动的；无意识的；必然的；n. 自动机械；自动手枪,an automatic weapon,自动武器
resist,rɪ'zɪst,v. 抵抗，抗拒；忍耐；n. [助剂] 抗蚀剂；防染剂,He resisted pressure to resign.,他顶住压力，没辞职。
heir,ɛr,n. [法] 继承人；后嗣；嗣子,Jonson was his political heir as leader of the party.,琼森是他的政治接班人，他将担任该党派的领袖。
timid,'tɪmɪd,adj. 胆小的；羞怯的,I was a timid child.,我曾是个胆小的孩子。
shampoo,ʃæm'pu,n. 洗发；洗发精；v. 洗发,What kind of shampoo do you use?,你用的是哪种洗发水？
mistress,'mɪstrəs,n. 情妇；女主人；主妇；女教师；女能人,The Prince had shocked society by living openly with his mistress.,王子和他的情妇公开同居，让社会大为震惊。
seminar,'sɛmɪnɑr,n. 讨论会，研讨班,a Shakespeare seminar,莎士比亚研讨班
weary,'wɪri,adj. 疲倦的；厌烦的；令人厌烦的；v. 疲倦；厌烦,"She found Rachel in the kitchen, looking old and weary.",她发现雷切尔在厨房里，看上去苍老而疲惫。
contradict,'kɑntrə'dɪkt,v. 反驳；否定；与…矛盾；与…抵触,"Deborah opened her mouth to contradict, but closed it again.",黛博拉张口想要反驳，但又把嘴闭上了。
barber,'bɑrbɚ,v. 为…理发；修整；n. 理发师,"My father marched me over to Otto, the local barber, to have my hair cut short.",爸爸把我拽到当地理发师奥托跟前，让他把我的头发剪短。
brass,bræs,n. 黄铜；黄铜制品；铜管乐器；厚脸皮,an old brass bedstead,老式黄铜床架
raw,rɔ,adj. 生的；未加工的；阴冷的；刺痛的；擦掉皮的；无经验的；（在艺术等方面）不成熟的；n. 擦伤处；vt. 擦伤,raw meat,生肉
prophet,'prɑfɪt,n. 先知；预言者；提倡者,the prophet Elijah,先知以利亚
deduct,dɪ'dʌkt,v. 扣除，减去；演绎,The company deducted this payment from his compensation.,公司从他的补偿金中扣除了这笔款项。
rap,ræp,v. 抢走；轻敲；敲击致使；使着迷；n. 轻敲,She was woken by a sharp rap on the door.,她被一阵急促的敲门声惊醒。
twin,twɪn,v. 使成对；n. 双胞胎中一人；adj. 双胞胎的,The twins are now eight months old.,这对双胞胎现在已经八个月大了。
ruthless,'rʊθləs,adj. 无情的，残忍的,a ruthless dictator,无情的独裁者
treasure,'trɛʒɚ,n. 财富，财产；财宝；珍品；v. 珍爱；珍藏,The Book of Kells is Trinity College’s greatest treasure.,《凯尔经》是三一学院的镇院之宝。
repression,rɪ'prɛʃən,n. 抑制，[心理] 压抑；镇压,"{""COLLOINEXA"":[""sexual repression""]}",性压抑
peasant,'pɛznt,n. 农民；乡下人,Most villagers are peasant farmers.,大多数村民是农民。
axis,'æksɪs,n. 轴；轴线；轴心国,The Earth rotates on an axis between the north and south poles.,地球绕着南北两极之间的地轴自转。
cellar,'sɛlɚ,n. 地窖；酒窖；地下室；vt. 把…藏入地窖,a coal cellar,煤窖
magnitude,'mæɡnɪtud,n. 大小；量级；[地震] 震级；重要；光度,an increase of this order of magnitude,如此大幅度的增长
orthodox,'ɔrθədɑks,adj. 正统的；传统的；惯常的；东正教的；n. 正统的人；正统的事物,orthodox medical treatments,传统疗法
peach,pitʃ,n. 桃子；桃树；桃红色；受人喜欢的人（或物）；adj. 桃色的；用桃子制成的；v. 告密,Anderton scored a peach of a goal.,安德顿射入一个好球。
adjective,'ædʒɪktɪv,adj. 形容词的；从属的；n. 形容词,In “the black cat” the adjective “black”modifies the noun “cat”.,在“那只黑猫”中，形容词“黑的”修饰名词“猫”。
biscuit,'bɪskɪt,n. 小点心，饼干,a packet of chocolate biscuits,一包巧克力饼干
wicked,'wɪkɪd,adj. 邪恶的；恶劣的；不道德的；顽皮的,the wicked stepmother in ‘Hansel and Gretel’,《糖果屋》中那个恶毒的继母
dine,daɪn,v. 进餐，用餐；n. (Dine)人名；(意、葡)迪内；(英)戴恩；(法)迪纳,He was dining with friends at the Ritz.,他和朋友在里茨饭店一起进餐。
wooden,'wʊdn,adj. 木制的；僵硬的，呆板的,a wooden bench,木制长椅
rag,ræɡ,n. 破布；碎屑；v. 戏弄；责骂,He was wiping his hands on an oily rag.,他正用一块油腻腻的抹布擦手。
flush,flʌʃ,n. 激动，洋溢；面红；萌芽；旺盛；奔流；v. 使齐平；发红，使发亮；用水冲洗；使激动；adj. 大量的；齐平的；丰足的，洋溢的；挥霍的,There was a slight flush on his cheeks.,他的面颊上有淡淡的红晕。
peace,pis,n. 和平；平静；和睦；秩序,The country is at peace with its neighbours for the first time in years.,这是多年来该国与其邻国第一次和平共处。
intermittent,",ɪntɚ'mɪtənt",adj. 间歇的；断断续续的；间歇性,"The weather forecast is for sun, with intermittent showers.",天气预报为晴，有阵雨。
tiresome,'taɪɚsəm,adj. 烦人的，无聊的；令人讨厌的,the whole tiresome business of filling out the forms,填写表格这套烦人事
sunrise,'sʌnraɪz,n. 日出；黎明,a picture of sunrise over Mount Fuji,富士山日出的照片
whirl,wɝrl,n. 旋转，回旋；昏乱；一连串的事；短暂的旅行；v. 旋转，回旋；急走；头晕眼花,the social whirl of New York publishing,纽约出版界纷繁的社交活动
inference,'ɪnfərəns,n. 推理；推论；推断,There were two inferences to be drawn from her letter.,从她的来信可以得到两种推论。
riddle,'rɪdl,v. 解谜；给出谜；充满于；n. 谜语；粗筛；谜一般的人、东西、事情等,See if you can solve this riddle .,看看你能不能猜出这个谜语。
hasty,'hesti,adj. 轻率的；匆忙的；草率的；懈怠的；n. (Hasty)人名；(英)黑斯蒂,He soon regretted his hasty decision.,他很快就对自己仓促作出的决定感到后悔了。
liability,'laɪə'bɪləti,n. 责任；债务；倾向；可能性；不利因素,The company had assets of $138 million and liabilities of $120.5 million.,该公司有1.38亿美元资产和1.205亿美元的负债。
haste,hest,n. 匆忙；急忙；轻率；vi. 匆忙；赶紧；vt. 赶快,I soon regretted my haste.,我很快就对自己的仓促感到后悔。
zeal,zil,n. 热情；热心；热诚,...his zeal for teaching.,…他对教学的热衷。
discrepancy,dɪs'krɛpənsi,n. 不符；矛盾；相差,...the discrepancy between press and radio reports.,…报刊报道与广播报道之间的差异。
odor,'oʊdə,n. 气味；名声,The researchers demonstrate that it is possible to generate odor in a compact device that can fit on the back of a TV with potentially thousands of odors.,研究员表示，将一个可以散发上千种气味的小型设备安装在电视背后，从而实现电视(根据情景)生成气味是可能的。
volleyball,'vɑlɪbɔl,n. 排球,I like playing beach volleyball.,我喜欢打沙滩排球。
menu,'mɛnju,n. 菜单,"Could we have the menu, please?",请把菜单给我们，好吗？
resign,rɪ'zaɪn,v. 辞职；放弃；委托；使听从；n. 辞去职务,Josh resigned himself to the long walk home.,乔希只好走很长的路回家。
robe,rob,n. 长袍，礼服；制服；v. 穿长袍,a priest’s robes,牧师的长袍
scent,sɛnt,n. 气味；嗅觉；痕迹；察觉能力；v. 闻到；发觉；使充满…的气味；循着遗臭追踪,a yellow rose with a lovely scent,香气怡人的黄玫瑰
rob,rɑb,v. 抢劫；使…丧失；非法剥夺,They killed four policemen while robbing a bank.,他们抢劫一家银行的时候杀了4名警察。
rod,rɑd,n. 棒；惩罚；枝条；权力,a measuring rod,测量杆
avenue,'ævənu,n. 大街；林荫大道；[比喻](达到某物的)途径，手段，方法，渠道,Fifth Avenue,第五大街
weave,wiv,v. 编织；编排；使迂回前进；n. 织物；织法；编织式样,hand-woven scarves,手织围巾
mend,mɛnd,v. 修理，修补；改善；修改；n. 好转，改进；修补处,My father used to mend our shoes.,我父亲过去常为我们修补鞋子。
technician,tɛk'nɪʃən,n. 技师，技术员；技巧纯熟的人,a laboratory technician,实验室技术人员
memo,'mɛmo,n. 备忘录,I sent him a memo reminding him about the meeting.,我发给他一个通知，提醒他开会的事。
roar,rɔr,n. 咆哮；吼；轰鸣；v. 咆哮；吼叫；喧闹,the roar of the crowd,人群的喊叫声
vehicle,'viːɪkl,n. [车辆] 车辆；工具；交通工具；运载工具；传播媒介；媒介物,a description of the stolen vehicle,对被盗车辆的描述
brandy,'brændi,n. 白兰地酒,After a couple of brandies Michael started telling me his life story.,"几杯白兰地酒过后,迈克尔开始向我讲述他的人生故事。"
deviate,'divɪet,v. 脱离；越轨,They stopped you as soon as you deviated from the script.,你一偏离剧本，他们就会叫停。
painter,'pentɚ,n. 画家；油漆匠,Gerry’s ambition was to become a portrait painter.,格里的志向是成为一名肖像画家。
publicity,pʌb'lɪsəti,n. 宣传，宣扬；公开；广告；注意,Much advance publicity was given to the talks.,会谈之前做了大量的宣传。
retort,rɪ'tɔrt,n. 反驳，顶嘴；曲颈瓶；v. 反驳，反击,He was about to make a sharp retort .,他正要尖刻地反驳。
hell,hɛl,n. 地狱；究竟（作加强语气词）；训斥；黑暗势力；vi. 过放荡生活；飞驰；int. 该死；见鬼（表示惊奇、烦恼、厌恶、恼怒、失望等）,I’ve come one hell of a long way to get here.,我走了老远的路才到这里。
landlady,'lændledi,n. 女房东；女地主；女店主,There was a note under the door from my landlady.,门下有我女房东的一张便条。
spade,sped,n. 铁锹，铲子；v. 铲；把……弄实抹平,...a garden spade.,…一把花园里使用的锹。
alien,"ˈeliən,ˈeljən",adj. 外国的；相异的，性质不同的；不相容的；n. 外国人，外侨；外星人；v. 让渡，转让,alien cultures,异域文化
whale,wel,v. 猛揍；使惨败；n. 鲸；巨大的东西,,
dish,dɪʃ,n. 盘；餐具；一盘食物；外貌有吸引力的人；v. 盛于碟盘中；分发；使某人的希望破灭；说（某人）的闲话,a serving dish,上菜用的盘子
polite,pə'laɪt,adj. 有礼貌的，客气的；文雅的；上流的；优雅的,She’s always very polite.,她总是很有礼貌。
mess,mɛs,n. 混乱；食堂，伙食团；困境；脏乱的东西；v. 弄乱，弄脏；毁坏；使就餐,What a mess!,太乱了！
proposition,",prɑpə'zɪʃən",n. [数] 命题；提议；主题；议题；v. 向…提议；向…求欢,He telephoned Stuart with a proposition.,他打电话给斯图尔特提了个建议。
innumerable,ɪ'nʊmərəbl,adj. 无数的，数不清的,She’s served on innumerable committees.,她在多个委员会担任委员。
disc,dɪsk,n. 圆盘，[电子] 唱片（等于disk）；vt. 灌唱片,three keys attached to a metal disc,穿在金属圆盘上的三把钥匙
shave,ʃev,v. 剃须，剃毛；n. 刮脸，剃胡子；修面；<口>侥幸逃过，幸免；剃刀，刮刀,He hadn’t shaved for days.,他已经好几天没刮脸了。
pray,pre,v. 祈祷；恳求；央求；n. (Pray)人名；(匈)普劳伊；(英)普雷,They went to the mosque to pray.,他们去清真寺祷告。
wrap,ræp,v. 包；缠绕；隐藏；掩护；n. 外套；围巾,I’ve still got a few Christmas presents to wrap up.,我还有一些圣诞礼物要包起来。
joint,dʒɔɪnt,n. 关节；接缝；接合处，接合点；（牛，羊等的腿）大块肉；adj. 共同的；连接的；联合的，合办的；v. 连接，贴合；接合；使有接头,What should I use to seal the joint between the carport roof and the house wall?,我应该用什么材料填补车棚顶和房屋墙面的接缝？
contract,'kɑntrækt,v. 收缩；感染；订约；n. 合同；婚约,Metal contracts as it cools.,金属遇冷收缩。
clothes,kloz,n. 衣服,What sort of clothes was he wearing?,他穿着什么样的衣服？
finger,'fɪŋɡɚ,n. 手指；指针，指状物；v. 伸出；用手指拨弄,"The woman had a ring on her finger, so I assumed she was married.",那女人手指上戴着戒指，因此我猜想她已经结婚了。
exciting,ɪk'saɪtɪŋ,adj. 令人兴奋的；使人激动的；v. 激动；刺激（excite的ing形式）；唤起,an exciting discovery,激动人心的发现
trunk,trʌŋk,n. 树干；躯干；象鼻；汽车车尾的行李箱；vt. 把…放入旅行箱内；adj. 干线的；躯干的；箱子的,He left his bicycle leaning against a tree trunk .,他把他的自行车斜靠在树干上。
stationary,'steʃənɛri,adj. 固定的；静止的；定居的；常备军的；n. 不动的人；驻军,How did you manage to drive into a stationary vehicle?,你是怎么开车的，竟会撞上一辆停着的车子？
herb,ɝb,n. 香草，药草,Sprinkle the dish with chopped fresh herbs.,在菜肴上撒些切碎的新鲜香草。
decay,dɪ'ke,v. 衰退，[核] 衰减；腐烂，腐朽；n. 衰退，[核] 衰减；腐烂，腐朽,Her body was already starting to decay.,她的尸体已经开始腐烂。
chess,tʃɛs,n. 国际象棋，西洋棋,They meet fairly often to play chess .,他们经常在一起下国际象棋。
chest,tʃɛst,n. 胸，胸部；衣柜；箱子；金库,Her heart was pounding in her chest.,她的心在胸口怦怦直跳。
blossom,'blɑsəm,v. 开花；兴旺；发展成；n. 花；开花期；兴旺期；花开的状态,The apple trees are just beginning to blossom.,苹果树正开始开花。
grin,ɡrɪn,v. 露齿而笑，咧着嘴笑；n. 露齿笑,"He grins, delighted at the memory.",想起往事，他咧嘴笑了。
prisoner,'prɪznɚ,n. 囚犯，犯人；俘虏；刑事被告,Relationships between the staff and the prisoners are good.,狱警和犯人相处良好。
grim,ɡrɪm,adj. 冷酷的；糟糕的；残忍的；n. (Grim)人名；(英、德、俄、捷、匈)格里姆,The weather forecast is pretty grim.,天气预报说天气很恶劣。
skyscraper,'skaɪ'skrepɚ,n. 摩天楼，超高层大楼；特别高的东西,The skyscraper towers into the clouds.,那幢摩天大楼高耸入云。
prosperous,'prɑspərəs,adj. 繁荣的；兴旺的,a prosperous landowner,富裕的土地拥有者
gorgeous,'ɡɔrdʒəs,adj. 华丽的，灿烂的；极好的,‘What do you think of my new flatmate?’ ‘He’s absolutely gorgeous !’,“你觉得我的新室友怎么样？”“他帅极了！”
corresponding,",kɔrə'spɑndɪŋ",adj. 相当的，相应的；一致的；通信的；v. 类似（correspond的ing形式）；相配,The war and the corresponding fall in trade have had a devastating effect on the country.,战争以及由此所导致的贸易量下降对这个国家产生了致命的影响。
drum,drʌm,v. 击鼓；大力争取；n. 鼓；鼓声,I could hear the rain drumming against the windows.,我听到雨滴有节奏地打在窗上的声音。
tease,tiz,v. 取笑；戏弄；梳理；欺负；强求；使起毛；n. 戏弄；爱纠缠的小孩；挑逗者；卖弄风骚的女孩,Don’t get upset. I was only teasing .,别生气，我只是在逗你玩。
rip,rɪp,v. 撕；锯；n. 裂口，裂缝,Her clothes had all been ripped.,她的衣服都被撕破了。
broom,brum,n. 扫帚；金雀花；v. 扫除,"To the left of the port, a dry stone stairway leads to the ruins, through the mastic trees and broom.",在港口的左边，一段用石头搭建的楼梯穿过乳香树和金雀花从，通向建筑遗迹。
dive,daɪv,v. 潜水；跳水；俯冲；急剧下降；n. 潜水；跳水；俯冲；扑,Diving off the cliffs is dangerous.,从悬崖上跳水是很危险的。
rim,rɪm,n. 边，边缘；轮辋；圆圈；v. 作…的边，装边于,She looked at him over the rim of her glass.,她沿玻璃杯口看着他。
rib,rɪb,n. 肋骨；排骨；肋状物；v. 戏弄；装肋于,She was taken to hospital with a broken arm and ribs.,她胳膊和肋骨断了，被送进医院。
naked,'nekɪd,adj. 裸体的；无装饰的；无证据的；直率的,The children ran naked through the yard.,孩子们光着身子跑过院子。
thirteen,'θɝ'tin,n. 十三；十三岁；十三个；num. 十三；adj. 十三的；十三个的,They’ve only sold thirteen tickets so far.,到目前为止他们仅仅售出13张票。
sugar,'ʃʊgɚ,n. 糖；食糖；甜言蜜语；v. 加糖于；粉饰,Do you take sugar in your coffee?,你的咖啡加糖吗？
allowance,ə'laʊəns,n. 津贴，零用钱；允许；限额；v. 定量供应,Sales staff get a generous mileage allowance or a company car.,销售人员有优厚的里程补贴或者公司提供的专用汽车。
speculate,'spɛkjə'let,v. 推测；投机；思索,She refused to speculate.,她拒绝猜测。
cave,kev,v. 使凹陷，使塌落；在…挖洞穴；n. 洞穴，窑洞,the entrance to a cave,洞穴的入口
lick,lɪk,v. 舔；卷过；鞭打；n. 舔；打；少许,The dog jumped up and licked her face.,那只狗跳起来舔她的脸。
fluid,'fluɪd,adj. 流动的；流畅的；不固定的；n. 流体；液体,"a loose, fluid style of dancing",舒展而优美的舞姿
underneath,",ʌndɚ'niθ",prep. 在…的下面；在…的形式下；在…的支配下；adv. 在下面；在底下；n. 下面；底部；adj. 下面的；底层的,He got out of the car and looked underneath.,他下车往底下看了看。
sour,'saʊɚ,adj. 酸的；发酵的；刺耳的；酸臭的；讨厌的；v. 发酵；变酸；厌烦；n. 酸味；苦事,Rachel sampled the wine. It was sour.,雷切尔尝了尝葡萄酒，是酸的。
futile,'fjʊtaɪl,adj. 无用的；无效的；没有出息的；琐细的；不重要的,My efforts to go back to sleep proved futile.,我努力想再次入睡，但怎么也睡不着。
fuse,fjuz,v. 融合；熔化，熔融；n. 保险丝，熔线；导火线，雷管,"Their music fuses elements as diverse as Cajun, bebop and Cuban waltzes.",他们的音乐融合了卡津音乐、博普爵士乐和古巴华尔兹等不同元素。
fuss,fʌs,v. 小题大作；忙乱；焦燥；焦急；无事自扰；n. 大惊小怪，大惊小怪的人；小题大作；忙乱,I wish you’d stop fussing - I’ll be perfectly all right.,我希望你别再瞎操心了——我会很好的。
soup,sup,n. 汤，羹；马力；v. 加速；增加马力,homemade tomato soup,自制的番茄汤
commence,kə'mɛns,v. 开始；着手；<英>获得学位,Work will commence on the new building immediately.,新大楼即将破土动工。
overcoat,'ovɚkot,n. 大衣，外套,I sprang 400 pounds for  her overcoat.,给她买那件大衣，我花了400镑。
analogue,'ænəlɔ:g,n. 类似物；类似情况；对等的人；adj. 类似的；相似物的；模拟计算机的,,
patrol,pə'trol,n. 巡逻；巡逻队；侦察队；v. 巡逻；巡查,The security forces increased their patrols in the area.,安全部队加强了对该地区的巡逻。
machinery,mə'ʃinəri,n. 机械；机器；机构；机械装置,...quality tools and machinery.,…优质工具和机械。
rug,rʌɡ,n. 小地毯；毛皮地毯；男子假发,"The old lady was seated in her chair at the window, a rug over her knees.",这位老妇人坐在靠窗的椅子上，膝上盖着一块小毛毯。
patron,'petrən,n. 赞助人；保护人；主顾,a wealthy patron,富有的赞助人
lively,'laɪvli,adj. 活泼的；生动的；真实的；生气勃勃的；n. (Lively)人名；(英)莱夫利,a lively child,精力充沛的孩子
laundry,'lɔndri,n. 洗衣店，洗衣房；要洗的衣服；洗熨；洗好的衣服,She did the laundry (= washed the clothes etc ) and hung it out to dry.,她洗了衣服，然后挂出去晾干。
iron,'aɪɚn,n. 熨斗；烙铁；坚强；v. 熨；用铁铸成；adj. 铁的；残酷的；刚强的,the iron and steel industry,钢铁工业
sore,sɔr,adj. 疼痛的，痛心的；剧烈的，极度的；恼火的，发怒的；厉害的，迫切的；n. 溃疡，痛处；恨事，伤心事,I had a sore throat and aching limbs.,我喉咙疼，四肢酸痛。
canteen,kænˈtiːn,n. 食堂，小卖部；水壶,Rennie had eaten his supper in the canteen.,伦尼已在食堂吃过晚饭。
pinch,pɪntʃ,v. 捏；勒索；使苦恼；掐掉某物，修剪；n. 匮乏；少量；夹痛,We have to stop her pinching her baby brother.,我们不能让她再掐她小弟弟了。
apologise,ə'pɔlədʒaɪz,v. 道歉（等于apologize）,"When he received the letter he offered to apologise and to change his comments, but the club rejected this.",奈杰尔收到信后，愿意向俱乐部道歉，并修正他的评论，但俱乐部拒绝了这个服软的表示。
assignment,ə'saɪnmənt,n. 分配；任务；作业；功课,a history assignment,历史作业
insult,ɪn'sʌlt,v. 侮辱；辱骂；损害；n. 侮辱；凌辱；无礼,Nobody insults my family and gets away with it!,谁也别想侮辱了我的家人之后就这么算了！
elementary,",ɛlɪ'mɛntri",adj. 基本的；初级的；[化学] 元素的,the elementary principles of justice and democracy,正义和民主的基本信条
baggage,'bæɡɪdʒ,n. 行李；[交] 辎重（军队的）,Check your baggage in at the desk.,在服务台托运行李。
lateral,'lætərəl,adj. 侧面的，横向的；n. 侧部；[语] 边音；vt. 横向传球,The wall is weak and requires lateral support.,墙体不坚固，需要从侧面加以支撑。
recreation,",rɛkrɪ'eʃən",n. 娱乐；消遣；休养,His only recreations are drinking beer and watching football.,他唯一的消遣就是喝啤酒和看足球比赛。
removal,rɪ'muvl,n. 免职；移动；排除；搬迁,stain removal,去污
bowel,'baʊəl,n. 肠；内部；同情；vt. 将……的肚肠取出,cancer of the bowel,肠癌
moist,mɔɪst,adj. 潮湿的；多雨的；含泪的；n. 潮湿,Make sure the soil is moist before planting the seeds.,播种之前要确保土壤湿润。
morality,məˈræləti,n. 道德；品行，美德,...standards of morality and justice in society.,…社会中道德和正义的标准。
mute,mjut,adj. 哑的；沉默的；无声的；v. 减弱……的声音；使……柔和；n. 哑巴；弱音器；闭锁音,"Billy continued to stand there, mute and defiant.",比利还是站在那儿一声不吭，一副不服气的样子。
vase,veɪs; veɪz,n. 瓶；花瓶,...a vase of red roses.,…一个插着红玫瑰的花瓶。
friction,'frɪkʃən,n. 摩擦，[力] 摩擦力,Putting oil on both surfaces reduces friction.,两面都上油可减小摩擦力。
cart,kɑrt,n. 二轮运货马车；v. 用车装载,The cart is piled high with straw.,大车上的稻草装得冒尖儿了。
rumor,'rʊmɚ,n. 谣言；传闻；v. 谣传；传说,The rumor rocked the whole city.,谣言使整个城市惊慌不安。
upgrade,",ʌp'ɡred",v. 使升级；提升；改良品种；n. 升级；上升；上坡；adv. 往上；adj. 向上的,The hotel has recently been refurbished and upgraded.,这家酒店最近重新装修过，设施更加完善了。
lightning,'laɪtnɪŋ,adj. 闪电的；快速的；n. 闪电；vi. 闪电,a lightning attack,闪电式突袭
rub,rʌb,v. 擦；摩擦；惹怒；n. 摩擦；障碍；磨损处,You’ll have to rub harder if you want to get it clean.,如果你想把它弄干净，就得更使劲地擦。
stereo,'stɛrɪo,n. 立体声；立体声系统；铅版；立体照片；adj. 立体的；立体声的；立体感觉的,a stereo with good speakers,扬声器音质好的立体声音响
shabby,ˈʃæbi,adj. 破旧的；卑鄙的；吝啬的；低劣的,Hugh’s jacket was old and shabby.,休的夹克衫又旧又破。
visa,'vizə,n. 签证；v. 签发签证,"I was still in New York, trying to get a visa to visit Russia.",我仍在纽约，正在办理去俄罗斯的签证。
medal,'mɛdl,n. 勋章，奖章；纪念章,She won a gold medal at the last Olympics.,她在上届奥运会上赢得一枚金牌。
gallop,'ɡæləp,n. 疾驰；飞奔；v. 飞驰；急速进行；急急忙忙地说,I was forced to attempt a gallop.,我被迫尝试一次骑马疾驰。
song,sɔŋ,n. 歌曲；歌唱；诗歌；鸣声,the song of the lark,云雀的鸣唱
gallon,'ɡælən,n. 加仑（容量单位）,a 20 gallon fish tank,一个20加仑的鱼缸
insure,ɪn'ʃʊr,v. 确保，保证；给…保险,Have you insured the contents of your home?,你给家庭财产投保了吗？
acute,ə'kjut,adj. 严重的，[医] 急性的；敏锐的；激烈的；尖声的,The housing shortage is more acute than first thought.,住房短缺情况比一开始想的要严重。
breach,britʃ,n. 违背，违反；缺口；v. 违反，破坏；打破,The congressman was accused of a breach of secrecy rules.,这个国会议员被指控违反保密条例。
accessory,ək'sɛsəri,n. 配件；附件；[法] 从犯；adj. 副的；同谋的；附属的,bathroom accessories such as mirrors and towel-rails,镜子和毛巾架等浴室配件
strenuous,'strɛnjuəs,adj. 紧张的；费力的；奋发的；艰苦的；热烈的,a strenuous climb,艰难的攀登
drill,drɪl,n. 训练；钻孔机；钻子；播种机；v. 钻孔；训练,an electric drill,电钻
accidental,",æksɪ'dɛntl",adj. 意外的；偶然的；附属的；临时记号的；n. 次要方面；非主要的特性；临时记号,an accidental discharge of toxic waste,有毒废料的意外排放
successive,sək'sɛsɪv,adj. 连续的；继承的；依次的；接替的,The team has had five successive victories.,这支球队已经连胜五场了。
mercy,'mɝsi,n. 仁慈，宽容；怜悯；幸运；善行,He showed no mercy to his enemies.,他对敌人毫不仁慈。
beneath,bɪˈniːθ,prep. 在…之下；adv. 在下方,The top layer should now point down to the layer beneath.,现在，顶部图层应当有小箭头指向下面的图层。
chip,tʃɪp,v. 削，凿；削成碎片；n. [电子] 芯片；筹码；碎片；(食物的) 小片; 薄片,Archaeologists were carefully chipping away at the rock.,考古学家正小心地在岩石上铲凿。
plague,pleɡ,n. 瘟疫；灾祸；麻烦；讨厌的人；v. 折磨；使苦恼；使得灾祸,drops in population levels due to plagues and famines,瘟疫和饥荒造成的人口水平下降
smuggle,'smʌgl,v. 走私；偷运,"My message is ""If you try to smuggle drugs you are stupid.""",我的讯息是，“你若企图走私毒品，那是犯傻。”
chin,tʃɪn,n. 下巴；聊天；引体向上动作；v. 用下巴夹住；与…聊天；在单杠上作引体向上动作,He rubbed his chin thoughtfully.,他若有所思地抚摸着下巴。
reign,ren,v. 统治；支配；盛行；君临；n. 统治；统治时期；支配,For several minutes confusion reigned .,有好几分钟场面大乱。
torrent,'tɔrənt,n. 奔流；倾注；迸发；连续不断,Torrents of water gushed into the reservoir.,急流涌进了水库。
subtract,səb'trækt,v. 减去；扣掉,"Thus, if you have staff activities in loops and want to run the above request, you need to ensure that you subtract only events which belong together.",因此，如果您在循环中具有人员活动，并且想要运行以上的请求，那么您必须确保您只减去了属于一起的事件。
catholic,kæθəlɪk,adj. 天主教的；宽宏大量的；n. 天主教徒；罗马天主教,...the Catholic Church.,…天主教会。
gloomy,'ɡlumi,adj. 黑暗的；沮丧的；阴郁的,The report paints a gloomy picture of the economy.,这篇报告描绘了一幅惨淡的经济现状。
giant,'dʒaɪənt,n. 巨人；伟人；[动] 巨大的动物；adj. 巨大的；巨人般的,"the German chemicals giant, BASF",德国化工巨头巴斯夫公司
feather,'fɛðɚ,n. 羽毛；v. 用羽毛装饰,an ostrich feather,一根鸵鸟羽毛
conscience,ˈkɑːnʃəns,n. 道德心，良心,"Well, at least I can face them all with a clear conscience (= the knowledge that you have done nothing wrong ) .",好吧，至少我可以问心无愧地面对他们所有人。
relativity,",rɛlə'tɪvəti",n. 相对论；相关性；相对性,,
ridge,rɪdʒ,n. 山脊；山脉；屋脊；v. 使成脊状；作垄,We made our way carefully along the ridge.,我们沿着山脊小心前行。
camp,kæmp,v. 露营；扎营；n. 露营,"We’ll camp by the river for the night, and move on tomorrow.",我们今晚在河边露营，明天继续前进。
pint,paɪnt,n. 品脱；一品脱的量；一品脱牛奶或啤酒,He’s gone down the pub for a quick pint.,他去小酒馆匆匆喝上一品脱啤酒。
solo,'solo,n. 独奏；独唱；独奏曲；adj. 独奏的；独唱的；单独的；v. 单人攀登；单独驾；adv. 单独地,a gorgeous piano solo,一首极其美妙的钢琴独奏曲
carbon,'kɑrbən,n. [化学] 碳；碳棒；复写纸；adj. 碳的；碳处理的,"Across the world, forests and the soil beneath them absorb about a quarter of all carbon emissions.",纵观全球，森林与它们脚下的土壤能吸收大约碳排放总量的四分之一。
pine,paɪn,v. 渴望，痛苦；憔悴；n. [林] 松树；凤梨，菠萝；adj. 松木的；似松的,I pine for the countryside.,我渴望乡下的生活。
sole,sol,n. 鞋底；脚底；基础；鳎目鱼；adj. 唯一的；单独的；仅有的；v. 触底；上鞋底,The soles of his feet were caked in mud.,他的脚掌上沾满了泥巴。
elapse,ɪ'læps,v. 消逝；时间过去；n. 流逝；时间的过去,Several months elapsed before his case was brought to trial.,过了几个月他的案子才开审。
outset,'aʊtsɛt,n. 开始；开端,It was clear from the outset that there were going to be problems.,从一开始就很清楚会有问题出现的。
relieve,rɪ'liv,v. 解除，减轻；使不单调乏味；换…的班；解围；使放心,Drugs helped to relieve the pain.,药物有助于舒缓疼痛。
cabbage,ˈkæbɪdʒ,n. 卷心菜，甘蓝菜，洋白菜；（俚)脑袋；（非正式、侮辱）植物人（常用于英式英语）；（俚）钱，尤指纸币（常用于美式俚语）,,
combination,",kɑmbɪ'neʃən",n. 结合；组合；联合；[化学] 化合,a combination nightclub and café,夜总会兼咖啡馆
bearing,'bɛrɪŋ,n. [机] 轴承；关系；方位；举止；v. 忍受（bear的ing形式）,She later wrote warmly of his bearing and behaviour.,稍后她热情地写到了他的风度与举止。
cape,kep,n. [地理] 海角，岬；披肩,Cape Cod,科德角
inhabit,ɪn'hæbɪt,v. 栖息；居住于；占据,The woods are inhabited by many wild animals.,很多野生动物栖居在这片森林里。
precaution,prɪ'kɔʃən,n. 预防，警惕；预防措施；vt. 警惕；预先警告,Fire precautions were neglected.,防火措施被忽视了。
bathe,beð,v. 沐浴；用水洗；n. 洗澡；游泳,The top of Pea Hill was bathed in brilliant sunshine.,豌豆山的山顶沐浴在灿烂的阳光中。
pill,pɪl,n. 药丸；弹丸，子弹；口服避孕药；v. 把…制成丸剂；使服用药丸；抢劫，掠夺（古语）,He has to take pills to control his blood pressure.,他必须服药控制血压。
pile,paɪl,n. 堆；大量；建筑群；v. 累积；打桩于,He balanced the plate on the top of a pile of books.,他把盘子在一摞书上放稳。
limp,lɪmp,adj. 柔软的，无力的；软弱的；v. 跛行，一拐一拐地走；缓慢费力地前进；n. 跛行,a limp handshake,无力的握手
molecule,'mɑlɪkjul,n. [化学] 分子；微小颗粒，微粒,The molecules of oxygen gas contain just two atoms.,氧分子中只有两个原子。
robust,ro'bʌst,adj. 强健的；健康的；粗野的；粗鲁的,a robust man of six feet four,一个身高六英尺四英寸的壮汉
automation,",ɔtə'meʃən",n. 自动化；自动操作,,
hoist,hɔɪst,n. 起重机；升起，吊起；v. 升起；吊起,a boat hoist,吊艇机
drag,dræg,v. 拖累；拖拉；缓慢而吃力地行进；n. 拖；拖累,He grabbed her arm and dragged her into the room.,他抓住她的手臂把她拖进房间。
spicy,'spaɪsi,adj. 辛辣的；香的，多香料的；下流的,a spicy tomato sauce,辣番茄酱
injure,'ɪndʒɚ,v. 伤害，损害,"A number of bombs have exploded, seriously injuring at least five people.",一些炸弹爆炸了，至少5人严重受伤。
gracious,'ɡreʃəs,adj. 亲切的；高尚的；和蔼的；雅致的；int. 天哪；哎呀,"Sibyl was the most gracious, helpful, and generous person to work with.",西比尔非常和蔼，乐于助人，而且为人慷慨，和她共事最愉快。
brother,'brʌðɚ,n. 兄弟；同事；战友；int. 我的老兄！,"I have two brothers, William and Mark.",我有两个兄弟，威廉和马克。
bowling,'bolɪŋ,n. 滚木球戏；保龄球戏；v. 打保龄球（bowl的现在分词）,Do you want to go bowling with us Friday?,星期五想和我们一起去打保龄球吗？
agitate,ˈædʒɪˌteɪt,v. 摇动；骚动；使…激动,All you need to do is gently agitate the water with a finger or paintbrush.,你只需要用手指或刷子轻轻搅动水。
horror,'hɔrɚ,n. 惊骇；惨状；极端厌恶；令人恐怖的事物,You should have seen the look of horror on his face.,你真该看看他脸上恐惧的表情。
anecdote,'ænɪkdot,n. 轶事；奇闻；秘史,The book is full of amusing anecdotes about his life in Japan.,这本书里全是他在日本生活的趣闻轶事。
plight,plaɪt,n. 困境；境况；誓约；v. 保证；约定,the country’s economic plight,该国的经济困境
trumpet,'trʌmpɪt,n. 喇叭；喇叭声；v. 吹喇叭；吹嘘,They are proudly trumpeting the fact that they are creating more jobs.,他们得意地宣扬他们是在创造更多的工作岗位。
heat,hit,n. 高温；压力；热度；热烈；v. 使激动；把…加热,Ice needs heat to melt.,冰需要热才能融化。
bicycle,'baɪsɪkl,n. 自行车；v. 骑脚踏车,Can James ride a bicycle yet?,詹姆斯会骑自行车了吗？
heap,hip,n. 堆；许多；累积；v. 堆；堆积,a rubbish heap,垃圾堆
heal,hil,v. 治愈，痊愈；和解；n. (Heal)人名；(英)希尔,a preacher who claims that he can heal the sick,自称可以治病的传道士
police,pə'lis,n. 警察，警方；治安；v. 监督；管辖；维持治安；为…配备警察；adj. 警察的；有关警察的,Police surrounded the courthouse.,警察围在法院大楼四周。
longitude,'lɑndʒətud,n. [地理] 经度；经线,The town lies at longitude 12˚ east.,这个镇位于东经12度。
yearly,'jɪrli,adj. 每年的；adv. 每年；一年一次；n. 年刊；年鉴,Salary levels are reviewed on a yearly basis.,工资水平每年都要审查。
ultraviolet,",ʌltrə'vaɪələt",adj. 紫外的；紫外线的；n. 紫外线辐射，紫外光,Ozone in the stratosphere is important because it absorbs some of the Sun’s dangerous ultraviolet radiation., 在平流层的臭氧是重要的，因为它吸收了一些太阳中危险的紫外线辐射。
pronoun,'pronaʊn,n. 代词,Now if we could only figure out the pronoun problem.,现在我们可以解决这个代词问题了。
contrive,kən'traɪv,v. 设计；发明；图谋,"In 1862, a technique was contrived to take a series of photographs showing stages of movement.",1862年时发明了一种技术，可以拍出一连串展示连续动作的照片。
exclaim,ɪk'sklem,v. 呼喊，惊叫；大声叫嚷,‘No!’ she exclaimed in shock.,“不！”她惊呼道。
oppress,ə'prɛs,v. 压迫，压抑；使……烦恼；使……感到沉重,native tribes oppressed by the authorities,受到当局压迫的土著部落
cheek,tʃik,n. 面颊，脸颊；臀部；v. 无礼地向…讲话，对…大胆无礼,Lucy stretched up to kiss his cheek.,露西伸长了脖子去亲吻他的脸颊。
adjacent,ə'dʒesnt,adj. 邻近的，毗连的,We stayed in adjacent rooms.,我们住在毗连的房间里。
dwarf,dwɔrf,v. 变矮小；n. 侏儒，矮子；adj. 矮小的,The cathedral is dwarfed by the surrounding skyscrapers.,周围的摩天大楼使得大教堂显得很矮小。
batch,bætʃ,n. 一批；一炉；一次所制之量；v. 分批处理,an overnight batch file,夜间批处理文件
symmetry,'sɪmətri,n. 对称（性）；整齐，匀称,...the incredible beauty and symmetry of a snowflake.,…雪花令人难以置信的美丽和对称。
diagram,'daɪəɡræm,n. 图表；图解；v. 用图解法表示,"On our project, we gradually decomposed each of the areas within the context diagram.",在我们的项目中，我们逐渐地分解环境图中的每个区域。
golden,'ɡoldən,adj. 金色的，黄金般的；珍贵的；金制的；n. (Golden)人名；(英、法、罗、德、瑞典)戈尔登,golden hair,金发
soil,sɔɪl,n. 土地；土壤；国家；粪便；务农；温床；v. 弄脏；污辱,Roses grow well in a clay soil.,蔷薇适宜在黏质土中生长。
repetition,'rɛpə'tɪʃən,n. 重复；背诵；副本,Children used to learn by repetition.,过去小孩子是通过背诵来学习的。
gross,ɡros,adj. 总共的；粗野的；恶劣的；显而易见的；v. 总共收入；n. 总额，总数,He abused the Admiral in the grossest terms.,他用最粗俗的字眼辱骂那位海军上将。
virus,'vaɪrəs,n. [病毒] 病毒；恶毒；毒害,children infected with the Aids virus,感染艾滋病病毒的儿童
interfere,",ɪntɚ'fɪr",v. 干涉；妨碍；打扰,"My daughter-in-law said that I was interfering, but I was only trying to help.",我的儿媳说我多管闲事，但我只是想帮忙。
sofa,'sofə,n. 沙发；长椅,He sprang up from the sofa.,他从沙发上猛然跳了起来。
glass,ɡlæs,n. 玻璃；玻璃制品；镜子；v. 反映；给某物加玻璃,a glass bowl,玻璃碗
noisy,'nɔɪzi,adj. 嘈杂的；喧闹的；聒噪的,The kids have been really noisy today.,孩子们今天实在是吵。
ecology,ɪ'kɑlədʒi,n. 生态学；社会生态学,the natural ecology of the Earth,地球的自然生态
immerse,ɪ'mɝs,v. 沉浸；使陷入,The electrodes are immersed in liquid.,电极被浸没在液体中。
chimney,'tʃɪmni,n. 烟囱,We can’t light a fire because the chimney hasn’t been swept.,烟囱管没有清扫过，我们生不了火。
soft,sɔft,adj. 软的，柔软的；温柔的，温和的；软弱的；笨的；adv. 柔软地；温和地；n. 柔性；柔软的东西；柔软部分,a baby’s soft skin,婴儿细嫩的皮肤
furious,'fjʊrɪəs,adj. 激烈的；狂怒的；热烈兴奋的；喧闹的,She was absolutely furious .,她怒不可遏。
pillar,'pɪlɚ,n. 柱子，柱形物；栋梁；墩；vt. 用柱支持,Mr Fitzwilliam had been seen as a pillar of the community.,菲茨威廉先生已被视为社区的骨干。
magnify,'mæɡnɪfaɪ,v. 放大；赞美；夸大,"At the Sheffield arena, the speakers were magnified ten times on a giant screen.",在谢菲尔德体育馆，演讲者在一个巨大的屏幕上被放大了十倍。
overturn,'ovətɝn,v. 推翻；倾覆；破坏；n. 倾覆；周转；破灭,"Leslie jumped to her feet, overturning her chair.",莱斯莉一跃而起，碰倒了椅子。
arithmetic,ə'rɪθmətɪk,n. 算术，算法,"...teaching the basics of reading, writing and arithmetic.",…教授读、写、算的基本知识。
ingenious,ɪn'dʒinɪəs,adj. 有独创性的；机灵的，精制的；心灵手巧的,Many fish have ingenious ways of protecting their eggs from predators.,很多鱼都有绝妙的方法来保护它们产的卵不被捕食者吃掉。
kin,kɪn,n. 亲戚；家族；同族；adj. 同类的；有亲属关系的；性质类似的,,
slippery,'slɪpəri,adj. 滑的；狡猾的；不稳定的,"In places, the path can be wet and slippery.",路上有些地方可能又湿又滑。
collision,kə'lɪʒən,n. 碰撞；冲突；（意见，看法）的抵触；（政党等的）倾轧,Two people were killed in a head-on collision (= between two vehicles that are moving directly towards each other ) on highway 218.,218号公路上有两辆汽车迎面相撞，两人死亡。
intact,ɪn'tækt,adj. 完整的；原封不动的；未受损伤的,Only the medieval tower had remained intact.,只有这座中世纪塔楼保存完好。
madame,'mædəm,n. （法语）夫人；太太,,
soak,sok,v. 吸收，吸入；沉浸在（工作或学习中）；使……上下湿透；n. 浸；湿透；大雨,Soak the clothes in cold water.,把衣服浸泡在冷水里。
impress,ɪm'prɛs,v. 盖印；强征；传送；给予某人深刻印象；n. 印象，印记；特征，痕迹,Steve borrowed his dad’s sports car to impress his girlfriend.,史蒂夫借来他爸爸的跑车向女友炫耀。
soap,sop,n. 肥皂；v. 将肥皂涂在……上；对……拍马屁（俚语）,Wash thoroughly with soap and water .,用肥皂和水彻底洗一洗。
tunnel,'tʌnl,n. 隧道；坑道；洞穴通道；v. 挖；在…打开通道；在…挖掘隧道,a railway tunnel,铁路隧道
decent,'disnt,adj. 正派的；得体的；相当好的,a decent salary,不错的工资待遇
pillow,'pɪlo,n. 枕头；v. 垫；枕于…；使…靠在,I’ll be asleep as soon as my head hits the pillow.,我头一碰到枕头就会睡着。
optimum,'ɑptəməm,adj. 最适宜的；n. 最佳效果；最适宜条件,optimum conditions for growth,最适宜生长的条件
blackmail,'blækmel,n. 勒索，敲诈；勒索所得之款；v. 勒索，敲诈,She had already tried emotional blackmail (=  tried to make him feel guilty  ) to stop him leaving.,她试过以情相迫，不让他离开。
waterfall,'wɔtɚfɔl,n. 瀑布；瀑布似的东西,"...Angel Falls, the world's highest waterfall.",…安赫尔瀑布，世界上最高的瀑布。
honorable,ˈɑnərəbəl,adj. 光荣的；可敬的；高贵的,"They should see themselves as aliens,as exiles, and yet they should see themselves as properly subservient,honorable, well behaved exiles in a Roman context.","他们应该把自己当做入境者，寄居者，并应该把自己看做是,适当屈从的和可敬的，行为良好的在罗马的寄居者。"
donate,'donet,v. 捐赠；捐献；n. 捐赠；捐献,people who volunteer to donate blood,自愿献血者
skirt,skɝt,n. 裙子；v. 绕过，回避；位于…边缘,She wore a white blouse and a plain black skirt.,她穿着白衬衣和纯黑的裙子。
shortage,'ʃɔrtɪdʒ,n. 缺乏，缺少；不足,There is no heating available due to fuel shortages.,因为燃料短缺，所以没有供暖。
racket,'rækɪt,n. 球拍；吵闹，喧闹；v. 过着花天酒地的生活,The old machine used to make an awful racket .,这台旧机器以前噪音大得吓人。
clergy,'klɝdʒi,n. 神职人员；牧师；僧侣,"Thus, his preaching was directed at not only the laity, but the clergy as well.",因此，他的讲道面向的不只是世俗之人，也面向神职人员。
foreigner,'fɔrənɚ,n. 外地人，外国人,Some of the local people are suspicious of foreigners.,有些当地人不信任外国人。
embassy,'ɛmbəsi,n. 大使馆；大使馆全体人员,the American Embassy in Paris,美国驻巴黎大使馆
compliment,ˈkɑːmplɪmənt,n. 恭维；称赞；问候；致意；道贺；v. 恭维；称赞,All the guests paid her extravagant compliments.,所有客人都对她赞不绝口。
glimpse,ɡlɪmps,n. 一瞥，一看；v. 瞥见,Some of the fans had waited 24 hours outside the hotel to catch a glimpse of their heroine.,某些追星族为了一睹女杰的风采已在宾馆外守候了24小时。
whatsoever,",hwɑtso'ɛvɚ",pron. 无论什么,"But there should be no Christmas for me, I knew, no gifts, no remembrance whatsoever.",但我知道，对我来说，将没有圣诞节可言，没有礼物，没有怀念，什么都没有。
soda,'sodə,n. 苏打；碳酸水,a Scotch and soda,一杯加苏打水的苏格兰威士忌
sock,sɑk,n. 短袜；一击；v. 重击；给……穿袜；adv. 正着地；不偏不倚地；adj. 非常成功的,a pair of socks,一双短袜
sip,sɪp,n. 抿；小口喝；单列直插式组件；v. 啜饮,She poured more wine and took a sip .,她又倒了些酒，抿了一小口。
conform,kən'fɔrm,v. 符合；遵照；适应环境；adj. 一致的；顺从的,Joseph does not conform to the stereotype of a policeman.,约瑟夫不同于人们一般印象中的警察形象。
sunset,'sʌnsɛt,n. 日落，傍晚,a glorious sunset,壮丽的日落景象
scenery,'sinəri,n. 风景；景色；舞台布景,The best part of the trip was the fantastic scenery.,此次旅行最精彩之处就是那美妙绝伦的风景。
construct,kən'strʌkt,v. 建造，构造；创立；n. 构想，概念,There are plans to construct a new road bridge across the river.,有计划要建造一条新的跨河公路桥。
warrant,'wɔrənt,n. 根据；证明；正当理由；委任状；v. 保证；担保；批准；辩解,There is no warrant for copying other people’s work.,剽窃他人作品毫无道理。
stupid,'stupɪd,adj. 愚蠢的；麻木的；乏味的；n. 傻瓜，笨蛋,stupid mistakes,愚蠢的错误
brisk,brɪsk,adj. 敏锐的，活泼的，轻快的；凛冽的；v. 活跃起来；变得轻快；n. (Brisk)人名；(法、芬)布里斯克,a brisk walk,轻快的行走
submerge,səb'mɝdʒ,v. 淹没；把…浸入；沉浸,Alice submerged herself in work to try and forget about Tom.,艾丽斯埋头工作，试图忘记汤姆。
wrench,rɛntʃ,n. 扳手，扳钳；扭伤；痛苦；歪曲；猛扭；v. 扭伤；猛扭；曲解；折磨,Leaving New York had been a terrible wrench.,离开纽约让人十分伤感。
wagon,'wægən,n. 货车，四轮马车；vt. 用运货马车运输货物,,
script,skrɪpt,n. 脚本；手迹；书写用的字母；v. 把…改编为剧本,a diary entry written in neat black script,用工整的黑色字写下的一则日记
saddle,'sædl,n. 鞍，鞍状物；车座；拖具；v. 承受；使负担；装以马鞍,Why don't we saddle a couple of horses and go for a ride?,为什么我们不给几匹马配上鞍骑着转转？
sprout,spraʊt,v. 发芽；长芽；n. 芽；萌芽；苗芽,Move the pots outside when the seeds begin to sprout.,种子开始发芽时把盆搬到外面去。
comprise,kəm'praɪz,v. 包含；由…组成,"The house comprises two bedrooms, a kitchen, and a living room.",这座房子有两间卧室、一间厨房和一间起居室。
coarse,kɔrs,adj. 粗糙的；粗俗的；下等的,a jacket of coarse wool,粗羊毛夹克衫
sew,so,v. 缝合，缝上；缝纫,I learned to sew at school.,我在学校学会了缝纫。
terminate,'tɝmɪnet,v. 使终止；使结束；解雇；adj. 结束的,The court ruled that the contract must be terminated.,法庭裁决该合同必须终止。
merry,'mɛri,adj. 愉快的；微醉的；嬉戏作乐的；n. 甜樱桃,"He marched off, whistling a merry tune.",他吹着一首欢快的曲子大步走了。
ruby,'rubi,n. 红宝石；红宝石色；adj. 红宝石色的；vt. 使带红宝石色,...a ruby and diamond ring.,…一枚红宝石钻戒。
monarch,'mɑnɚk,n. 君主，帝王；最高统治者,,
consensus,kən'sɛnsəs,n. 一致；舆论；合意,The EU Council of Finance Ministers failed to reach a consensus on the pace of integration.,欧盟财政部长会议未能就一体化的进度达成共识。
plural,'plʊrəl,adj. 复数的；n. 复数,"""Data"" is the Latin plural form of ""datum.""",“”是“”的拉丁语复数形式。
instantaneous,",ɪnstən'tenɪəs",adj. 瞬间的；即时的；猝发的,modern methods of instantaneous communication,现代的即时通信方法
dictation,dɪk'teʃən,n. 听写；口述；命令,There were no secretaries available to take dictation (= write down what someone is saying ) .,身边没有秘书记录口授内容。
skate,sket,v. 滑冰；滑过；n. 溜冰；冰鞋,The children skated on the frozen pond.,孩子们在结冰的池塘上滑冰。
slaughter,'slɔtɚ,v. 屠宰，屠杀；杀戮；使惨败；n. 屠宰，屠杀；杀戮；消灭,Hundreds of innocent civilians had been slaughtered by government troops.,数百名无辜平民遭政府军屠杀。
audio,'ɔdɪo,adj. 声音的；[声] 音频的，[声] 声频的,audio and video equipment,音频视频设备
correspondence,",kɔrə'spɑndəns",n. 通信；一致；相当,The magazine is unable to enter into any correspondence on medical matters.,本杂志无法答复有关医学方面的来信。
audit,'ɔdɪt,v. 审计；[审计] 查账；n. 审计；[审计] 查账,Each year they audit our accounts and certify them as being true and fair.,每年他们都会审核我们的账目，以证明其准确合理。
deceit,dɪ'sit,n. 欺骗；谎言；欺诈手段,an atmosphere of hypocrisy and deceit,充满虚伪和欺骗的氛围
throne,θron,n. 王座；君主；王权；v. 登上王座,He is next in line to the throne (= will become king when the present ruler dies ) .,他是第一王位继承人。
sandwich,'sænwɪtʃ,v. 夹入；挤进；把做成三明治；n. 三明治；夹心面包,"Carefully split the sponge ring, then sandwich the two halves together with whipped cream.",小心地切开海绵蛋糕圈，然后在两半中间夹上生奶油。
wedding,'wɛdɪŋ,n. 婚礼，婚宴；结婚；结合；v. 与…结婚（wed的ing形式）,She’s busy planning her daughter’s wedding.,她正忙着筹备女儿的婚礼。
recollect,'rɛkə'lɛkt,v. 回忆，想起,All I recollect is a grey sky.,我只记得一片灰色的天空。
passport,'pæspɔrt,n. 护照，通行证；手段,I have an Irish passport.,我持爱尔兰护照。
fringe,frɪndʒ,n. 边缘；穗；刘海；adj. 边缘的；附加的；v. 加穗于,a tall girl with straight brown hair and a fringe,一头棕色直发、留着刘海的高个子女孩
scorn,skɔrn,n. 轻蔑；嘲笑；藐视的对象；v. 轻蔑；藐视；不屑做,Researchers greeted the proposal with scorn.,研究者们对这个提议报以轻蔑的态度。
recipe,'rɛsəpi,n. 食谱；[临床] 处方；秘诀；烹饪法,a recipe book,一本烹饪书
glide,ɡlaɪd,v. 滑翔；滑行；悄悄地走；消逝；n. 滑翔；滑行；滑移；滑音,Waiters glide between tightly packed tables bearing trays of pasta.,侍者们托着一盘盘的意大利面食在拥挤的餐桌间自如穿行。
collar,'kɑlɚ,n. 衣领；颈圈；v. 抓住；给…上领子；给…套上颈圈,He grabbed me by the collar.,他抓住我的衣领。
chew,tʃʊ,n. 咀嚼；咀嚼物；v. 嚼碎，咀嚼,This meat’s so tough I can hardly chew it!,这肉太老了，我几乎嚼不动！
renaissance,'rɛnəsɑns,n. 文艺复兴（欧洲14至17世纪）,...the Renaissance masterpieces in London's galleries.,…伦敦美术馆里文艺复兴时期的杰作。
weekend,ˈwikend,n. 周末，周末休假；周末聚会；adj. 周末的，周末用的；v. 度周末,Are you doing anything nice this weekend?,这个周末你有什么好的安排？
apparatus,ˌæpəˈrætəs,n. 装置，设备；仪器；器官,Astronauts have special breathing apparatus.,航天员有专门的呼吸装装备。
approximate,ə'prɑksɪmət,v. 近似；使…接近；粗略估计；adj. [数] 近似的；大概的,What is the approximate number of students in each class?,每个班大致有多少学生？
cradle,'kredl,n. 摇篮；发源地；发祥地；支船架；v. 抚育；把搁在支架上；把放在摇篮内,She rocked the cradle to quieten the child.,她摇动摇篮，让宝宝安静下来。
inhibit,ɪn'hɪbɪt,v. 抑制；禁止,An unhappy family life may inhibit children’s learning.,不幸福的家庭生活可能会阻碍儿童的学习。
chef,ʃɛf,n. 厨师，大师傅,a master chef,手艺高超的厨师长
auditorium,",ɔdɪ'tɔrɪəm",n. 礼堂，会堂；观众席,Anderson was to sing at the Constitution Hall auditorium.,安德森将要在宪法厅的观众席演唱。
pigeon,'pɪdʒɪn,n. 鸽子,Many journalists here choose to pigeon all but the most innocuous of stories.,除了平淡乏味的报道，这儿的新闻记者将一切通过鸽子传递出去。
avail,ə'vel,n. 效用，利益；v. 有益于，有益于；使对某人有利。,We searched the whole area but all to no avail. Robbie had disappeared.,我们找遍了整个地区但毫无结果，罗比失踪了。
credential,krə'dɛnʃl,n. 证书；凭据；国书,,
displace,dɪs'ples,v. 取代；置换；转移；把…免职；排水,Coal has been displaced by natural gas as a major source of energy.,作为一种主要能源，煤的地位已为天然气所取代。
considerate,kənˈsɪdərɪt,adj. 体贴的；体谅的；考虑周到的,He was always kind and considerate.,他总是很善良，为别人着想。
delivery,dɪ'lɪvəri,n. [贸易] 交付；分娩；递送,Most Indian restaurants offer free delivery.,大多数印度餐馆提供免费外送服务。
sob,sɑb,v. 啜泣，呜咽；（风等）发出呜咽声；n. 啜泣，呜咽,He began sobbing uncontrollably .,他不由自主地抽噎起来。
spectacular,spɛk'tækjəlɚ,adj. 壮观的，惊人的；公开展示的,a mountainous area with spectacular scenery,景色壮丽的山区
terrify,ˈtɛrəˌfaɪ,v. 恐吓；使恐怖；使害怕,Her husband’s violence terrified her.,丈夫的暴力行为让她感到害怕。
hammer,'hæmɚ,v. 锤击；敲打；重复；n. 铁锤；链球；[解剖] 锤骨；音锤,the sound of hammering and sawing,锤打和拉锯的声音
highland,'haɪlənd,n. 高地；丘陵地带；adj. 高原的；高地的,"Once an isolated highland, it has been the home shared by people of more than 10 nationalities, with pure blue sky, clear and beautiful lake as well as the legendary matriarchal community.",这里曾是与世界隔离的地方，一个10多个民族混居的地方。 有高原上湛蓝纯净的天空，清澈美丽的湖水，还有传说中的母系社会。
apparent,ə'pærənt,adj. 显然的；表面上的,"He did well in his exams, despite his apparent lack of interest in his work.",他考得很好，尽管表面上他对功课不感兴趣。
ashore,ə'ʃɔr,adv. 在岸上；向岸；adj. 在岸上的；在陆上的,Several dead birds had been washed ashore.,几只死鸟被冲上了岸。
nominate,'nɑmɪnet,v. 推荐；提名；任命；指定,This week one of them will be nominated by the Democratic Party for the presidency of the United States.,本周他们中的一人将被民主党提名为美国总统职位的候选人。
jacket,'dʒækɪt,n. 羽绒滑雪衫；西装短外套；短上衣，夹克；土豆皮；书籍的护封；文件套，公文夹；v. 给…穿夹克；给…装护套；给…包上护封；〈口〉打,Gene has to wear a jacket and tie to work.,吉恩上班得穿西装打领带。
polar,'polɚ,adj. 极地的；两极的；正好相反的；n. 极面；极线,"As our climate warms up, the polar ice caps will begin to melt.",随着地球气候逐渐变暖，极地的冰冠将开始融化。
scout,skaʊt,n. 搜索，侦察；侦察员；侦察机；v. 侦察；跟踪，监视；发现,He sent three scouts ahead to take a look at the bridge.,他派出三名侦察兵到前面侦察大桥的情况。
simultaneous,",saɪml'tenɪəs",adj. 同时的；联立的；同时发生的；n. 同时译员,They grabbed each other’s hands in simultaneous panic.,他们俩同时惊慌起来，相互抓住对方的手。
disregard,",dɪsrɪ'ɡɑrd",v. 忽视；不理；漠视；不顾；n. 忽视；不尊重,He ordered the jury to disregard the witness’s last statement.,他指示陪审团忽略证人的最后一句话。
scholarship,'skɑlɚʃɪp,n. 奖学金；学识，学问,Her latest publication is a fine piece of scholarship.,她最新出版的作品是一部优秀的学术著作。
pollute,pə'lut,v. 污染；玷污；败坏,beaches polluted by raw sewage,受未经处理的污水污染的海滩
stern,stɝn,n. 船尾；末端；adj. 严厉的；坚定的,It is placed in the stern of a boat.,它被放在船尾。
triangle,'traɪæŋɡl,n. 三角（形）；三角关系；三角形之物；三人一组,a triangle of land,一块三角地
accommodation,"ə,kɑmə'deʃən",n. 住处，膳宿；调节；和解；预订铺位,The price for the holiday includes flights and accommodation.,度假的价格包括机票和住宿。
tobacco,tə'bæko,n. 烟草，烟叶；烟草制品；抽烟,...Cuba's tobacco crop.,…古巴的烟草作物。
expenditure,ɪk'spɛndɪtʃɚ,n. 支出，花费；经费，消费额,huge cuts in public expenditure ,大幅度削减公共开支
chap,tʃæp,n. 小伙子；家伙；龟裂；v. 使皲裂,a decent sort of chap,一个正派的小伙子
chat,tʃæt,v. 聊天；闲谈；n. 聊天；闲谈,John and I sat up until the early hours chatting.,我和约翰聊到凌晨才睡。
beloved,bɪ'lʌvd,adj. 心爱的；挚爱的；n. 心爱的人；亲爱的教友,He never recovered from the death of his beloved daughter.,他一直没有走出失去爱女的阴影。
faulty,'fɔlti,adj. 有错误的；有缺点的,Customers may ask for a refund if the goods are faulty.,商品有问题的话，顾客可以要求退货。
lever,'lɛvɚ,n. 杠杆；控制杆；v. 用杠杆撬动；把…作为杠杆,Pull this lever to open the gate.,拉此横杆开启大门。
ski,ski,n. 滑雪橇；v. 滑雪；adj. 滑雪（用）的,ski slopes,滑雪坡
november,no'vɛmbɚ,n. 十一月,,
premise,ˈpremɪs,v. 引出，预先提出；作为…的前提；n. 前提；上述各项；房屋连地基,Schools may earn extra money by renting out their premises.,学校通过出租房屋场地可以获取额外收入。
escort,ˈeskɔːrt,n. 陪同；护航舰；护卫队；护送者；v. 护送；陪同；为…护航,a police escort ,警察护卫队
indulge,ɪn'dʌldʒ,v. 满足；纵容；使高兴；使沉迷于…,"His mother spoiled him, indulging his every whim.",他母亲对他纵容娇惯，百依百顺。
suck,sʌk,v. 吸吮；吸取；n. 吮吸,They waited in silence and sucked their sweets.,他们静静地等着，吮着糖果。
league,lig,n. 联盟；社团；范畴；v. 使…结盟；与…联合,the National Socialist League,国家社会主义联盟
textile,'tɛkstaɪl,n. 纺织品，织物；adj. 纺织的,"Their main exports are textiles, especially silk and cotton.",他们的主要出口商品是纺织品，尤其是丝绸和棉布。
encyclopedia,ɪnˌsaɪkləˈpidiɚ,n. 百科全书（亦是encyclopaedia）,the Encyclopedia of Music,音乐百科全书
whichever,wɪtʃ'ɛvɚ,pron. 任何一个；无论哪个；adj. 无论哪个；无论哪些,,
blouse,blaʊs,n. 宽松的上衣；女装衬衫；vt. 使…宽松下垂；vi. 宽松下垂,a silk blouse,丝质女衬衫
stuff,stʌf,n. 东西；材料；填充物；素材资料；v. 塞满；填塞；让吃饱,I’ve got some sticky stuff on my shoe.,我鞋子上有什么黏糊糊的东西。
bridge,brɪdʒ,n. 桥；桥牌；桥接器；船桥；v. 架桥；渡过,He walked back over the railway bridge.,他从铁路桥上走了回去。
heroine,'hɛroɪn,n. 女主角；女英雄；女杰出人物,The heroine is a senior TV executive.,女主人公是一位电视台高级主管。
erosion,ɪ'roʒən,n. 侵蚀，腐蚀,the problem of soil erosion,水土流失的问题
conjunction,kən'dʒʌŋkʃən,n. 结合；[语] 连接词；同时发生,The worksheets are designed to be used in conjunction with the new course books.,这些活页练习题专门用来与新课本配套使用。
adverse,"ædˈvɚs, ˈædˌvɚs",adj. 不利的；相反的；敌对的（名词adverseness，副词adversely）,They fear it could have an adverse effect on global financial markets.,他们担心这会对全球金融市场产生不利影响。
awful,'ɔfl,adj. 可怕的；极坏的；使人敬畏的,The weather was awful.,天气很糟糕。
generator,'dʒɛnəretɚ,n. 发电机；发生器；生产者,an emergency generator,应急发电机
steamer,'stimɚ,n. 轮船；蒸汽机；蒸笼,,
exhibition,",ɛksɪ'bɪʃən",n. 展览，显示；展览会；展览品,I’ve never seen such an exhibition of jealousy.,我从未见过如此嫉妒的表现。
premium,'primɪəm,n. 额外费用；奖金；保险费;(商)溢价；adj. 高价的；优质的,insurance premiums,保险费
sly,slaɪ,adj. 狡猾的；淘气的；诡密的；n. (Sly)人名；(英)斯莱,He leaned forward with a sly smile.,他俯身向前诡秘地一笑。
loosen,'lusn,v. 放松；松开；n. (Loosen)人名；(德)洛森,You’ll need a spanner to loosen that bolt.,你需要扳手来拧开那个螺栓。
fossil,'fɑsl,n. 化石；僵化的事物；顽固不化的人；adj. 化石的；陈腐的，守旧的,fossils of early reptiles,早期爬行动物的化石
compound,'kɑmpaʊnd,n. [化学] 化合物；混合物；复合词；adj. 复合的；混合的；v. 合成；混合；恶化，加重；和解，妥协,man-made organic compounds,人造有机化合物
intrude,ɪn'trʊd,v. 把…强加；把…硬挤,,
conscientious,'kɑnʃɪ'ɛnʃəs,adj. 认真的；尽责的；本着良心的；小心谨慎的,A conscientious teacher may feel inclined to take work home.,一个认真负责的教师可能会想着把工作带回家去做。
imperative,ɪm'pɛrətɪv,adj. 必要的，不可避免的；紧急的；命令的，专横的；势在必行的；[语]祈使的；n. 必要的事；命令；需要；规则；[语]祈使语气,It is imperative that politicians should be good communicators.,政治家应该是很好的沟通者，这很重要。
inspiration,ˌɪnspəˈreʃən,n. 灵感；鼓舞；吸气；妙计,The Malvern Hills have provided inspiration for many artists and musicians over the decades.,几十年来，莫尔文丘陵为很多艺术家和音乐家提供了灵感。
scheme,skim,n. 计划；组合；体制；诡计；v. 搞阴谋；拟订计划,The money will be used for teacher training schemes.,这笔钱将用于教师培训计划。
snow,sno,n. 雪，积雪；下雪；v. 降雪,Snow was falling heavily as we entered the village.,我们进村的时候雪下得正大。
murmur,'mɝmɚ,n. 低语；低语声；低声抱怨；潺潺声；v. 低声说；私下抱怨；发出轻柔持续的声音,She replied in a low murmur.,她轻轻地柔声回答。
homogeneous,",homə'dʒinɪəs",adj. 均匀的；[数] 齐次的；同种的；同类的，同质的,The unemployed are not a homogeneous group.,失业者并不都是同一类人。
disturbance,dɪ'stɝbəns,n. 干扰；骚乱；忧虑,There were disturbances in the crowd as fans left the stadium.,球迷离开体育场时，人群中发生了骚乱。
monster,'mɑnstɚ,n. 怪物；巨人，巨兽；残忍的人；adj. 巨大的，庞大的,the remains of a prehistoric monster,史前怪兽的遗骸
compassion,kəm'pæʃən,n. 同情；怜悯,I was shocked by the doctor’s lack of compassion .,我对这个医生如此缺乏同情心感到震惊。
afraid,ə'fred,adj. 害怕的；恐怕；担心的,There’s no need to be afraid.,没有必要害怕。
shower,'ʃaʊɚ,n. 淋浴；（倾泻般出现的）一阵，一大批；阵雨；v. 大量地给予；把……弄湿,Why does the phone always ring when I’m in the shower?,为什么电话铃总是在我洗澡的时候响？
northwest,'nɔrθ'wɛst,adj. 西北的；向西北的；来自西北的；n. 西北；adv. 在西北；向西北；来自西北,the northwest suburbs of the city,城市西北部的郊区
punctual,'pʌŋtʃʊəl,adj. 准时的，守时的；精确的,She’s always very punctual for appointments.,她一向准时赴约。
shilling,'ʃɪlɪŋ,n. 先令,The prominent coin was called the shilling and it was a silver coin.,"那种著名的硬币名叫先令,并且它是一种银质的硬币。"
reed,rid,n. [作物] 芦苇；簧片；牧笛；不可依靠的人；vt. 用芦苇盖；用芦苇装饰,Reeds grew in clumps all along the river bank.,沿河岸长着一丛丛芦苇。
prosecute,'prɑsɪ'kjʊt,v. 检举；贯彻；从事；依法进行,"Mrs Lynn Smith, prosecuting, said the offence took place on January 27.",控方律师林恩·史密斯夫人称案件发生于1月27日。
erect,ɪ'rɛkt,v. 使竖立；建造；安装；adj. 竖立的；笔直的；因性刺激而勃起的,"an imposing town hall, erected in 1892",一座气势宏伟的市政厅，建于1892年
purify,'pjʊrɪfaɪ,v. 净化；使纯净,chemicals used to purify the water,用于净化水质的化学品
reel,ril,v. 卷；眩晕；蹒跚地走；退缩；n. 蹒跚；眩晕；旋转,Andy reeled away from the bar and knocked over his stool.,安迪踉跄着离开吧台，把凳子都撞倒了。
fault,fɔlt,n. 故障；[地质] 断层；错误；缺点；毛病；（网球等）发球失误；v. 弄错；产生断层,His worst fault is his arrogance.,他最大的缺点是傲慢。
feat,fit,n. 功绩，壮举；技艺表演；adj. 合适的；灵巧的,A racing car is an extraordinary feat of engineering.,赛车是工程学的一项非凡业绩。
decrease,dɪ'kris,n. 减少，减小；减少量；v. 减少，减小,In Spain and Portugal there has been a decrease in the number of young people out of work.,在西班牙和葡萄牙，失业青年人数已经有所下降。
scold,skold,v. 责骂；叱责；n. 责骂；爱责骂的人,"Do not scold the puppy, but simply and firmly say ‘no’.",不要责骂小狗，但要干脆利落地说“不”。
salad,'sæləd,n. 色拉；尤指莴苣,Would you like some salad with your pasta?,你的意大利面要配些色拉吗？
detain,dɪ'ten,v. 拘留；留住；耽搁,Two suspects have been detained by the police for questioning .,两名嫌疑人被警方拘留审问。
album,'ælbəm,n. 相簿；唱片集；集邮簿；签名纪念册,a photograph album,相册
loose,lus,adj. 宽松的；散漫的；不牢固的；不精确的；v. 释放；开船；放枪；adv. 松散地；n. 放纵；放任；发射,a loose floorboard,松动的地板
drought,draʊt,n. 干旱；缺乏,...a country where drought and famines have killed up to two million people during the last eighteen years.,…过去18年来干旱和饥荒致死达两百万人的一个国家。
cherish,'tʃɛrɪʃ,v. 珍爱,He cherished his privacy.,他很注重自己的隐私。
jug,dʒʌɡ,n. [轻] 水壶；监牢；v. 关押；放入壶中,a milk jug,牛奶罐
bribe,braɪb,v. 贿赂，收买；n. 贿赂,The only way we could get into the country was by bribing the border officials.,我们要进入这个国家，唯一的办法是贿赂边境官员。
expedition,",ɛkspə'dɪʃən",n. 远征；探险队；迅速,an expedition to the North Pole,北极探险
pearl,pɝl,n. 珍珠；珍珠色；杰出者；珍品；adj. 镶珍珠的；珍珠状的；v. 采珍珠；成珍珠状,a pearl necklace,珍珠项链
recite,rɪ'saɪt,v. 背诵；叙述；列举,She recited a poem that she had learnt at school.,她背诵了一首学校里学的诗。
ambulance,'æmbjələns,n. [车辆][医] 救护车；战时流动医院,the ambulance service,救护车服务
brick,brɪk,n. 砖，砖块；砖形物；心肠好的人；v. 用砖砌；adj. 用砖做的；似砖的,a brick wall,砖墙
sun,sʌn,n. 太阳；v. 使晒,The sky was blue and the sun was shining.,天空蔚蓝，阳光明媚。
panorama,",pænə'ræmə",n. 全景，全貌；全景画；概论,Horton looked out over a panorama of fertile valleys and gentle hills.,霍顿眺望着那一片肥沃山谷和平缓山脉的景象。
disgust,dɪs'ɡʌst,n. 厌恶，嫌恶；v. 使厌恶；使作呕,He reached into the bin with a look of disgust on his face.,他把手伸进垃圾箱，脸上带着厌恶的表情。
elder,'ɛldɚ,n. 老人；长辈；年长者；父辈；adj. 年长的；年龄较大的；资格老的,a meeting of the village elders,村里长辈们的集会
vanity,'vænəti,n. 虚荣心；空虚；浮华；无价值的东西,Sabrina had none of the vanity so often associated with beautiful women.,萨布里娜没有一点漂亮女人经常会有的那种虚荣。
clutch,klʌtʃ,n. 离合器；控制；手；紧急关头；v. 攫；企图抓住；adj. 没有手提带或背带的；紧要关头的,Tony fell into the clutches of an attractive American who introduced him to drugs.,托尼落入一个有魅力的美国人的掌控，那人给他介绍毒品。
fearful,'fɪrfəl,adj. 可怕的；担心的；严重的,a shy and fearful child,一个羞涩、胆怯的小孩
accent,'æksɛnt,n. 口音；重音；强调；特点；重音符号；v. 强调；重读；带…口音讲话,He had a strong Irish accent,他有浓重的爱尔兰口音。
bride,braɪd,n. 新娘；姑娘，女朋友,Guests toasted the bride and groom with champagne.,客人们以香槟为新娘新郎敬酒。
rust,rʌst,n. 锈；生锈；[植保] 锈病；v. 使生锈；腐蚀,There were large patches of rust on the car.,车上有大片锈斑。
tractor,'træktɚ,n. 拖拉机；牵引机,Iron-ox is another name for tractor.,铁牛是拖拉机的别名。
confidential,",kɑnfɪ'dɛnʃl",adj. 机密的；表示信任的；获信任的,a confidential government report,一份机密的政府报告
bowl,bol,n. 碗；木球；大酒杯；v. 玩保龄球；滑动；平稳快速移动,Mix all the ingredients thoroughly in a large bowl.,将所有配料放在大碗里搅拌均匀。
rein,ren,n. 缰绳；驾驭；统治；支配；v. 控制；驾驭；勒住,Cord held the reins while the stallion tugged and snorted.,当那匹牡马使劲挣扎，打着响鼻的时候，科德勒紧了缰绳。
ethnic,'ɛθnɪk,adj. 种族的；人种的,The school teaches pupils from different ethnic groups.,该校教授不同种族的小学生。
punish,'pʌnɪʃ,v. 惩罚；严厉对待；贪婪地吃喝,Smacking is not an acceptable way of punishing a child.,要惩罚孩子，不应该用打的方式。
descent,dɪ'sɛnt,n. 下降；血统；袭击；vt. 除去…的气味；使…失去香味,Passengers must fasten their seat belts prior to descent.,乘客在飞机降落之前必须系好安全带。
climax,'klaɪmæks,n. 高潮；顶点；层进法；极点,The festival reaches its climax with the traditional boat-burning ceremony.,传统的烧船仪式将节庆活动推向了高潮。
sauce,sɔs,n. 酱油；沙司；调味汁；v. 使增加趣味；给…调味,spaghetti sauces,意大利面酱
infinite,'ɪnfɪnət,adj. 无限的，无穷的；无数的；极大的；n. 无限；[数] 无穷大；无限的东西（如空间，时间）,a woman of infinite patience,极有耐心的女子
organic,ɔr'gænɪk,adj. [有化] 有机的；组织的；器官的；根本的,Adding organic matter such as manure can improve the soil.,施粪肥之类的有机物能够改良土壤。
outdoor,'aʊt'dɔr,adj. 户外的；露天的；野外的（等于out-of-door）,a huge outdoor market,一个规模庞大的露天市场
relish,'rɛlɪʃ,n. 滋味；风味；食欲；开胃小菜；含义；调味品；v. 盼望;期待;享受; 品味；喜爱；给…加佐料,a hot dog with mustard and relish,配芥末酱和调味汁的热狗
descend,dɪ'sɛnd,v. 下降；下去；下来；遗传；屈尊,Our plane started to descend.,我们的飞机开始下降。
tight,taɪt,adj. 紧的；密封的；绷紧的；麻烦的；严厉的；没空的；吝啬的；adv. 紧紧地；彻底地；n. (Tight)人名；(英)泰特,tight jeans,紧身牛仔裤
blind,blaɪnd,adj. 盲目的；瞎的；adv. 盲目地；看不见地；n. 掩饰，借口；百叶窗；v. 使失明；使失去理智,David's good looks and impeccable manners had always made her blind to his faults.,大卫俊朗的外表和完美的风度总是令她对他的缺点视而不见。
sword,sɔːrd,n. 刀，剑；武力，战争,,
selfish,'sɛlfɪʃ,adj. 自私的；利己主义的,How can you be so selfish?,你怎能这样自私？
comrade,'kɑmræd,n. 同志；伙伴,"Comrades, please support this motion.",同志们，请支持这项动议。
quart,kwɔrt,n. 夸脱（容量单位）；一夸脱的容器,"As a gift, he brought a big fish and a quart of the largest oysters I had ever seen.",他给我们带来了一条大鱼还有一夸脱海蛎子，我从来没见过那么大的海蛎子。
magistrate,'mædʒɪs'tret,n. 地方法官；文职官员；治安推事,She will face a local magistrate on Tuesday.,她将在星期二面见一位地方治安法官。
tag,tæɡ,n. 标签；名称；结束语；附属物；v. 尾随，紧随；连接；起浑名；添饰,His speed earned him the tag of ‘the runner’.,他的速度使他赢得了“飞人”的称号。
standpoint,'stændpɔɪnt,n. 立场；观点,a discussion of marriage from the standpoint of women,从女性角度对婚姻的探讨
dial,'daɪəl,n. 转盘；刻度盘；钟面；v. 拨号,The lighted dial of her watch said 1.20.,她手表上的夜光表面显示时间为1点20分。
prototype,'protə'taɪp,n. 原型；标准，模范,,
corrupt,kə'rʌpt,adj. 腐败的，贪污的；堕落的；v. 使腐烂；使堕落，使恶化,Corrupt judges have taken millions of dollars in bribes.,腐败的法官接受了几百万美元的贿赂。
conceal,kən'sil,v. 隐藏；隐瞒,The shadows concealed her as she crept up to the house.,她借着阴影蹑手蹑脚地走向房子。
camel,'kæml,n. [畜牧][脊椎] 骆驼；打捞浮筒；工作作风官僚；adj. 驼色的；暗棕色的；vi. 工作刻板平庸,,
wine,waɪn,n. 酒，葡萄酒；紫红色；v. 喝酒,a glass of wine,一杯葡萄酒
wind,wɪnd; (for v.) waɪnd,n. 风；呼吸；气味；卷绕；v. 缠绕；上发条；使弯曲；吹号角；绕住或缠住某人,The wind blew from the northeast.,风从东北方向吹来。
rude,rud,adj. 粗鲁的；无礼的；狂暴的；未开化的；n. (Rude)人名；(英、西、瑞典)鲁德；(法)吕德,a rude remark,粗鲁的话
enclosure,ɪn'kloʒɚ,n. 附件；围墙；围场,the bear enclosure at the zoo,动物园中的熊园
wink,wɪŋk,v. 眨眼；使眼色；闪烁；n. 眨眼；使眼色；闪烁；瞬间,He winked an eye at his companion.,他朝同伴眨眨眼。
applause,ə'plɔz,n. 欢呼，喝采；鼓掌欢迎,She got a round of applause (=  a short period of applause  ) when she finished.,她结束的时候获得一阵掌声。
boil,bɔɪl,v. 煮沸，沸腾；激动，激昂；n. 沸腾，煮沸；疖子,Put the spaghetti into plenty of boiling salted water.,把意大利面放入大量煮沸的盐水中。
porter,'pɔrtɚ,n. 门房；服务员；行李搬运工；守门人,Our taxi pulled up at Old Delhi station and a porter sprinted to the door.,我们的出租车停在老德里车站，一个搬运工疾步跑向车门。
parliament,'pɑrləmənt,n. 议会，国会,They demanded a free parliament and press.,他们要求议会自由和新闻自由。
humidity,hju'mɪdəti,n. [气象] 湿度；湿气,The room is kept at 72 degrees and 50% relative humidity.,房间的温度保持在72度，相对湿度50%。
tar,tɑr,n. 焦油；柏油；水手；v. 涂以焦油；玷污,high tar cigarettes,高焦香烟
tan,tæn,n. （日晒后皮肤的）黝黑色；棕褐色；鞣料；马戏团；v. 鞣（革）；晒成褐色；adj. 黄褐色的；鞣皮的,I wish I could get a tan like that.,但愿我也能晒成那样的棕褐色肤色。
kneel,nil,v. 跪下，跪,Tom knelt down and patted the dog.,汤姆跪下来轻轻拍了拍那只狗。
doorway,'dɔr'we,n. 门口；途径,Hannah looked up to see David and another man standing in the doorway.,汉纳抬起头，看到戴维和另一个男人站在门口。
tiger,'taɪɡɚ,n. 老虎；凶暴的人,The trainer backed away from the enraged tiger.,驯兽师从被激怒的老虎身旁往后退。
respective,rɪ'spɛktɪv,adj. 分别的，各自的,We all went back to our respective homes to wait for news.,我们都各自回家等待消息。
disposal,dɪ'spozl,n. 处理；支配；清理；安排,bomb disposal experts,拆弹专家
wardrobe,'wɔr'drob,n. 衣柜；行头；全部戏装,"Can you hang these in the wardrobe, please?",请你把这些衣服挂到衣橱里去好吗？
steak,stek,n. 牛排；肉排；鱼排,...fresh salmon steaks.,…新鲜的三文鱼排。
concede,kən'sid,v. 承认；退让；给予，容许,"‘That’s the only possible solution.’ ‘Yes, I suppose so,’ Charles conceded.",“那是唯一可行的解决办法。”“对，我想是。”查尔斯承认道。
edge,ɛdʒ,n. 边缘；优势；刀刃；锋利；v. 使锐利；将…开刃；给…加上边,"Put the eggs in the centre of the dish, with the vegetables and herbs around the edge.",把鸡蛋放在盘子中间，盘边一圈放些蔬菜和香草。
segregate,'sɛɡrɪɡet,v. 使隔离；使分离；在…实行种族隔离,A large detachment of police was used to segregate the two rival camps of protesters.,一大队分遣警察被派来隔离两群敌对的抗议者。
heaven,'hɛvn,n. 天堂；天空；极乐,He looked up towards the heavens.,他仰望苍穹。
crisp,krɪsp,adj. 脆的；新鲜的；易碎的；v. 使卷曲；使发脆；n. 松脆物；油炸马铃薯片,She kicked at the crisp leaves at her feet.,她踢着脚边松脆的树叶。
mathematical,",mæθə'mætɪkl",adj. 数学的，数学上的；精确的,mathematical analysis,数学分析
wipe,waɪp,v. 擦；消除；涂上；n. 擦拭；用力打,I'll just wipe the table.,我只擦擦桌子。
typhoon,taɪ'fʊn,n. [气象] 台风,The typhoon had spent its fury.,台风的势头已经减弱了。
nuisance,'nusns,n. 讨厌的人；损害；麻烦事；讨厌的东西,The nightclub has been declared a public nuisance.,那家夜总会已被判定为妨害公众利益。
astonish,ə'stɑnɪʃ,v. 使惊讶,Her reply astonished me.,她的回答让我大吃一惊。
ankle,'æŋkl,n. 踝关节，踝,slender ankles,纤细的脚踝
cupboard,'kʌbɚd,n. 碗柜；食橱,It’s in the kitchen cupboard.,它在厨房的碗柜里。
appendix,ə'pɛndɪks,n. 附录；阑尾；附加物,Christine had to go into hospital to have her appendix out (=  have it removed  ) .,克里丝蒂娜不得不去医院切除阑尾。
waitress,ˈwetrɪs,n. 女服务员；女侍者；v. 做女服务生,,
steam,stim,v. 蒸，散发；用蒸汽处理；n. 蒸汽；精力；adj. 蒸汽的,A pot was steaming on top of the cooker.,锅在炉子上冒着热气。
goose,ɡus,n. 鹅；鹅肉；傻瓜；雌鹅；v. 突然加大油门；嘘骂,...roast goose.,…烤鹅。
bolt,bolt,n. 螺栓，螺钉；闪电，雷电；门闩；弩箭;（布的）一匹，一卷；v. 筛选；囫囵吞下；（把门、窗等）闩上；突然说出，脱口说出；adv. 突然地；像箭似地；直立地,Was this money a bolt from the blue or did you know you were going to get it?,这是一笔意料之财呢，还是你本来就知道会有的？
ruin,'ruɪn,n. 废墟；毁坏；灭亡；v. 毁灭；使破产,an interesting old ruin,一处有意思的古老废墟
watt,wɑt,n. 瓦特,a 100-watt bulb,100瓦的灯泡
renew,rɪ'nʊ,v. 使更新；续借；续费；复兴；重申,Local people have renewed their efforts to save the school.,当地居民再一次作出努力，挽救这所学校。
bold,bold,adj. 大胆的，英勇的；黑体的；厚颜无耻的；险峻的；n. (Bold)人名；(英、德、罗、捷、瑞典)博尔德,"In a surprisingly bold move , he is threatening court action against the company.",他出人意料地做出一个大胆举动，威胁要起诉这家公司。
enquire,ɪn'kwaɪr,v. 询问；调查；问候（等于inquire）,,
caress,kə'rɛs,v. 爱抚，抚抱；n. 爱抚，拥抱；接吻,His hands gently caressed her body.,他的双手温柔地抚摸着她的身体。
murder,'mɝdɚ,v. 谋杀，凶杀；n. 谋杀，凶杀,He was convicted of murdering a policeman.,他被判谋杀一名警察的罪名成立。
eagle,'igl,n. 鹰；鹰状标饰,,
clasp,klæsp,n. 扣子，钩子；握手；v. 紧抱；扣紧；紧紧缠绕,the firm clasp of her hand,她有力的握手
wire,'waɪɚ,n. 电线；金属丝；电报；v. 拍电报；给…装电线,copper wire,铜丝
marginal,'mɑrdʒɪnl,adj. 边缘的；临界的；末端的,marginal revenue,边际收益
bully,'bʊli,n. 欺凌弱小者；土霸；adj. 第一流的；特好的；v. 欺负；威吓；adv. 很；十分；int. 好；妙,Bullies are often cowards.,恃强凌弱者往往是懦夫。
northern,'nɔrðɚn,adj. 北部的；北方的；n. 北部方言,a man with a northern accent,带有北方口音的男子
pierce,pɪrs,v. 刺穿；洞察；响彻；深深地打动,Steam the corn until it can easily be pierced with a fork.,把玉米蒸到用叉子可以轻易扎透。
ambassador,æm'bæsədɚ,n. 大使；代表；使节,...the German ambassador to Poland.,…德国驻波兰大使。
bomb,bɑm,v. 轰炸，投弹于；n. 炸弹,The town was heavily bombed in World War II.,这座城镇在第二次世界大战中遭到猛烈轰炸。
hatch,hætʃ,n. 孵化；舱口；v. 孵；策划,The problems do not end if crocodiles successfully hatch from the eggs.,即使鳄鱼成功地从卵中孵化出来，这些问题也不会终止。
rebellion,rɪ'bɛljən,n. 叛乱；反抗；谋反；不服从,an armed rebellion,武装叛乱
clash,klæʃ,n. 冲突，不协调；碰撞声，铿锵声；v. 冲突，抵触；砰地相碰撞，发出铿锵声,The heavyweight clash goes ahead in Las Vegas on 8 May.,这次重量级拳击对战将于 5 月 8 日在拉斯维加斯举行。
barbecue,'bɑrbɪkju,n. 烤肉；吃烤肉的野宴；v. 烧烤；烤肉,We had a barbecue on the beach.,我们在海滩上烧烤。
pneumonia,nʊ'monɪə,n. 肺炎,"She was taken to hospital, suffering from pneumonia.",她得了肺炎，被送往医院。
bond,bɑnd,n. 债券；结合；约定；粘合剂；纽带；v. 结合，团结在一起,My father put all his money into stock market bonds.,我父亲把他所有的钱都投在上市债券上。
satisfactory,",sætɪs'fæktəri",adj. 满意的；符合要求的；赎罪的,His progress this term has been satisfactory.,他这学期的进步令人满意。
bone,bon,n. 骨；骨骼；v. 剔去的骨；施骨肥于,The X-ray showed that the bone was broken in two places.,X光检查显示有两处骨折。
triple,'trɪpl,adj. 三倍的；三方的；n. 三倍数；三个一组；v. 增至三倍,a triple murder investigation,对一宗三重谋杀案的调查
wash,wɑːʃ,n. 洗涤；洗的衣服；化妆水；冲积物；v. 洗涤；洗刷；冲走；拍打,Those jeans need a good wash (= a thorough wash ).,那条牛仔裤要好好洗一洗了。
rhythm,'rɪðəm,n. 节奏；韵律,Drums are basic to African rhythm.,非洲音乐节奏少不了鼓。
coalition,ˌkoʊəˈlɪʃn,n. 联合；结合，合并,the centre-right coalition government,政治上中间偏右的联合政府
brake,brek,v. 刹车；n. 闸，刹车；阻碍,He heard tyres squeal as the car braked to avoid a collision.,他听到当汽车刹车为避免撞车时轮胎发出了刺耳的尖声。
distress,dɪ'strɛs,n. 危难，不幸；贫困；悲痛；v. 使悲痛；使贫困,acute financial distress,严重的财务困难
mistake,mɪ'stek,n. 错误；误会；过失；v. 弄错；误解,The most common mistake is to plant them too deep.,最常见的错误就是把它们种得太深了。
gesture,'dʒɛstʃɚ,n. 姿态；手势；v. 作手势；用动作示意,Luke made an obscene gesture with his finger.,卢克用手指做了一个下流的手势。
steel,stil,n. 钢铁；钢制品；坚固；v. 钢化；使冷酷；adj. 钢制的；钢铁业的；坚强的,a steel bridge,钢铁大桥
casualty,'kæʒuəlti,n. 意外事故；伤亡人员；急诊室,Our aim is to reduce road casualties .,我们的目标是减少交通事故的伤亡人数。
ruler,'rulɚ,n. 尺；统治者；[测] 划线板，划线的人,a 12-inch ruler,一把12英寸的尺子
rubbish,'rʌbɪʃ,n. 垃圾，废物；废话；adj. 毫无价值的,a rubbish bin,垃圾桶
entry,'ɛntri,n. 进入；入口；条目；登记；报关手续；对土地的侵占,There was no sign of a forced entry.,没有强行闯入的迹象。
alliance,ə'laɪəns,n. 联盟，联合；联姻,independent organizations and alliances,独立组织和联盟
moisture,'mɔɪstʃɚ,n. 水分；湿度；潮湿；降雨量,Plants use their roots to absorb moisture from the soil.,植物利用根从土壤中吸收水分。
bacon,'bekən,n. 咸肉；腌肉；熏猪肉,bacon and eggs,咸猪肉煎蛋
warehouse,'wɛrhaʊs,n. 仓库；货栈；大商店；v. 储入仓库；以他人名义购进（股票）,,
subway,'sʌbwe,n. 地铁；地道；vi. 乘地铁,the New York City subway,纽约市的地铁
verdict,'vɝdɪkt,n. 结论；裁定,The verdict was ‘not guilty’.,裁决为“无罪”。
sympathy,'sɪmpəθi,n. 同情；慰问；赞同,Our sympathies are with the families of the victims.,我们向受害者家庭表示慰问。
judgement,'dʒʌdʒmənt,n. 意见；判断力；[法] 审判；评价,,
nickname,'nɪk'nem,n. 绰号；昵称；v. 给……取绰号；叫错名字,Stephen earned himself the nickname Hawkeye.,斯蒂芬得了个“鹰眼”的绰号。
conquer,'kɑŋkɚ,v. 战胜，征服；攻克，攻取,The Normans conquered England in 1066.,诺曼人于 1066 年征服英格兰。
pendulum,'pɛndʒələm,n. 钟摆；摇锤；摇摆不定的事态,"After several years of Republican government, the pendulum will undoubtedly swing back and voters will elect a Democrat.",由共和党执政数年后，选民无疑会掉过头来，选出一位民主党人。
masculine,'mæskjəlɪn,adj. 男性的；阳性的；男子气概的；n. 男性；阳性，阳性词,"They’re nice curtains, but I’d prefer something a little more masculine.",这些窗帘很好，但我更喜欢男性化一点的。
nephew,'nɛfju,n. 侄子；外甥,I am planning a 25th birthday party for my nephew.,我正在为侄子筹划他25岁的生日聚会。
bin,bɪn,n. 箱子，容器；二进制；v. 把…放入箱中,...big steel storage bins.,…钢制大贮藏箱。
scandal,'skændl,n. 丑闻；流言蜚语；诽谤；公愤,It caused quite a scandal when he left his wife.,他离开妻子成了一大丑闻。
refrain,rɪ'fren,v. 节制，克制；避免；制止；n. 叠句，副歌；重复,Mrs. Hardie refrained from making any comment.,哈迪太太忍住了没做任何评论。
goodby,,int. 再见（等于goodbye）；n. (Goodby)人名；(英)古德拜,"His teacher went on:” And when you come out, at the age of 21, you can kiss your dream of becoming a famous physicist, doing research into your favourite subject of kinetic energy goodby!",他的老师继续说：“你21岁出来的时候，你可以和你想成为著名的研究动力学能量的物理学家的梦想再见了！
aviation,",evɪ'eʃən",n. 航空；飞行术；飞机制造业,...the aviation industry.,…航空工业。
grind,ɡraɪnd,v. 磨碎；磨快；n. 磨；苦工作,a stone for grinding knives and scissors,磨刀剪的石头
stir,stɝ,n. 搅拌；轰动；v. 搅拌；激起；惹起,"Give that pan a stir , will you?",把那锅东西搅一搅，好吗？
razor,'rezɚ,v. 剃，用剃刀刮；n. 剃刀,"BATHROOMS: A man has five items in his bathroom: a toothbrush, shaving cream, razor, a bar of soap, and a towel from the Holiday Inn.",一个男人在他的盥洗室里有五件东西：一把牙刷，剃须膏，剃刀，一盒肥皂和从假日旅馆顺来的一条毛巾。
drown,draʊn,v. 淹没；把…淹死；n. (Drown)人名；(英)德朗,Many people drowned when the boat overturned.,船翻后许多人淹死了。
precise,prɪ'saɪs,adj. 精确的；明确的；严格的,precise sales figures,准确的销售数据
ham,hæm,n. 火腿；业余无线电爱好者；蹩脚演员；v. 表演过火；adj. 过火的；做作的,a ham sandwich,火腿三明治
discreet,dɪ'skrit,adj. 谨慎的；小心的,He assured her that he would be discreet.,他向她保证会谨慎行事。
congratulation,"kən,ɡrætʃu'leʃən",n. 祝贺；贺辞,letters of congratulation,祝贺信
postman,'postmən,n. 邮递员；邮差,That postman is in charge of this route.,那个邮递员负责这条投递线路。
cruise,krʊz,v. 巡航，巡游；漫游；n. 巡航，巡游；乘船游览,She wants to cruise the canals of France in a barge.,她想坐驳船游览法国的运河。
refute,ri'fjʊt,v. 反驳，驳斥；驳倒,It was the kind of rumour that it is impossible to refute.,这是那种不可能推翻的谣言。
overthrow,",ovɚ'θro",n. 推翻；倾覆；瓦解；v. 推翻；打倒；倾覆,They were charged with plotting the overthrow of the state.,他们被控密谋颠覆国家。
friday,"ˈfraɪde; (occas.,) ˈfraɪdi",n. 星期五；忠仆,Mr. Cook is intending to go to the Middle East on Friday.,库克先生正打算星期五去中东。
fireplace,'faɪɚples,n. 壁炉,"In the evenings, we gathered around the fireplace and talked in hushed whispers.",晚上，我们聚集在壁炉周围轻声交谈。
climate,'klaɪmət,n. 气候；风气；思潮；风土,Los Angeles’ warm dry climate,洛杉矶温暖干燥的气候
monitor,'mɔnɪtɚ,n. 监视器；监听器；监控器；显示屏；班长；v. 监控,a heart monitor,心脏监测仪
spectrum,'spɛktrəm,n. 光谱；频谱；范围；余象,The two articles here represent opposite ends of the spectrum .,这里的两篇文章代表了两个极端的观点。
utter,'ʌtɚ,v. 发出，表达；发射；adj. 完全的；彻底的；无条件的；n. (Utter)人名；(德、芬)乌特,The wounded prisoner uttered a groan.,受伤的囚犯发出一声呻吟。
discern,dɪ'sɝn,v. 识别；领悟，认识,You need a long series of data to be able to discern such a trend.,你需要一大串数据才能认清这一趋势。
deficiency,dɪ'fɪʃənsi,n. 缺陷，缺点；缺乏；不足的数额,They did blood tests on him for signs of vitamin deficiency.,他们给他做了血检看是否有缺乏维生素的迹象。
offend,ə'fɛnd,v. 冒犯；使…不愉快,His remarks deeply offended many Scottish people.,他的话严重冒犯了许多苏格兰人。
patriotic,ˈpeɪtriˈɑtɪk,adj. 爱国的,patriotic songs,爱国歌曲
hay,,n. 干草；v. 把晒干,...bales of hay.,…一捆捆的干草。
overflow,",ovɚ'flo",v. 溢出；泛滥；充溢；n. 充满，洋溢；泛滥；超值；溢值,The drains flooded and water overflowed down the main street.,下水道被淹，水溢到了大街上。
crude,krud,adj. 粗糙的；天然的，未加工的；粗鲁的；n. 原油；天然的物质,a crude estimate of the population available for work,对劳动力人口的粗略估计
vibrate,vaɪ'breɪt,v. 振动；颤动；摇摆；踌躇,The floor was vibrating to the beat of the music.,地板随着音乐的节奏在颤动。
sigh,saɪ,v. 叹息，叹气；n. 叹息，叹气,"‘Well, there’s nothing we can do about it now,’ she sighed.",“唉，我们现在对此无能为力。”她叹口气说。
compulsory,kəm'pʌlsəri,adj. 义务的；必修的；被强制的；n. （花样滑冰、竞技体操等的）规定动作,the threat of compulsory redundancies,强制性裁员的威胁
resemble,rɪ'zɛmbl,v. 类似，像,It’s amazing how closely Brian and Steve resemble each other.,布赖恩和史蒂夫真是惊人地相像。
legitimate,ləˈdʒɪtəmɪt,adj. 合法的；正当的；合理的；正统的；v. 使合法；认为正当（等于legitimize）,That’s a perfectly legitimate question.,那个问题完全合乎情理。
pulse,pʌls,n. [电子] 脉冲；脉搏；v. 使跳动,His breathing was shallow and his pulse was weak .,他呼吸很浅，脉搏微弱。
chapter,'tʃæptɚ,n. 章，回；（俱乐部、协会等的）分会；人生或历史上的重要时期；vt. 把…分成章节,Read Chapter 11 as your homework.,家庭作业是阅读第 11 章。
ozone,'ozon,n. [化学] 臭氧；新鲜的空气,"These wonders can be observed only from space, because ozone and water in the Earth’s atmosphere absorb light at those wavelengths.",这些奇观只有在宇宙中才能观察到，因为地球大气层中的臭氧和水会吸收这些波长。
pat,pæt,adj. 恰好的；熟练的；合适的；adv. 恰好；熟记地；n. 轻拍；小块；轻拍声；v. 轻拍,a pat reply,
invent,ɪn'vɛnt,v. 发明；创造；虚构,Alexander Graham Bell invented the telephone in 1876.,亚历山大 · 格雷厄姆 · 贝尔于1876年发明了电话。
spoil,spɔɪl,v. 溺爱；糟蹋；破坏；掠夺；n. 次品；奖品,The whole park is spoiled by litter.,整个公园环境都给垃圾破坏了。
stubborn,'stʌbɚn,adj. 顽固的；顽强的；难处理的,Why are you so stubborn?,你怎么这么固执？
tonight,tə'naɪt,adv. 在今晚；n. 今晚,I think I’ll go to bed early tonight.,我想今晚我会早点上床睡觉。
onion,'ʌnjən,n. 洋葱；洋葱头,Chop the onions finely.,把洋葱切碎。
sightseeing,'saɪtsiɪŋ,n. 观光；游览；adj. 观光的；游览的；v. 观光（sightsee的ing形式）；游览,"She swam and sunbathed, went sightseeing and relaxed.",她游泳，晒日光浴，观光，放松。
quarrel,'kwɔrəl,v. 吵架；争论；挑剔；n. 吵架；反目；怨言；争吵的原因；方头凿,I wish you two would stop quarreling.,我希望你们两个别再吵了。
pad,pæd,n. 衬垫；护具；便笺簿；填补；v. 步行；放轻脚步走,Use an abrasive pad for stubborn stains.,用百洁布擦洗顽固污渍。
theoretical,",θiə'rɛtɪkəl",adj. 理论的；理论上的；假设的；推理的,theoretical physics,理论物理
scarce,skɛrs,adj. 缺乏的，不足的；稀有的；adv. 仅仅；几乎不；几乎没有,Food was often scarce in the winter.,冬季常常粮食短缺。
pan,pæn,n. 平底锅；盘状的器皿；淘盘子，金盘，秤盘；v. 淘金；在浅锅中烹调（食物）；[非正式用语]严厉的批评,a frying pan,炒锅
amplify,'æmplɪfaɪ,v. 放大，扩大；增强；详述,an amplified guitar,带有扩音设备的电吉他
bow,baʊ,n. 弓；鞠躬；船首；v. 鞠躬；弯腰；adj. 弯曲的,This is done with a formal bow to the king or queen.,与此同时，还要向国王或女王正式鞠躬行礼。
sneak,snik,v. 溜；鬼鬼祟祟做事；向老师打小报告；n. 鬼鬼祟祟的人；偷偷摸摸的行为；告密者；adj. 暗中进行的,You little sneak!,你这个打小报告的家伙！
eternal,ɪ'tɝnl,adj. 永恒的；不朽的,the Christian promise of eternal life,基督教承诺的永生
harbor,'hɑrbɚ,v. 庇护；怀有；n. 海港；避难所,,
tomato,tə'meto,n. 番茄，西红柿,He staked his tomato vines with bamboo.,他用竹竿支撑起西红柿秧。
clockwise,'klɑk'waɪz,adv. 顺时针方向地；adj. 顺时针方向的,Screw the lid on clockwise.,按顺时针方向拧紧盖子。
verify,'vɛrɪfaɪ,v. 核实；查证,American forces will remain to verify compliance with the treaty.,美军将继续驻留，核查条约是否得到遵守。
zoo,zu,n. 动物园,The road to the zoo turns off here.,通向动物园的路由这儿拐弯。
blend,blɛnd,v. 混合；n. 混合；掺合物,a story that blends fact and legend,事实与传说相糅合的一个故事
assault,ə'sɔlt,n. 攻击；袭击；v. 攻击；袭击,The refugee camp came under assault again last night.,昨晚难民营再次遭袭。
voluntary,'vɑləntɛri,adj. 自愿的；志愿的；自发的；故意的；n. 志愿者；自愿行动,Workers are being encouraged to take voluntary redundancy.,工人被鼓励主动离职。
hen,hɛn,n. 母鸡；女人；雌禽,The hen sits in the hencoop [henroost].,母鸡卧窝。
isolate,aɪslˌet,v. 使隔离；使孤立；使绝缘；n. [生物] 隔离种群；adj. 隔离的；孤立的,The town was isolated by the floods.,洪水使该镇与外界隔绝。
orientation,orɪɛn'teʃən,n. 方向；定向；适应；情况介绍；向东方,The party has a broadly socialist orientation.,该政党大体上倾向于社会主义。
transfer,træns'fɝ,n. 转让；转移；传递；过户；v. 转让；转学；换车,Getting there often means a couple of transfers on a bus line.,去那里经常得倒两三趟公共汽车。
bag,bæɡ,n. 袋；猎获物；（俚）一瓶啤酒；v. 猎获；把…装入袋中；占据，私吞；使膨大,...a bag of sweets.,…一袋糖果。
sensible,'sɛnsəbl,adj. 明智的; 通情达理的; 合乎情理的; 意识到的，能感觉到的;；n. 可感觉到的东西; 敏感的人;,She seems very sensible.,她好像很明智。
siege,sidʒ,n. 围攻；包围；围城；不断袭击；长期努力；vt. 围攻；包围,The siege lasted almost four months.,这次封锁历时近四个月。
horizontal,'hɔrə'zɑntl,adj. 水平的；地平线的；同一阶层的；n. 水平线，水平面；水平位置,a horizontal surface,水平面
scissors,'sɪzɚz,n. 剪刀；剪式跳法；v. 剪开；删除（scissor的第三人称单数）,a pair of scissors,一把剪刀
perfume,pɚ'fjum,n. 香水；香味；v. 洒香水于…；使…带香味,She was wearing the perfume that he’d bought her.,她擦了他买给她的香水。
vegetable,ˈvɛdʒtəbəl; ˈvɛdʒətəbəl,n. 蔬菜；植物；植物人；adj. 蔬菜的；植物的,fresh fruit and vegetables,新鲜果蔬
foam,fom,n. 泡沫；水沫；灭火泡沫；v. 起泡沫；吐白沫；起着泡沫流动,a foam mattress,海绵橡胶床垫
huddle,'hʌdl,v. 把挤在一起；使缩成一团；草率了事；n. 拥挤；混乱；杂乱一团,We lay huddled together for warmth.,我们紧紧挤在一起取暖。
supermarket,'sʊpɚ'mɑrkɪt,n. 超级市场；自助售货商店,Most of us do our food shopping in the supermarket.,我们大多数人在这家超市采购食品。
tropical,'trɑpɪkl,adj. 热带的；热情的；酷热的,the tropical rain forests,热带雨林
feminine,'fɛmənɪn,adj. 女性的；妇女（似）的；阴性的；娇柔的,Dianne loved pretty feminine things.,黛安娜喜爱漂亮有女人味的东西。
hierarchy,'haɪərɑrki,n. 层级；等级制度,a rigid social hierarchy,严格的社会等级制度
lubricate,'lubrɪket,v. 润滑；涂油；起润滑剂作用,Lubricate all moving parts with grease.,给所有活动部件加润滑油。
overhear,",ovɚ'hɪr",v. 无意中听到；偷听,I overheard part of their conversation.,我碰巧听到了他们谈话的部分内容。
editorial,",ɛdɪ'tɔrɪəl",adj. 编辑的；社论的；n. 社论,an editorial assistant,编辑助理
modernization,",mɑdɚnə'zeʃən",n. 现代化,"For these reasons, the bank chose it as their development tool for their modernization project.",出于这些理由，银行选择它作为其现代化项目的开发工具。
pea,pi,n. 豌豆,roast chicken with peas and carrots,烤鸡配豌豆胡萝卜
exceed,ɪk'sid,v. 超过；胜过,Working hours must not exceed 42 hours a week.,工作时间每周不得超过42小时。
void,vɔɪd,adj. 空的；无效的；无人的；n. 空虚；空间；空隙；v. 使无效；排放,Her eyes were void of all expression.,她的眼神一片茫然。
headmaster,",hɛd'mæstɚ",n. 校长,This headmaster is very modest.,这位校长很谦虚。
twist,twɪst,v. 捻；拧；扭伤；编织；使苦恼；n. 扭曲；拧；扭伤,Her hands began to twist the handles of the bag she carried.,她的双手开始拧她拎着的那个包的拎柄。
sulfur,'sʌlfɚ,v. 用硫磺处理；n. 硫磺；硫磺色,,
stab,stæb,v. 刺；刺伤；戳；刺穿；直入；n. 刺；戳；尝试；突发的一阵,He was stabbed to death in a fight.,他在一次打斗中被捅死了。
chemist,'kɛmɪst,n. 化学家；化学工作者；药剂师；炼金术士,She worked as a research chemist.,她是一名化学研究员。
marital,'mærɪtl,adj. 婚姻的；夫妇间的,marital problems,婚姻问题
interior,ɪn'tɪrɪɚ,n. 内部；本质；adj. 内部的；国内的；本质的,The interior of the church was dark.,教堂里很暗。
spoon,spʊn,n. 匙，勺子；一杓的量；v. 用匙舀；使成匙状,He spooned instant coffee into two of the mugs.,他用勺把速溶咖啡舀进了两个杯子里。
vegetation,'vɛdʒə'teʃən,n. 植被；植物，草木；呆板单调的生活,Lefkas has an abundance of lush green vegetation.,莱夫卡斯有葱郁茂盛的植被。
helmet,'hɛlmɪt,n. 钢盔，头盔,The Sword split the Knight's helmet and bit him fatally.,剑劈开了骑士的头盔并致命地刺进他。
remainder,rɪ'mendɚ,n. [数] 余数，残余；剩余物；其余的人；adj. 剩余的；吃剩的；v. 廉价出售；削价出售,The remainder must be paid by the end of June.,剩余款项必须在6月底之前支付。
affluent,'æfluənt,adj. 富裕的；丰富的；流畅的；n. 支流；富人,affluent families,富裕的家庭
exact,ɪɡ'zækt,adj. 准确的，精密的；精确的；v. 要求；强求；急需,Police are still investigating the exact cause of the accident.,警方还在调查这起事故的确切原因。
pave,pev,v. 铺设；安排；作铺设之用；n. (Pave)人名；(西、塞)帕韦,"The avenue had never been paved, and deep mud made it impassable in winter.",这条大街从来没有铺过，深泥使其在冬天无法通行。
cycle,'saɪkl,n. 循环；周期；自行车；整套；一段时间；v. 使循环；使轮转,a woman’s menstrual cycle,女性的月经周期
workshop,'wɝkʃɑp,n. 车间；研讨会；工场；讲习班,Trumpeter Marcus Belgrave ran a jazz workshop for young artists.,鼓手马库斯马贝尔格瑞夫为年轻艺术家们举办了一场爵士乐研讨会。
beg,bɛɡ,v. 乞讨；恳求；回避正题；n. (Beg)人名；(德、塞、巴基)贝格,She begged and pleaded with them until they finally agreed.,她一再恳求，后来他们终于同意了。
bee,bi,n. 蜜蜂，蜂；勤劳的人,a swarm of bees,一群蜜蜂
telegram,'tɛlɪɡræm,n. 电报；vt. 用电报发送；vi. 发电报,The president received a briefing by telegram.,总裁收到了一份电报简报。
notorious,no'tɔrɪəs,adj. 声名狼藉的，臭名昭著的,a notorious computer hacker,声名狼藉的电脑黑客
bless,blɛs,v. 祝福；保佑；赞美；n. (Bless)人名；(英、意、德、匈)布莱斯,He’s always willing to help. Bless him!,他一向乐于助人，愿上帝保佑他！
peninsula,pə'nɪnsələ,n. 半岛,the Korean peninsula,朝鲜半岛
christian,'krɪstʃən,n. 基督徒，信徒；adj. 基督教的；信基督教的,He was a devout Christian.,他曾是一个虔诚的基督教徒。
grease,gris,v. 涂脂于；贿赂；n. 油脂；贿赂,His hair is thick with grease.,他的头发油腻腻的。
appoint,ə'pɔɪnt,v. 任命；指定；约定,officials appointed by the government,政府任命的官员
ease,iz,v. 减轻，缓和；使安心；n. 轻松，舒适；安逸，悠闲,measures to ease congestion in the city,改善城市拥堵状况的措施
digest,daɪ'dʒɛst,v. 消化；吸收；融会贯通；n. 文摘；摘要,Most babies can digest a wide range of food easily.,大多数婴儿能轻易地消化很多种食物。
judicial,dʒʊ'dɪʃəl,adj. 公正的，明断的；法庭的；审判上的,...an independent judicial system.,…一个独立的司法体系。
arrest,ə'rɛst,v. 逮捕；阻止；吸引；n. 逮捕；监禁,He was arrested and charged with murder.,他遭到逮捕并被指控谋杀。
compute,kəm'pjʊt,v. 计算；估算；用计算机计算；n. 计算；估计；推断,Final results had not yet been computed.,最终的结果还未计算出来。
quantitative,'kwɑntətetɪv,adj. 定量的；量的，数量的,...the advantages of quantitative and qualitative research.,…定量和定性研究的优点。
subordinate,səˈbɔːdɪnɪt (for n. &adj.) ; səˈbɔːdɪˌnet (for v.),n. 下属，下级；部属，属下；adj. 从属的；次要的；v. 使……居下位；使……服从,Haig tended not to seek guidance from subordinates.,黑格不想向下属们寻求指导。
denial,dɪ'naɪəl,n. 否认；拒绝；节制；背弃,"It seems clear that despite official denials, differences of opinion lay behind the ambassador's decision to quit.",很清楚，尽管官方否认，人们对大使决定辞职还是有不同看法。
applaud,ə'plɔd,v. 赞同；称赞；向…喝彩,I applaud the decision to install more security cameras.,我极力赞成安装更多监控摄像机的决定。
inject,ɪn'dʒɛkt,v. 注入；注射,His son was injected with strong drugs.,他的儿子被注射了强效的药。
bloom,blum,n. 花；青春；旺盛；v. 使开花；使茂盛,beautiful red blooms,美丽的红花
cyberspace,'saɪbɚspes,n. 网络空间；赛博空间,Students are discovering the endless amount of information in cyberspace.,学生在网络空间里不断发现无穷尽的信息。
pie,paɪ,n. 馅饼；饼图；爱说话的人；vt. 使杂乱,I had a steak and kidney pie with chips.,我吃了一份牛肉腰子馅饼加薯条。
pig,pɪɡ,n. 猪；猪肉；v. 生小猪；像猪一样过活,He kept pigs and poultry.,他养过猪和家禽。
illuminate,ɪ'lumɪnet,v. 阐明，说明；照亮；使灿烂；用灯装饰,A single candle illuminated his face.,一支蜡烛照亮了他的脸。
football,'fʊtbɔl,n. 足球，橄榄球；vi. 踢足球；打橄榄球,Which football team do you support?,你支持哪个球队？
navy,'nevi,n. 海军,the British Navy,英国海军
pit,pɪt,n. 矿井；深坑；陷阱；（物体或人体表面上的）凹陷；（英国剧场的）正厅后排；正厅后排的观众；v. 使竞争；窖藏；使凹下；去…之核；使留疤痕,Dad first went down the pit (= worked in a coal mine ) when he was 15 years old.,爸爸第一次下煤矿井时才15岁。
hardship,'hɑrdʃɪp,n. 困苦；苦难；艰难险阻,an economic policy that caused great hardship for many people,造成许多人贫困的经济政策
exterior,ɪk'stɪrɪɚ,adj. 外部的；表面的；外在的；n. 外部；表面；外型；外貌,The exterior walls need a new coat of paint.,外墙需要刷新漆了。
glorious,'ɡlɔriəs; 'ɡloriəs,adj. 光荣的；辉煌的；极好的,a truly glorious future,无比美好的将来
pot,pɑt,n. 壶；盆；罐；v. 把…装罐；射击；节略,herbs growing in pots,长在花盆里的草本植物
tenant,'tɛnənt,n. 承租人；房客；佃户；居住者；v. 租借（常用于被动语态）,The desk was left by the previous tenant.,书桌是上一个房客留下来的。
acrobat,'ækrəbæt,n. 杂技演员，特技演员；随机应变者；翻云覆雨者，善变者,,
quantity,'kwɑntəti,n. 量，数量；大量；总量,Your work has improved in quantity and quality this term.,这学期你的作业在完成数量和质量上都有提高。
submarine,",sʌbmə'rin",n. 潜水艇；海底生物；adj. 海底的；水下的；v. 用潜水艇攻击,a nuclear submarine,核潜艇
cardinal,'kɑrdɪnl,n. 红衣主教；枢机主教；鲜红色；【鸟类】(北美)主红雀；adj. 主要的，基本的；深红色的,Having clean hands is one of the cardinal rules when preparing food.,双手洁净是准备食物时的一项最基本要求。
absurd,"əbˈsɚd, -ˈzɚd",adj. 荒谬的；可笑的；n. 荒诞；荒诞作品,It seems an absurd idea.,这似乎是个荒唐的想法。
intermediate,",ɪntɚ'midɪət",v. 起媒介作用；adj. 中间的，中级的；n. [化学] 中间物；媒介,an intermediate stage during which the disease is dormant,疾病处于潜伏状态的中期
temple,'tɛmpl,n. 庙宇；寺院；神殿；太阳穴,,
colonel,'kɝnl,n. 陆军上校,Nothing remained of the colonel.,上校身后毫无遗物。
obey,ə'be,v. 服从，听从；按照……行动；n. (Obey)人名；(英、法)奥贝,The little boy made no effort to obey.,这小男孩不肯服从。
crane,kren,n. 吊车，起重机；鹤；v. 伸着脖子看；迟疑，踌躇,The little prefabricated hut was lifted away by a huge crane.,那间小小的预制棚屋被一台巨大的起重机吊走了。
appraisal,ə'prezl,n. 评价；估价（尤指估价财产，以便征税）；估计,What is needed in such cases is a calm appraisal of the situation.,在此类情况下需要的是对形势的冷静估计。
doctorate,'dɑktərət,n. 博士学位；博士头衔,Professor Lanphier obtained his doctorate in social psychology from the University of Michigan.,兰菲尔教授从密歇根大学获得了社会心理学博士学位。
guideline,'ɡaɪdlaɪn,n. 指导方针,This chapter gives you some guidelines to help you in your work.,本章将介绍一些指导性原则，为你的工作提供帮助。
bump,bʌmp,n. 肿块，隆起物；撞击；v. 碰撞，撞击；颠簸而行；adv. 突然地，猛烈地,She has a bump on the back of her head.,她的后脑勺上肿起了一块。
electron,ɪ'lɛktrɑn,n. 电子,Most things are balanced - with equal numbers of electrons and protons.,大部分物体都是电荷平衡的——含等量的电子和质子。
royalty,'rɔɪəlti,n. 皇室；版税；王权；专利税,At school the other children treated them like royalty .,在学校里，其他孩子将他们奉若王族。
weed,wid,v. 除草；铲除；n. 杂草，野草；菸草,Caspar was weeding the garden.,卡斯帕正在给花园除草。
thorn,θɔrn,n. 刺；[植] 荆棘,"a long, low hedge of thorns",一长排矮矮的荆棘树篱
wedge,wɛdʒ,v. 楔入；挤进；楔住；n. 楔子；楔形物；导致分裂的东西,The phone was wedged under his chin.,电话夹在他下巴下面。
allocate,'æləket,v. 分配；拨出；使坐落于,Tickets are limited and will be allocated to those who apply first.,票数有限，将分配给那些先申请的人。
bull,,n. 公牛；看好股市者；粗壮如牛的人；胡说八道；印玺；adj. 大型的；公牛似的；雄性的；v. 企图抬高证券价格；吓唬；强力实现,a herd of cows with one bull,一群母牛加一头公牛
kidnap,'kɪdnæp,v. 绑架；诱拐；拐骗,Police appealed for wit­nesses after a woman was kidnapped at gunpoint.,一名妇女遭到持枪绑架，警方呼吁目击者挺身而出。
wrinkle,'rɪŋkl,n. 皱纹；v. 起皱,Her face was a mass of wrinkles.,她的脸上布满皱纹。
weep,wip,v. 哭泣；流泪；哀悼；滴落；渗出液体；n. 哭泣；眼泪；滴下,James broke down and wept.,詹姆斯控制不住感情，哭了起来。
reckless,'rɛkləs,adj. 鲁莽的，不顾后果的；粗心大意的；n. (Reckless)人名；(英)雷克利斯,He was accused of causing death by reckless driving .,他被控因鲁莽驾驶致人死亡。
lumber,'lʌmbɚ,v. 伐木；喧闹地向前走；笨重地行动，缓慢地移动；n. 木材；废物，无用的杂物；隆隆声,A blue bus lumbered past.,一辆蓝色公共汽车慢吞吞地驶过。
october,ɑk'tobɚ,n. [天] 十月,Most seasonal hiring is done in early October.,多数季节性招聘是在10月初进行。
arbitrary,ˈɑːrbətreri,adj. [数] 任意的；武断的；专制的,an arbitrary decision,武断的决定
unload,'ʌn'lod,v. 卸；摆脱…之负担；倾销,Unload everything from the boat and clean it thoroughly.,从小船上卸下所有的货物并彻底地清洗。
strap,stræp,v. 用带捆绑；用皮条抽打；约束；n. 带；皮带；磨刀皮带；鞭打,soldiers with grenades strapped to their belts,腰带上绑着手榴弹的士兵
skillful,'skɪlfəl,adj. 熟练的；巧妙的,"I like making things by hand because my mother is very skillful, and I liked staying with her when I was young.",我喜欢亲手作一些东西，这是因为我母亲的手非常巧，而且我小的时候喜欢同她在一起。
straw,strɔ,n. 稻草；吸管；一文不值的东西；adj. 稻草的；无价值的,She sipped her lemonade through a straw.,她用吸管吸着柠檬水。
bend,bɛnd,v. 使弯曲；使屈服；使致力；使朝向；n. 弯曲,Several branches started bending towards the ground.,数根枝条开始向地面弯垂。
absent,ˈæbsənt,adj. 缺席的；缺少的；心不在焉的；茫然的；v. 使缺席,"The dull, absent look on her face implied boredom.",她脸上呆滞、茫然的神情说明她觉得无聊了。
grief,ɡrif,n. 悲痛；忧伤；不幸,Every change in our lives brings with it griefs.,我们生活当中的每一个变化都有让人伤心的一面。
mankind,mæn'kaɪnd,n. 人类；男性,"Since earliest times, mankind has been fascinated by fire.",人类自远古以来就对火很感兴趣。
metal,'mɛtl,n. 金属；合金；v. 以金属覆盖；adj. 金属制的,The gate is made of metal.,这扇大门是用金属做成的。
rebel,rɪ'bɛl,v. 反叛；反抗；造反；n. 反叛者；叛徒；adj. 反抗的；造反的,Voters rebelled against high property taxes.,投票者们反对高额财产税。
leather,'lɛðɚ,n. 皮革；皮革制品；v. 用皮革包盖；抽打；adj. 皮的；皮革制的,The inside of the bag was lined with soft leather.,这包的里面衬了软皮。
crash,kræʃ,n. 撞碎；坠毁；破产；轰隆声；睡觉；v. 摔碎；坠落；发出隆隆声；(金融企业等)破产,a crash victim,车祸受害者
evoke,ɪ'vok,v. 引起，唤起；博得,The photographs evoked strong memories of our holidays in France.,那些照片勾起了我们到法国度假的深刻回忆。
dividend,'dɪvɪdɛnd,n. 红利；股息；[数] 被除数；奖金,The first quarter dividend has been increased by nearly 4 percent.,第一季度的股息增加了近4％。
electric,ɪ'lɛktrɪk,adj. 电的；电动的；发电的；导电的；令人震惊的；n. 电；电气车辆；带电体,an electric blanket,电热毯
bury,'bɛri,v. 埋葬；隐藏；n. (Bury)人名；(法)比里；(英、西)伯里；(德、意、罗、波、捷、匈)布里；(俄)布雷,Electric cables are buried beneath the streets.,电缆埋在街道的下面。
tumble,'tʌmbl,v. 摔倒；倒塌；滚动；打滚；仓惶地行动；n. 跌倒；翻筋斗；跌跤,A small boy tumbled off the porch.,一个小男孩从门廊上摔了下去。
diplomatic,",dɪplə'mætɪk",adj. 外交的；外交上的；老练的,Diplomatic efforts to end the fighting began on October 25.,停战的外交努力于10月25日开始。
refugee,'rɛfjʊdʒi,n. 难民，避难者；流亡者，逃亡者,Refugees were streaming across the border.,难民正涌过边境。
pub,pʌb,n. 酒馆；客栈,Do you fancy going to the pub?,你想去酒吧吗？
dove,dʌv; dov,n. 鸽子；鸽派人士；v. 潜水（dive的过去式）,"As part of the study, due to be unveiled later this month, participants were given the option of being a ‘dove’ and cooperating with others for shared benefit, or taking on the role of a ‘hawk’.",该项研究的具体内容将会在本月末公布，其中的一项内容是一个游戏，参与者可以选择成为“鸽派”的角色， 与他人合作共享利益， 或者成为“鹰派”的角色。
salute,sə'lut,n. 致敬，欢迎；敬礼；v. 行礼致敬，欢迎,"As they left, the corporal gave them a respectful salute.",他们离开时，下士恭敬地向他们行礼。
bell,bɛl,n. 铃，钟；钟声，铃声；钟状物；v. 装钟于，系铃于,church bells,教堂的钟
heroic,hə'roɪk,adj. 英雄的；英勇的；记叙英雄及其事迹的；夸张的；n. 史诗；英勇行为,her heroic efforts to save her family,她拯救家人的英勇行为
crust,krʌst,n. 地壳；外壳；面包皮；坚硬外皮；v. 结硬皮；结成外壳,sandwiches with the crusts cut off,切去边皮的三明治
kindness,'kaɪndnəs,n. 仁慈；好意；友好的行为,I can’t thank you enough for your kindness.,你的好意我感激不尽。
volt,volt,n. 伏特（电压单位）；环骑；闪避,,
crush,krʌʃ,v. 压碎；弄皱，变形；使…挤入；n. 粉碎；迷恋；压榨；拥挤的人群,His leg was crushed in the accident.,他的腿在事故中被压断。
canoe,kə'nu,n. 独木舟；轻舟；v. 乘独木舟,"We saw the canoe overturn, throwing its passengers into the water.",我们看到独木舟倾覆了，把上面的乘客掀入水中。
cab,kæb,n. 驾驶室；出租汽车；出租马车；v. 乘出租马车（或汽车）,New York’s yellow cabs,纽约的黄色出租车
dorm,dɔrm,n. 宿舍（等于dormitory）,"But I had no food in my dorm, so I had to go to canteen.",但是我在宿舍没有东西可吃，所以我只能去餐厅了。
petition,pə'tɪʃən,n. 请愿；请愿书；祈求；[法] 诉状；v. 请愿；请求,Local residents have drawn up a petition to protest the hospital closure.,当地居民已草拟了一份请愿书，抗议关闭医院。
enclose,ɪn'kloz,v. 围绕；装入；放入封套,Please enclose a cheque with your order.,请随订单附上支票。
emit,ɪ'mɪt,v. 发出，放射；发行；发表,The kettle emitted a shrill whistle.,水壶发出了刺耳的鸣笛声。
orchard,'ɔrtʃɚd,n. 果园；果树林,a cherry orchard,樱桃园
interrupt,'ɪntə'rʌpt,v. 中断；打断；插嘴；妨碍；n. 中断,Will you stop interrupting me!,别打断我的话！
complication,",kɑmplɪ'keʃən",n. 并发症；复杂；复杂化；混乱,The fact that the plane was late added a further complication to our journey.,飞机误点给我们的旅行带来了更大的麻烦。
tablet,'tæblət,n. 碑；药片；写字板；小块；平板电脑；vt. 用碑牌纪念；将(备忘录等)写在板上；将…制成小片或小块,She took a couple of headache tablets .,她吃了几片头痛药。
couch,kaʊtʃ,n. 睡椅，长沙发；床；卧榻；v. 蹲伏，埋伏；躺着,Tom offered to sleep on the couch.,汤姆说他来睡沙发。
gaze,ɡeɪz,v. 凝视；注视；n. 凝视；注视,"Patrick sat gazing into space  (= looking straight in front, not at any particular person or thing ).",帕特里克坐着，茫然地看着前方。
economical,",ɛkə'nɑmɪkl",adj. 经济的；节约的；合算的,A small car is more economical to run.,开小型汽车比较省油。
quilt,kwɪlt,n. 被子；棉被；v. 东拼西凑地编；加软衬料后缝制,...an old patchwork quilt.,…一条旧的拼布被子。
imperial,ɪm'pɪrɪəl,adj. 帝国的；皇帝的；至高无上的；威严的；n. 纸张尺寸；特等品,Britain’s imperial expansion in the 19th century,19世纪英帝国的扩张
infectious,ɪn'fɛkʃəs,adj. 传染的；传染性的；易传染的,infectious diseases,传染性疾病
candy,'kændi,v. 用糖煮；使结晶为砂糖；美化；n. 糖果（等于sweets）；冰糖（等于sugar candy，rock candy）；毒品；adj. 新潮的（服饰）；甜言蜜语的,...a piece of candy.,…一块糖果。
gum,ɡʌm,n. 口香糖；树胶；橡皮；v. 用胶粘，涂以树胶；使…有粘性,I do not chew gum in public.,我不在公共场合嚼口香糖。
opaque,o'pek,adj. 不透明的；不传热的；迟钝的；n. 不透明物；vt. 使不透明；使不反光,a shower with an opaque glass door,装有不透明玻璃门的淋浴间
housework,'haʊs'wɝk,n. 家务事,Men are doing more housework nowadays.,现今男人正在承担越来越多的家务。
fifty,'fɪfti,n. 五十；五十个；编号为50的东西；adj. 五十的；五十个的；众多的,Standards of living rose in the fifties.,50年代生活水平提高了。
mercury,,n. [化]汞，水银,Some thieves have eaten off their irons with mercury water.,有些窃贼用汞水腐蚀他们的镣铐。
aisle,aɪl,n. 通道，走道；侧廊,Would you like a window seat or an aisle seat (=  seat next to the aisle  ) ?,您想要靠窗的座位还是靠过道的座位？
hobby,'hɑbi,n. 嗜好；业余爱好,What are your hobbies?,你有些什么爱好？
exile,'ɛksaɪl,n. 流放，充军；放逐，被放逐者；流犯；v. 放逐，流放；使背井离乡,political exiles,政治流亡者
syndrome,'sɪndrəm,n. [临床] 综合症状；并发症状；校验子；并发位,people who suffer from irritable bowel syndrome,患有肠道过敏综合征的人
radius,'redɪəs,n. 半径，半径范围；[解剖] 桡骨；辐射光线；有效航程,The shock of the explosion was felt over a radius of forty miles.,爆炸引起的剧烈震动在方圆40英里内都能感觉得到。
inspect,ɪn'spɛkt,v. 检查；视察；检阅,I got out of the car to inspect the damage.,我下车查看损坏情况。
legacy,'lɛgəsi,n. 遗赠，遗产,She received a small legacy from her aunt.,她从姨妈那里继承了一小笔遗产。
lemon,'lɛmən,adj. 柠檬色的；n. 柠檬,A lemon is an acid fruit.,柠檬是一种酸味水果。
permeate,'pɝmɪet,v. 渗透，透过；弥漫,The smell of diesel oil permeated the air.,空气里充斥着柴油的气味。
fluctuate,'flʌktʃʊ'et,v. 波动；涨落；动摇,Insect populations fluctuate wildly from year to year.,昆虫的数量每年变化很大。
jewel,'dʒuəl,n. 宝石；珠宝；v. 镶以宝石；饰以珠宝,She loved dressing up and wearing priceless jewels.,她喜欢穿上盛装，戴上极为昂贵的珠宝首饰。
transport,'trænspɔrt,n. 运输；运输机；狂喜；流放犯；v. 运输；流放；使狂喜,commuters who travel on public transport,乘坐公共交通车辆上下班的人
farewell,",fɛr'wɛl",n. 告别，辞别；再见；再会；int. 别了！（常含有永别或不容易再见面的意思）；再会！；adj. 告别的,Mourners gathered to bid farewell to the victims of the plane tragedy.,哀悼者来向空难受害者告别。
carpenter,ˈkɑːrpəntər,n. 木匠，木工；v. 当木匠，做木匠工作,He is a carpenter by profession.,他以木工为业。
persuasion,pɚ'sweʒn,n. 说服；说服力；信念；派别,"After a little gentle persuasion , Debbie agreed to let us in.",好言劝说了几句后，黛比就同意让我们进去了。
gaol,dʒeɪl,v. 监禁；n. 监狱,,
despise,dɪ'spaɪz,v. 轻视，鄙视,She despised her neighbours.,她看不起她的邻居。
jury,'dʒʊri,n. [法] 陪审团；评判委员会；adj. 应急的,the members of the jury,陪审团成员
artery,'ɑrtəri,n. 动脉；干道；主流,"...Connecticut Ave., one of the main arteries of Washington.",…康涅狄格大道，华盛顿的主干道之一。
silk,sɪlk,n. 丝绸；蚕丝；丝织物；adj. 丝的；丝绸的；丝制的；vi. （玉米）处于长须的阶段中,pure silk stockings,生丝面料的漂亮连衣裙
guy,,n. 男人，家伙；v. 嘲弄，取笑,Dave’s a nice guy when you get to know him.,戴夫是个好人，你了解他后就知道了。
romantic,ro'mæntɪk,adj. 浪漫的；多情的；空想的；n. 浪漫的人；vt. 使…浪漫化,‘Tom always sends me red roses on my birthday.’ ‘How romantic!’,“我过生日时汤姆总是给我送红玫瑰。”“多浪漫啊！”
gut,ɡʌt,n. 内脏；肠子；剧情；胆量；海峡；勇气；直觉；肠；v. 取出内脏；摧毁（建筑物等）的内部；adj. 简单的；本质的，根本的；本能的，直觉的,He had a gut feeling that Sarah was lying.,他凭直觉感到萨拉在撒谎。
tedious,'tidɪəs,adj. 沉闷的；冗长乏味的,The work was tiring and tedious.,这工作既累人又枯燥。
friendly,'frɛndli,adj. 友好的；亲切的；支持的；融洽的，和睦的；adv. 友善地；温和地；n. (Friendly)人名；(英)弗兰德利,a friendly smile,亲切的微笑
anguish,'æŋɡwɪʃ,n. 痛苦；苦恼；v. 使极度痛苦,the anguish of not knowing what had happened to her,由于不知道她发生了什么事而痛苦不堪
gun,ɡʌn,n. 枪支；枪状物；持枪歹徒；v. 用枪射击；加大油门快速前进,I’ve never fired a gun in my life.,我这辈子从来没开过枪。
mechanic,mə'kænɪk,n. 技工，机修工；adj. 手工的,a garage mechanic,汽车修理厂的技工
conquest,'kɑŋkwɛst,n. 征服，战胜；战利品,the Norman Conquest (= the conquest of England by the Normans ),诺曼征服
physiological,",fɪzɪə'lɑdʒɪkl",adj. 生理学的，生理的,"If so, this would add to a growing list of physiological and biological markers of sexual orientation.",如果是这样，这可能会给生理和生物学上的性取向标记增加一长串名单。
bug,bʌɡ,n. 臭虫，小虫；故障；窃听器；v. 烦扰，打扰；装窃听器,There’s a nasty bug going round (=  that a lot of people have caught  ) .,现在流行着一种很烦人的传染病。
curse,kɝs,n. 诅咒；咒骂；v. 诅咒；咒骂,He muttered a curse under his breath.,他低声骂了一句。
badge,bædʒ,n. 徽章；证章；标记；v. 授给…徽章,We were each handed a badge with our name on it.,我们每个人都拿到一个徽章，上面有我们的名字。
gang,ɡæŋ,n. 群；一伙；一组；v. 使成群结队；结伙伤害或恐吓某人,Several gangs were operating in the area.,有好几个犯罪团伙在这个地区活动。
bud,bʌd,n. 芽，萌芽；蓓蕾；v. 发芽，萌芽,rose buds,玫瑰花苞
nucleus,'nuklɪəs,n. 核，核心；原子核,Neutrons and protons are bound together in the nucleus of an atom.,在一个原子的核内，中子和质子聚合在一起。
swift,swɪft,n. 褐雨燕；adj. 快的；迅速的；敏捷的；立刻的；adv. 迅速地,My letter received a swift reply.,我的信很快就得到了回复。
extravagant,ɪk'strævəgənt,adj. 奢侈的；浪费的；过度的；放纵的,Would it be too extravagant to buy both?,把两个都买下会不会太奢侈了？
latent,'letnt,adj. 潜在的；潜伏的；隐藏的,latent aggression,潜在的侵略
beef,bif,n. 牛肉；肌肉；食用牛；牢骚；v. 抱怨，告发；发牢骚,roast beef,烤牛肉
nominal,'nɑmɪnl,adj. 名义上的；有名无实的；[会计] 票面上的；n. [语] 名词性词,the nominal head of the rebellion,这次叛乱名义上的领导人
reproduce,",riprə'dus",v. 复制；再生；生殖；使…在脑海中重现,The turtles return to the coast to reproduce.,海龟回到岸上繁殖。
geology,dʒɪ'ɑlədʒi,n. 地质学；地质情况,He was visiting professor of geology at the University of Georgia.,他曾是佐治亚大学的地质学客座教授。
beer,bɪr,n. 啤酒；vi. 喝啤酒,a pint of beer,一品脱啤酒
hurry,'hɝrɪ,n. 匆忙，急忙；v. 仓促（做某事）；催促；（朝某方向）迅速移动；迅速处理,"Sorry, I can’t stop, I’m in a hurry.",对不起，我不能停下，我赶时间。
survey,ˈsɝˌve; (for v.) sɝˈve,n. 调查；测量；审视；纵览；v. 调查；勘测；俯瞰,The council conducted a survey of the uses to which farm buildings are put.,该委员会对农场建筑的用途进行了一个调查。
gown,ɡaʊn,n. 长袍，长外衣；礼服；睡袍；法衣；v. 使穿睡衣,a hospital gown,医院手术服
divine,dɪ'vaɪn,adj. 神圣的；非凡的；天赐的；极好的；v. 占卜；预言；用占卜勘探；n. 牧师；神学家,divine power,神的力量
tongue,tʌŋ,n. 舌头；语言；v. 舔；斥责；用舌吹,Joe ran his tongue over his dry lips.,乔舔了舔干燥的嘴唇。
sink,sɪŋk,v. 下沉；消沉；渗透；n. 水槽；洗涤槽；污水坑,Their motorboat struck a rock and began to sink.,他们的摩托艇触了礁，开始下沉。
sing,sɪŋ,v. 唱歌；歌颂；鸣叫；呼号；n. 演唱；鸣声；呼啸声,She can sing beautifully.,她唱歌很好听。
rejoice,rɪ'dʒɔɪs,v. 高兴；庆祝,"This should be wonderful news for... well, for all women born in 1979 and 1980, who can rejoice in the realisation that they are – or are about to be – at their peak.",这对所有在1979 和1980 年出生的女人来说应该是一个很棒的消息，她们会为自己正处于或即将处于人生的黄金时刻而感到高兴。
pitch,pɪtʃ,v. 倾斜；投掷；搭帐篷；坠落；n. 沥青；音高；程度；树脂；倾斜；投掷；球场,Try and pitch your tent on level ground.,试试在平地上搭帐篷。
cafeteria,",kæfə'tɪrɪə",n. 自助餐厅,the school cafeteria,学校餐厅
trolley,'trɑli,n. 手推车；（美）有轨电车（等于trolley car）；（英）无轨电车（等于trolleybus）；空中吊运车；vi. 乘电车；vt. 用手推车运,a supermarket trolley,超市购物手推车
erase,ɪ'res,v. 抹去；擦除,"The computer crashed, and all our records were erased.",计算机瘫痪了，我们所有的记录都被删除了。
eject,ɪ'dʒɛkt,v. 喷射；驱逐，逐出,Two engines cut out and the plane started to eject fuel as it lost height.,两个发动机突然熄火，飞机在下降的同时开始喷出燃料。
ashamed,ə'ʃemd,adj. 惭愧的，感到难为情的；耻于……的,Everyone cries sometimes – it’s nothing to be ashamed of.,每个人都会有哭的时候——没什么好难为情的。
junk,dʒʌŋk,n. 垃圾，废物；舢板,This cupboard’s full of junk.,这个壁橱里塞满了杂物。
complement,ˈkɑːmplɪment,n. 补语；余角；补足物；v. 补足，补助,The green wallpaper is the perfect complement to the old pine of the dresser.,绿色墙纸是旧松木梳妆台的完美衬托。
upper,'ʌpɚ,adj. 上面的，上部的；较高的；n. (Upper)人名；(英)厄珀,the upper lip,上唇
hopeful,'hopfl,adj. 有希望的；有前途的；n. 有希望成功的人,The vote is a hopeful sign that attitudes in the church are changing.,投票结果是个好兆头，表明教会的态度正在转变。
tariff,'tærɪf,n. 关税表；收费表；v. 定税率；征收关税,America wants to eliminate tariffs on items such as electronics.,美国想要取消电子类产品的关税。
comprehend,",kɑmprɪ'hɛnd",v. 理解；包含；由…组成,She cannot comprehend the extent of the disaster.,她无法理解这场灾难的严重程度。
bacterium,bæk'tɪrɪəm,n. [微] 细菌；杆菌属,,
blunder,'blʌndɚ,v. 跌跌撞撞地走；犯大错；n. 大错,They blundered badly when they gave him the job.,他们犯了大错，让他做这份工作。
fridge,frɪdʒ,n. 电冰箱,Then all three of you sign the contract and post in on the fridge.,然后你们三个人要都在协议上签名，并把它贴在冰箱上。
towel,'taʊəl,n. 毛巾，手巾；[纸] 纸巾；v. 用毛巾擦,Have you got a clean towel I could use?,你有没有干净毛巾给我用？
rifle,'raɪfl,n. 步枪；来复枪；v. 用步枪射击；抢夺；偷走,They shot him at point blank range with an automatic rifle.,他们用一支自动步枪在近距离射程内射中了他。
kidney,'kɪdni,n. [解剖] 肾脏；腰子；个性,a kidney transplant,肾脏移植
storage,'stɔrɪdʒ,n. 存储；仓库；贮藏所,the storage of highly radioactive material,高放射性材料的存放
auction,'ɔkʃən,v. 拍卖；竞卖；n. 拍卖,Eight drawings by French artist Jean Cocteau will be auctioned next week.,法国艺术家让·科克托的8幅画作将在下周拍卖。
solemn,'sɑləm,adj. 庄严的，严肃的；隆重的，郑重的,a solemn expression,严肃的表情
intensity,ɪn'tɛnsəti,n. 强度；强烈；[电子] 亮度；紧张,The intensity of the hurricane was frightening.,飓风的猛烈程度令人恐惧。
sham,ʃæm,n. 假装；骗子；赝品；v. 假装；冒充；adj. 假的；虚假的；假装的,The elections were a complete sham.,这次大选完全是一场骗局。
jewelry,'dʒʊəlri,n. 珠宝；珠宝类,,
ghost,ɡost,n. 鬼，幽灵；v. 作祟于；替…捉刀；为人代笔,They say the young girl’s ghost still haunts (= often appears in ) the house.,他们说那个少女的鬼魂依旧在那房子里出没。
storm,stɔrm,n. 暴风雨；大动荡；v. 起风暴；横冲直撞；狂怒咆哮,The weather forecast is for severe storms tonight.,天气预报说今晚有强暴风雨。
lord,lɔrd,n. 主；上帝；int. 主，天啊；v. 使成贵族,the feudal lords,封建领主
sausage,'sɔsɪdʒ,n. 香肠；腊肠；装香肠的碎肉,pork sausages,猪肉香肠
virgin,'vɝdʒɪn,adj. 处女的；纯洁的；未经利用的，处于原始状态的；n. 处女,Within 40 years there will be no virgin forest left.,过不了40年原始森林将所剩无几。
sail,sel,v. 航行；启航，开船；n. 帆，篷；航行,Three tall ships sailed past.,三艘大船驶了过去。
instant,'ɪnstənt,adj. 立即的；紧急的；紧迫的；n. 瞬间；立即；片刻,an instant success,马到成功
deer,dɪr,n. 鹿,The hunter wounded the deer.,猎人打伤了鹿。
quantify,'kwɑntɪfaɪ,v. 量化；为…定量；确定数量,an attempt to quantify the region’s social and economic decline,对该地区社会和经济衰退进行量化的尝试
affection,ə'fɛkʃən,n. 喜爱，感情；影响；感染,She looked back on those days with affection .,她深情地回顾那些日子。
forgive,fɚ'ɡɪv,v. 原谅；免除（债务、义务等）,He didn’t look the sort of man to forgive and forget (= forgive someone and no longer think about it ) .,他看上去不是那种不记仇的人。
postcard,'post'kɑrd,n. 明信片,Don’t forget to send us a postcard!,别忘了给我们寄张明信片！
transmission,træns'mɪʃən,n. 传动装置，[机] 变速器；传递；传送；播送,worldwide data transmission,全球数据传输
betray,bɪ'tre,v. 背叛；出卖；泄露（秘密）；露出…迹象,He felt that she had betrayed him.,他感觉她背叛了自己。
confess,kən'fɛs,v. 承认；坦白；忏悔；供认,Occasionally people confess to crimes they haven’t committed just to get attention.,偶尔人们会承认自己并未犯过的罪行，那只是为了引人注意。
magic,'mædʒɪk,n. 巫术；魔法；戏法；adj. 不可思议的；有魔力的；魔术的,Do you believe in magic?,你相信魔法吗？
voyage,'vɔɪɪdʒ,n. 航行；航程；旅行记；v. 航行；航海,The voyage from England to India used to take six months.,过去从英格兰到印度要航行六个月。
explicit,ɪk'splɪsɪt,adj. 明确的；清楚的；直率的；详述的,The contrast could not have been made more explicit.,这个对比再清楚不过了。
butter,'bʌtɚ,v. 涂黄油于；讨好；n. 黄油；奶油；奉承话,buttered toast,涂了黄油的烤面包片
paste,pest,v. 张贴，裱糊；用浆糊粘；n. 面团，膏；糊状物，[胶粘] 浆糊,Data can be pasted into word processing documents.,数据可以粘贴到文字处理文件中。
reservation,",rɛzɚ'veʃən",n. 预约，预订；保留,a dinner reservation,预订晚餐
resolute,'rɛzəlut,adj. 坚决的；果断的,resolute opposition,坚决的反对
quartz,kwɔrts,n. 石英,quartz crystals,石英晶体
artificial,",ɑrtɪ'fɪʃl",adj. 人造的；仿造的；虚伪的；非原产地的；武断的,artificial flowers,假花
zinc,zɪŋk,v. 镀锌于…；涂锌于…；用锌处理；n. 锌,Copper and zinc are fused to make brass.,铜与锌熔合后形成黄铜。
shrug,ʃrʌɡ,v. 耸肩，耸肩表示；n. 耸肩,I just shrugged my shoulders and ignored him.,我只是耸耸肩，没有理睬他。
battery,'bæt(ə)rɪ,n. [电] 电池，蓄电池,You have to take the top off to change the batteries .,你得把顶盖拿掉才能更换电池。
domain,do'men,n. 领域；域名；产业；地产,Looking after the house was viewed as a woman’s domain.,料理家务被认为是女性的份内之事。
loop,lup,v. 打环；翻筋斗；n. 环；圈；弯曲部分；翻筋斗,He looped the rope over the wood.,他把绳子打了环系在木头上。
sheep,ʃip,n. 羊，绵羊；胆小鬼,Sheep were grazing on the hillside.,羊群在山坡上吃草。
sheer,ʃɪr,adj. 绝对的；透明的；峻峭的；纯粹的；adv. 完全；陡峭地；v. 偏航；n. 偏航；透明薄织物,I’ll never forget the look of sheer joy on her face.,我永远也不会忘记她满脸喜悦的神情。
deck,dɛk,n. 甲板；行李仓；露天平台；v. 装饰；装甲板；打扮,deck furniture,木制平台上用的家具
fasten,'fæsən,v. 使固定；集中于；扎牢；强加于；n. (Fasten)人名；(英)法森,,
install,ɪn'stɔl,v. 安装；任命；安顿,They’ve installed the new computer network at last.,他们终于安装了新电脑网络。
intensive,ɪn'tɛnsɪv,adj. 加强的；集中的；透彻的；加强语气的；n. 加强器,a one-week intensive course in English,为期一周的英语强化课程
linear,'lɪnɪɚ,adj. 线的，线型的；直线的，线状的；长度的,a linear diagram,线形图
wreck,rɛk,n. 破坏；失事；残骸；失去健康的人；v. 破坏；使失事；拆毁,He was still alive when they pulled him from the wreck.,他们把他从失事的车辆中拖出来时，他还活着。
stool,stʊl,n. 凳子；粪便；厕所；v. 长新枝；分檗,a bar stool,酒吧高凳
stoop,stʊp,v. 弯腰；屈服；堕落；n. 弯腰，屈背；屈服,We had to stoop to pass through the low entrance.,我们得弯腰通过那低矮的入口。
exceptional,ɪk'sɛpʃənl,adj. 异常的，例外的；n. 超常的学生,an exceptional student,出类拔萃的学生
vowel,'vaʊəl,n. 元音；母音；adj. 元音的,But he could say vowel clearly and began to learn vocabulary.,但是他已经能清楚地说元音并开始学习词汇。
chocolate,'tʃɑklət,n. 巧克力，巧克力糖；巧克力色；adj. 巧克力色的；巧克力口味的,a chocolate bar,巧克力条
staple,'stepl,n. 主要产品；订书钉；主题；主食；adj. 主要的，大宗生产的；常用的；纺织纤维的；v. 把…分级；钉住,staples like flour and rice,面粉和大米等主食
courtyard,'kɔrtjɑrd,n. 庭院，院子；天井,the castle courtyard,城堡的庭院
napkin,'næpkɪn,n. 餐巾；餐巾纸；尿布,...taking tiny bites of a hot dog and daintily wiping my lips with a napkin.,…小口咬着热狗并用餐巾文雅地擦着我的嘴唇。
quiver,'kwɪvɚ,n. 颤抖；箭袋；震动；v. 颤抖；振动,I recognized it instantly and felt a quiver of panic.,我立刻认出它了，感到一阵惊恐的颤抖。
versus,'vɝsəs,prep. 对；与相对；对抗,the New York Knicks versus the LA Lakers,纽约尼克斯队对洛杉矶湖人队
stone,ston,n. 石头；结石；[宝] 宝石；adj. 石的，石制的；v. 向扔石块；用石头铺,a stone wall,石墙
tragedy,'trædʒədi,n. 悲剧；灾难；惨案,The tragedy happened as they were returning home from a night out.,悲剧发生在他们夜里外出归来的路上。
dear,dɪr,adj. 亲爱的；尊敬的；昂贵的；adv. 高价地；疼爱地；int. 哎呀；n. 亲爱的人,"Dear Sir or Madam, ...",尊敬的先生或女士，…
endurance,ɪn'dʊrəns,n. 忍耐力；忍耐；持久；耐久,She was pushed beyond her powers of endurance.,她被逼得忍无可忍。
installment,ɪn'stɔlmənt,n. 安装；分期付款；部分；就职,,
autumn,'ɔtəm,n. 秋天；成熟期；渐衰期，凋落期；adj. 秋天的，秋季的,autumn mists,秋天的雾霭
dean,din,n. 院长；系主任；教务长；主持牧师,the admissions dean,招生主任
deaf,dɛf,adj. 聋的,communication between deaf and hearing people,失聪者和听力正常者之间的交流
radiant,'redɪənt,adj. 辐射的；容光焕发的；光芒四射的；n. 光点；发光的物体,She looked radiant in a white silk dress.,她身穿白色真丝礼服，看上去光彩照人。
priest,prist,n. 牧师；神父；教士；vt. 使成为神职人员；任命…为祭司,He had trained to be a Catholic priest.,他接受培训成了一名天主教神父。
establishment,ɪ'stæblɪʃmənt,n. 确立，制定；公司；设施,,
mysterious,mɪ'stɪrɪəs,adj. 神秘的；不可思议的；难解的,The police are investigating the mysterious deaths of children at the hospital.,警察正在调查这家医院的儿童神秘死亡事件。
flavor,'flevɚ,n. 情味，风味；香料；滋味；v. 加味于,,
sanction,'sæŋkʃən,n. 制裁，处罚；认可；支持；v. 制裁，处罚；批准；鼓励,a resolution to impose sanctions (= start using sanctions ) on DPRK,对朝鲜实施制裁的决议
drain,dren,v. 排水；流干；n. 排水；下水道，排水管；消耗,The swimming pool is drained and cleaned every winter.,每年冬天这座游泳池都要排干清洗。
interim,'ɪntərɪm,adj. 临时的，暂时的；中间的；间歇的；n. 过渡时期，中间时期；暂定,an interim report,中期报告
continual,kən'tɪnjuəl,adj. 持续不断的；频繁的,five weeks of continual rain,持续了五个星期的降雨
contemporary,kən'tɛmpərɛri,n. 同时代的人；同时期的东西；adj. 当代的；同时代的；属于同一时期的,"Like most of my contemporaries, I grew up in a vastly different world.",像我同时代的大多数人一样，我在一个非常不同的世界里长大。
trash,træʃ,n. 垃圾；废物；v. 丢弃；修剪树枝,Will someone take out the trash (= take it outside the house ) ?,谁把垃圾拿出去好吗？
eloquent,'ɛləkwənt,adj. 意味深长的；雄辩的，有口才的；有说服力的；动人的,an eloquent appeal for support,极具说服力的求助呼吁
lend,lɛnd,v. 贷；增添，提供；把……借给；n. (Lend)人名；(德)伦德,The bank is reassessing its criteria for lending money.,银行正在重新评估其贷款标准。
galaxy,'ɡæləksi,n. 银河；[天] 星系；银河系；一群显赫的人,Astronomers have discovered a distant galaxy.,天文学家们发现了一个遥远的星系。
mushroom,'mʌʃrʊm,n. 蘑菇，伞菌；蘑菇形物体；暴发户；adj. 蘑菇的；蘑菇形的；迅速生长的；v. 迅速增加；采蘑菇；迅速生长,mushroom soup,蘑菇汤
simulate,'sɪmjulet,v. 模仿；假装；冒充；adj. 模仿的；假装的,a machine that simulates conditions in space,一台模拟太空环境的机器
boast,bost,v. 夸口说，自吹自擂说；以有…而自豪；n. 自夸；值得夸耀的事物，引以为荣的事物,"‘I wouldn’t be afraid,’ she boasted.",“我才不怕呢。”她吹嘘道。
sensation,sɛn'seʃən,n. 感觉；轰动；感动,Jerry realized that he had no sensation in his legs.,杰里意识到自己双腿都没有了知觉。
garage,gəˈrɑʒ; gəˈrɑdʒ,n. 车库；汽车修理厂；飞机库；v. 把……送入车库；把（汽车）开进车库,I’ll just go and put the car in the garage.,我把车停到车库去。
destruction,dɪ'strʌkʃən,n. 破坏，毁灭；摧毁,"{""COLLOINEXA"":[""weapons of mass destruction""]}",大规模杀伤性武器
waist,west,n. 腰，腰部,The skirt was too big around the waist.,那条裙子腰围太大。
frequency,'frikwənsi,n. 频率；频繁,Side effects from prescribed drugs are being reported with increasing frequency (= more and more often ) .,处方药的副作用正越来越频繁地被报道出来。
husband,'hʌzbənd,v. 节约地使用（或管理）；n. 丈夫,Have you met my husband Roy?,你见过我的丈夫罗伊吗？
sack,sæk,n. 麻布袋；洗劫；v. 解雇；把……装入袋；劫掠,the sack of Rome in 1527,1527年对罗马城的劫掠
analytic,",ænə'lɪtɪk",adj. 分析的；解析的；善于分析的,"For the most part, these same forces have been a boon, so far, to Americans who have a good education and exceptional creative talents or analytic skills.",而对于那些受到良好教育，具有特殊的创新能力或分析技能的人们来说，同样的情况在很大程度上是一种恩惠。
sponge,spʌndʒ,v. 抹掉；用海绵擦拭；讨得；n. 海绵；海绵状物,Clean the rug by sponging it gently.,用湿布轻轻擦洗以清洁小地毯。
defence,di'fens,n. 防御；防卫；答辩；防卫设备,Liz dropped her defences and began to relax.,利兹放下防备心理，开始放松了。
treaty,'triti,n. 条约，协议；谈判,Both sides have agreed to sign the treaty .,双方都同意签署该条约。
disable,dɪs'ebl,v. 使失去能力；使残废；使无资格,Carter was permanently disabled in the war.,卡特在那场战争中成了终生残废。
handy,'hændi,adj. 便利的；手边的，就近的；容易取得的；敏捷的；n. (Handy)人名；(英)汉迪,I always keep my gun handy just in case.,我总是随身带着枪以防万一。
export,ˈekspɔːrt；ɪkˈ-,n. 输出，出口；出口商品；v. 输出物资,Wheat is one of the country’s main exports.,小麦是该国的主要出口商品之一。
tropic,'trɑpɪk,n. 热带；回归线；adj. 热带的,plant species found in the tropics,见于热带地区的植物物种
urban,'ɝbən,adj. 城市的；住在都市的；n. (Urban)人名；(西)乌尔万；(斯洛伐)乌尔班；(德、俄、罗、匈、塞、波、捷、瑞典、意)乌尔班；(英)厄本；(法)于尔邦,unemployment in urban areas,城市地区的失业状况
metre,ˈmitɚ,n. 米；公尺；韵律,"She's running the 1,500 metres here.",她正在这儿跑1500米。
reckon,'rɛkən,v. 测算，估计；认为；计算,‘There’s nothing we can do about it.’ ‘You reckon (= used to express doubt or disagreement ) ?’,“这件事我们无能为力。”“是吗？”
cooperative,ko'ɑpərətɪv,adj. 合作的；合作社的；n. 合作社,He was doing his best to be cooperative.,他在尽全力配合。
amend,ə'mɛnd,v. 修改；改善，改进；n. (Amend)人名；(德、英)阿门德,The law was amended to include women.,该法律经修改把女性也包括在内。
idiom,'ɪdɪəm,n. 成语，习语；土话,the new musical idiom,新的音乐风格
door,dɔr,n. 门；家，户；门口；通道,Could you open the door for me?,请你帮我开门好吗？
luggage,'lʌɡɪdʒ,n. 行李；皮箱,They searched his luggage for illegal drugs.,他们搜查他的行李看是否藏有毒品。
inclusive,ɪn'klusɪv,adj. 包括的，包含的,Not everyone shares his vision of an inclusive America.,不是所有人都同意他的观点，认为美国是个包容性很强的国家。
rouse,raʊz,v. 唤醒；激起，使振奋；惊起；n. 觉醒；奋起,His banging roused the neighbours.,他重重的关门声把邻居都吵醒了。
button,'bʌtn,n. 按钮；纽扣；v. 扣住；扣紧；在…上装纽扣,small pearl buttons,小的珍珠纽扣
realm,rɛlm,n. 领域，范围；王国,the spiritual realm,精神领域
feast,fist,v. 享受；款待，宴请；n. 筵席，宴会；节日,"Only a few feet away, their captors feasted in the castle's banqueting hall.",仅仅几英尺外，俘获他们的人在城堡的宴会厅里大吃大喝。
prosper,'prɑspɚ,v. 繁荣，昌盛；成功；n. (Prosper)人名；(英、德、罗、法)普罗斯珀,His business continued to prosper.,他的生意持续兴隆。
idiot,'ɪdɪət,n. 笨蛋，傻瓜；白痴,"It was all your fault, you idiot.",全是你的错，你这笨蛋。
tramp,træmp,v. 流浪；践踏，踩；脚步沉重地行走；n. 流浪者；沉重的脚步声；徒步旅行,He tramped the streets looking for work.,他在街上四处奔走，寻找工作。
knob,nɑb,n. 把手；瘤；球形突出物；vi. 鼓起；vt. 使有球形突出物,"He thought the door was locked, but he turned the knob and the door opened.",他本以为门是锁住的，但是转了一下把手门就开了。
wonderful,ˈwʌndərfl,adj. 极好的，精彩的，绝妙的；奇妙的；美妙；胜；神妙,It’s wonderful what doctors can do nowadays.,如今医生的本领着实令人称奇。
waterproof,'wɔtɚpruf,adj. 防水的，不透水的；v. 使防水；n. 防水材料,a waterproof jacket,防水上衣
ox,ɑks,n. 牛；公牛,,
commend,kə'mɛnd,v. 推荐；称赞；把…委托,The paper was highly commended in the UK Press Awards.,该报获得了“英国新闻奖”的高度褒奖。
inertia,ɪ'nɝʃə,n. [力] 惯性；惰性，迟钝；不活动,political inertia,政治上的保守
melon,'mɛlən,n. 瓜；甜瓜；大肚子；圆鼓鼓像瓜似的东西,...some juicy slices of melon.,…几片多汁的甜瓜。
gramme,ɡræm,n. 克,,
fireman,'faɪrmən,n. 消防队员；救火队员；锅炉工,,
industrialize,ɪn'dʌstrɪəlaɪz,v. 使工业化,Energy consumption rises as countries industrialize.,能源消耗随着各国工业化而增加。
warfare,'wɔrfɛr,n. 战争；冲突,the realities of modern warfare,现代战争的真实面貌
accumulate,ə'kjumjəlet,v. 累积；积聚,It is unjust that a privileged few should continue to accumulate wealth.,少数特权阶级继续积聚财富，这是不公平的。
crew,krʊ,n. 队，组；全体人员，全体船员；v. 一起工作,"The plane crashed, killing two of the crew and four passengers.",飞机坠毁，造成两名机组人员和四名乘客死亡。
moss,mɔs,n. 苔藓；泥沼；vt. 使长满苔藓,...ground covered over with moss.,…长满青苔的地面。
necessity,nə'sɛsəti,n. 需要；必然性；必需品,"She saw books as a necessity, not a luxury.",她视书籍为必需品而非奢侈品。
utmost,'ʌt'most,n. 极限；最大可能；adj. 极度的；最远的,The medical staff did their utmost(= tried as hard as they could ) to save the patient’s life.,医护人员竭尽全力挽救那位病人的生命。
detector,dɪ'tɛktɚ,n. 探测器；检测器；发现者；侦察器,a smoke detector,烟雾探测器
obsession,əb'sɛʃ(ə)n,n. 痴迷；困扰；[内科][心理] 强迫观念,"Gambling became an obsession, and he eventually lost everything.",他迷上赌博，最后失去了一切。
southwest,",saʊθ'wɛst",n. 西南方；adj. 西南的；adv. 往西南；来自西南,...some 500 kilometres to the southwest of Johannesburg.,…约翰内斯堡西南约五百公里。
vegetarian,ˌvedʒə'teriən,n. 素食者；食草动物；adj. 素食的,Our youngest daughter is a vegetarian.,我们的小女儿是个素食主义者。
inhale,ɪn'hel,v. 吸入；猛吃猛喝,It is dangerous to inhale ammonia fumes.,吸入氨气是很危险的。
porch,pɔrtʃ,n. 门廊；走廊,"He was standing on the porch, waving as we drove away.",我们开车离开的时候，他站在走廊上向我们挥手。
crawl,krɔl,v. 爬行；匍匐行进；n. 爬行；养鱼池；匍匐而行,The floor was crawling with ants.,地板上爬满了蚂蚁。
catastrophe,kə'tæstrəfi,n. 大灾难；大祸；惨败,"From all points of view, war would be a catastrophe.",从各个方面来看，战争都会是一场灾难。
delicious,dɪ'lɪʃəs,adj. 美味的；可口的,"‘The meal was absolutely delicious,’ she said politely.",“这顿饭味道好极了。” 她礼貌地说道。
malignant,mə'lɪgnənt,adj. [医] 恶性的；有害的；有恶意的；n. 保王党员；怀恶意的人,She developed a malignant tumour in her breast.,她的乳房长了个恶性肿瘤。
violin,",vaɪə'lɪn",n. 小提琴；小提琴手,,
plane,plen,n. 飞机；平面；程度，水平；v. 刨；乘飞机旅行；翱翔；adj. 平的；平面的,It is a big airline with a large fleet of planes.,这是一家大航空公司，拥有庞大的机群。
item,'aɪtəm,n. 条款，项目；一则；一件商品（或物品）；adj. 又，同上；v. 记下；逐条列出,He opened the cardboard box and took out each item.,他打开纸板箱把里面的物品一一拿出来。
puff,pʌf,v. 喷出，张开；使膨胀；夸张；使骄傲自满；n. 粉扑；泡芙；蓬松；一阵喷烟；肿块；吹嘘，宣传广告,Steam puffed out of the chimney.,蒸汽从烟囱里一股一股地喷出来。
cousin,'kʌzn,n. 堂兄弟姊妹；表兄弟姊妹,My cousin Mark helped me to bring in the bags.,我表弟马克帮我把包提了进来。
bracket,'brækɪt,n. 支架；括号；墙上凸出的托架；v. 括在一起；把…归入同一类；排除,Fix the beam with the brackets and screws.,用支架和螺丝固定横梁。
fatigue,fə'tig,n. 疲劳，疲乏；杂役；v. 使疲劳；使心智衰弱；adj. 疲劳的,"{""COLLOINEXA"":[""metal fatigue""]}",金属疲劳
versatile,'vɝsətl,adj. 多才多艺的；通用的，万能的；多面手的,a very versatile performer,多才多艺的表演者
trail,trel,v. 追踪；拖；蔓延；落后于；n. 小径；痕迹；尾部；踪迹；一串，一系列,A plane trailing a banner was circling overhead.,一架飞机拖着横幅标语在上空盘旋。
lavatory,'lævətɔri,n. 厕所，盥洗室,...the ladies' lavatory.,…女厕所。
lover,'lʌvɚ,n. 爱人，恋人；爱好者,He killed his wife’s lover.,他杀了妻子的情人。
stove,stov,n. 火炉；窑；温室；vt. 用火炉烤,a wood-burning stove,烧木柴的火炉
ink,ɪŋk,v. 签署；涂墨水于；n. 墨水，墨汁；油墨,The two companies have inked a deal.,这两家公司签署了一项协议。
levy,'lɛvi,n. 征收；征兵，征税；v. 征收（税等）；征集（兵等）,...an annual levy on all drivers.,…向所有司机征收的年税。
moon,mun,n. 月亮；月球；月光；卫星；v. 闲荡；出神,the craters on the surface of the moon,月球表面的环形山
outfit,'aʊtfɪt,n. 机构；用具；全套装备；v. 得到装备,She bought a new outfit for the party.,她为了这次派对买了套新衣服。
dome,dom,n. 圆屋顶；vi. 成圆顶状；vt. 加圆屋顶于…上,...the dome of the Capitol.,…国会大厦的穹顶。
blur,blɝ,v. 涂污；使…模糊不清；使暗淡；玷污；n. 污迹；模糊不清的事物,The street lights were blurred by the fog.,街灯在迷雾的笼罩下十分昏暗。
drift,drɪft,n. 漂流，漂移；趋势；漂流物；v. 漂流，漂移；漂泊,Smoke drifted up from the jungle ahead of us.,我们前方的丛林里有烟升起。
microscope,'maɪkrəskop,n. 显微镜,The slightest movement will defocus the microscope.,最轻微的运动都会使显微镜散焦。
paperback,'pepɚbæk,n. 平装本；廉价本；vt. 以平装本出版；adj. 纸面装订的；纸面平装本书籍的,She said she would buy the book when it comes out in paperback.,她说等那本书的平装本面市后她会买一本。
agony,'æɡəni,n. 苦恼；极大的痛苦；临死的挣扎,the agony of arthritis,关节炎的剧烈疼痛
crazy,'krezi,adj. 疯狂的；狂热的，着迷的,The neighbours must think we’re crazy.,邻居一定会认为我们疯了。
corrode,kə'rod,v. 侵蚀；损害,Acidic water will corrode the pipes.,酸性水会腐蚀管子。
ample,'æmpl,adj. 丰富的；足够的；宽敞的；n. (Ample)人名；(西)安普尔,an ample bosom,丰满的胸部
radiate,'redɪet,v. 辐射；传播；流露；发射；广播；adj. 辐射状的，有射线的,He radiated calm confidence.,他身上散发着沉稳自信的气质。
statute,'stætʃut,n. [法] 法规；法令；条例,Protection for the consumer is laid down by statute (= established by law ) .,保障消费者权益已有法律明文规定。
dispose,dɪ'spoz,v. 处理；处置；安排；n. 处置；性情,Chinese vases are disposed around the gallery.,中国花瓶摆放在展馆四周。
expel,ɪk'spɛl,v. 驱逐；开除,More than five-thousand high school students have been expelled for cheating.,五千多名中学生因考试作弊而被开除。
afternoon,",æftɚ'nun",n. 午后，下午,There’s a meeting on Thursday afternoon .,星期四下午有个会议。
destructive,dɪ'strʌktɪv,adj. 破坏的；毁灭性的；有害的，消极的,the destructive power of modern weapons,现代武器的破坏力
smash,smæʃ,v. 粉碎；使破产；溃裂；n. 破碎；扣球；冲突；大败；adj. 了不起的；非常轰动的；出色的,Vandals had smashed all the windows.,破坏分子打碎了所有的窗子。
devil,'dɛvl,n. 魔鬼；撒旦；家伙；恶棍；淘气鬼；冒失鬼；v. 虐待，折磨；（用扯碎机）扯碎；（替作家，律师等）做助手；抹辣味料烤制或煎煮,What on earth is wrong with the poor devil?,这可怜的家伙到底怎么了？
insulate,ˈɪnsəˌleɪt ; ˈɪnsjʊˌleɪt,v. 隔离，使孤立；使绝缘，使隔热,an insulated attic,隔热[隔音]的阁楼
knot,nɑt,n. （绳等的）结；节瘤，疙瘩；海里/小时（航速单位）；v. 打结,One lace had broken and been tied in a knot.,一根带子已经断了，被打成一个结。
electrical,ɪ'lɛktrɪkl,adj. 有关电的；电气科学的,The fire was caused by an electrical fault.,大火是电力故障引起的。
violet,'vaɪələt,n. 紫罗兰；堇菜；羞怯的人；adj. 紫色的；紫罗兰色的,"She inhaled the violet perfume, saying “How sweet!”",她一边闻紫罗兰的芳香， 一边说“好香啊！”
shear,ʃɪr,v. 剪；修剪；剥夺；n. [力] 切变；修剪；大剪刀,"Though shorn of some of its powers, the party remains in control.",虽然被削去了一些权力，该党仍然掌握着控制权。
meadow,'mɛdo,n. 草地；牧场,The meadow has been ploughed up.,那片草地已用犁翻过。
bench,bɛntʃ,n. 长凳；工作台；替补队员；v. 给…以席位；为…设置条凳,We sat on a park bench.,我们坐在公园的长椅上。
metropolitan,",mɛtrə'pɑlɪtən",adj. 大都市的；大主教辖区的；宗主国的；n. 大城市人；大主教；宗主国的公民,a metropolitan area of South Australia,南澳大利亚的一个都市区
advisable,əd'vaɪzəbl,adj. 明智的，可取的，适当的,Regular medical check-ups are advisable.,定期检查身体是明智的。
elevator,'ɛlɪvetɚ,n. 电梯；升降机；升降舵；起卸机,We’ll have to take the elevator.,我们只好坐电梯了。
aluminum,ə'lʊmɪnəm,n. 铝,"To make an aluminum can, that takes energy.",为了制造一个铝罐，就得消耗能源。
suicide,'suɪsaɪd,n. 自杀；自杀行为；自杀者；adj. 自杀的；vt. 自杀；vi. 自杀,More people commit suicide at Christmas than at any other time.,圣诞节期间自杀的人比其他任何时候都多。
rubber,'rʌbɚ,n. 橡胶；橡皮；合成橡胶；按摩师；adj. 橡胶制成的；v. 涂橡胶于；用橡胶制造,a rubber ball,橡皮球
normalization,nɔrmləˈzeʃən,n. 正常化；标准化；正规化；常态化,,
acquaint,ə'kwent,v. 使熟悉；使认识,I need to acquaint myself with the new regulations.,我得熟悉一下新的规章制度。
grace,ɡres,n. 优雅；恩惠；魅力；慈悲；v. 使优美,Lena moved with the grace of a dancer.,莉娜走路姿势有着舞者般的优美。
pure,pjʊr,adj. 纯的；纯粹的；纯洁的；清白的；纯理论的；n. (Pure)人名；(俄)普雷,rings made of pure gold,纯金制成的戒指
loaf,lof,n. 条，一条面包；块；游荡；v. 游荡；游手好闲；虚度光阴,a loaf of bread ,一条面包
trademark,'tred'mɑrk,n. 商标,The striped T-shirt became the comedian’s trademark.,条纹T恤衫成了这位喜剧演员的标记。
load,lod,n. 负载，负荷；工作量；装载量；v. [力] 加载；装载；装货,The lorry hadshed its load(= the load had fallen off ).,卡车上的货掉下来了。
nearby,",nɪr'baɪ",adj. 附近的，邻近的；adv. 在附近；prep. 在…附近,Lucy was staying in the nearby town of Hamilton.,露西当时住在附近的汉密尔顿镇。
presume,prɪ'zum,v. 假定；推测；擅自；意味着,I presume you're here on business.,我想你是来这儿出差的吧。
conversion,kən'vɝʒn,n. 转换；变换；[金融] 兑换；改变信仰,...the conversion of disused rail lines into cycle routes.,…把废弃的铁路改变成自行车道。
irritate,'ɪrɪtet,v. 刺激，使兴奋；激怒,It really irritates me when he doesn’t help around the house.,家里的事情他一点都不帮忙，真让我恼火。
plot,plɑt,n. 情节；图；阴谋；v. 密谋；绘图；划分；标绘,The court heard how she and her lover hatched a plot (= planned a plot ) to kill her husband.,法庭听取了她和情人密谋杀害她丈夫的案情。
outskirts,'aʊt'skɝts,n. 市郊，郊区,On the extreme northwestern outskirts of the city stands the Buddhist temple.,那所佛教寺院位于市郊的最西北角。
grade,ɡred,n. 年级；等级；成绩；级别；阶段；v. 评分；把…分等级,The best grades of tea are expensive.,最上等的茶叶价格很贵。
slide,slaɪd,n. 滑动；幻灯片；滑梯；雪崩；v. 滑动；滑落；不知不觉陷入,a slide show,幻灯片放映
axe,æks,n. 斧；v. 削减；用斧砍,The edge of this axe has turned.,这把斧子卷了刃了。
solitary,'sɑlətɛri,adj. 孤独的；独居的；n. 独居者；隐士,"a long, solitary walk",独自一人的长距离散步
scratch,skrætʃ,n. 擦伤；抓痕；刮擦声；乱写；adj. 打草稿用的；凑合的；碰巧的；v. 抓；刮；挖出；乱涂,There were deep scratches all over her face.,她脸上全是深深的伤痕。
vocal,'vokl,adj. 歌唱的；声音的，有声的；n. 声乐作品；元音,vocal music,声乐
transcend,træn'sɛnd,v. 胜过，超越,The desire for peace transcended political differences.,对和平的渴望超越了政治分歧。
outward,'aʊtwɚd,adj. 向外的；外面的；公开的；外服的；肉体的；adv. 向外（等于outwards）；在外；显而易见地；n. 外表；外面；物质世界,The economy and outward appearance of the area have changed considerably.,该地区的经济和面貌发生了很大的变化。
park,pɑrk,n. 公园；[交] 停车场；v. 停放；放置；寄存,Let’s go for a walk in the park.,我们去公园散步吧。
settlement,'sɛtlmənt,n. 解决，处理；[会计] 结算；沉降；殖民,Union leaders and company bosses will meet tomorrow in an attempt to reach a settlement .,工会领导人和公司老板将于明天举行会议以期达成协议。
banana,bə'nænə,n. 香蕉；喜剧演员；大鹰钩鼻,...a bunch of bananas.,…一串香蕉。
isle,aɪl,n. 岛；vt. 使成为岛屿；vi. 住在岛屿上,the British Isles,不列颠群岛
necessitate,nə'sɛsɪtet,v. 使成为必需，需要；迫使,Lack of money necessitated a change of plan.,由于缺乏资金，只能改变计划。
orphan,'ɔrfn,adj. 孤儿的；无双亲的；n. 孤儿；v. 使成孤儿,The war has left thousands of children as orphans.,这场战争使成千上万的孩子成为孤儿。
pistol,'pɪstl,n. 手枪；信号枪；vt. 用手枪射击,,
piston,'pɪstən,n. 活塞,Filling the cylinder with steam pushes the piston out.,填充汽缸的蒸汽将活塞推出。
keen,kin,adj. 敏锐的，敏捷的；渴望的；强烈的；热心的；锐利的；n. 痛哭，挽歌,a keen photographer,一个摄影迷
squirrel,'skwɝrəl,n. 松鼠；松鼠毛皮；v. 贮藏,,
optical,'ɑptɪkl,adj. 光学的；眼睛的，视觉的,microscopes and other optical instruments,显微镜和其他光学仪器
conspiracy,kən'spɪrəsi,n. 阴谋；共谋；阴谋集团,There were many conspiracy theories (= beliefs that something is the result of a conspiracy ) surrounding Princess Diana’s death.,围绕戴安娜王妃之死有许多阴谋论。
hug,hʌɡ,v. 拥抱；紧抱；抱有，坚持；n. 拥抱；紧抱；固执,We stood there crying and hugging each other.,我们站在那里哭着互相拥抱。
frost,frɔst,v. 结霜于；冻坏；n. 霜；冰冻，严寒；冷淡,These seedlings were killed off by the severe frost.,这些幼苗由于严霜而冻死了。
crow,kro,v. 啼叫；报晓；n. [鸟] 乌鸦；鸡鸣；撬棍,"Ben rushed to his father, crowing with pleasure.",本欢叫着跑向他爸爸。
cancel,'kænsl,v. 取消；删去；n. 取消，撤销,Our flight was cancelled.,我们的航班取消了。
bathroom,'bæθrum,n. 浴室；厕所；盥洗室,Where’s the bathroom?,洗手间在哪里？
eligible,'ɛlɪdʒəbl,adj. 合格的，合适的；符合条件的；有资格当选的；n. 合格者；适任者；有资格者,Stephen was regarded as an eligible bachelor.,斯蒂芬被认为是一个钻石王老五。
handbook,'hændbʊk,n. 手册；指南,the Fiction Writer’s Handbook,《小说写作手册》
knit,nɪt,v. 编织；结合；皱眉；n. 编织衣物；编织法,My grandmother taught me how to knit.,我祖母教过我编织。
dessert,dɪ'zɝt,n. 餐后甜点；甜点心,She had homemade ice cream for dessert.,她吃了些自制冰淇淋当餐后甜点。
verse,vɝs,n. 诗，诗篇；韵文；诗节；v. 作诗,Let’s sing the last verse again.,我们把最后一节再唱一遍吧。
shallow,'ʃælo,adj. 浅的；肤浅的；n. [地理] 浅滩；v. 使变浅,a shallow river,浅河
pump,pʌmp,v. 打气；用抽水机抽…；n. 泵，抽水机；打气筒,It's not enough to get rid of raw sewage by pumping it out to sea.,仅用水泵将未经处理的污水排入海中是不够的。
input,'ɪn'pʊt,n. 投入；输入电路；v. [自][电子] 输入；将…输入电脑,"If the input data specified it, the file will close and the process terminates.",如果输入数据指定，该文件就会关闭，数据处理终止。
handwriting,'hænd'raɪtɪŋ,n. 笔迹；书法；书写；手稿；v. 亲手写（handwrite的ing形式）,I recognised her handwriting on the envelope.,我认出了信封上她的笔迹。
expend,ɪk'spɛnd,v. 花费；消耗；用光；耗尽,Children expend a lot of energy and may need more high-energy food than adults.,孩子们耗能多，可能比成人需要更多高能量的食物。
forthcoming,",fɔrθ'kʌmɪŋ",adj. 即将来临的；n. 来临,the forthcoming elections,即将到来的选举
prince,prɪns,n. 王子，国君；亲王；贵族,Prince William,威廉王子
tolerant,'tɑlərənt,adj. 宽容的；容忍的；有耐药力的,a tolerant society,宽容的社会
implement,'ɪmplɪmɛnt,v. 实施，执行；实现，使生效；n. 工具，器具；手段,The government promised to implement a new system to control financial loan institutions.,政府许诺要实施新的制度来控制金融贷款机构。
bunch,bʌntʃ,n. 群；串；突出物；v. 隆起；打褶；形成一串,Lili had fallen asleep clutching a fat bunch of grapes.,莉莉手里抓着一大串葡萄睡着了。
plain,plen,adj. 平的；简单的；朴素的；清晰的；n. 平原；无格式；朴实无华的东西；adv. 清楚地；平易地,"The document, written in plain English, tells you about your new policy.",这份文件用简明的英语写成，解释了你们的新政策。
foul,faʊl,adj. 犯规的；邪恶的；污秽的；淤塞的；v. 犯规；弄脏；淤塞；缠住，妨害；n. 犯规；缠绕；adv. 违反规则地，不正当地,Refugees in the camps are short of food and at risk from foul water.,营中难民缺少食物，还面临水源污染的危险。
consult,kən'sʌlt,v. 查阅；商量；向…请教,"If symptoms persist, consult a doctor without delay.",如果症状持续的话，马上咨询医生。
ladder,'lædɚ,n. 阶梯；途径；梯状物；v. 成名；发迹,She climbed up the ladder.,她爬上梯子。
centigrade,'sɛntɪɡred,adj. 摄氏的；[仪] 摄氏温度的；百分度的,...daytime temperatures of up to forty degrees centigrade.,…高达40摄氏度的日间气温。
dilemma,dɪˈlemə,n. 困境；进退两难；两刀论法,a moral dilemma,道德上进退两难的窘境
halt,hɔlt,v. 停止；立定；踌躇，犹豫；n. 停止；立定；休息,The government has failed to halt economic decline.,政府没能阻止经济衰退。
countryside,'kʌntrɪsaɪd,n. 农村，乡下；乡下的全体居民,The house had lovely views over open countryside .,这房子望出去是开阔的乡村美景。
relay,rɪ'le,v. 转播；接替；n. [电] 继电器；接替，接替人员；驿马,The broadcasts were relayed by satellite.,这些电视节目通过卫星进行转播。
generalize,'dʒɛnrəlaɪz,v. 概括；推广；使一般化,Can we generalise this principle?,这个原理可以推而广之吗？
sarcastic,sɑr'kæstɪk,adj. 挖苦的；尖刻的，辛辣的,Was she being sarcastic?,她是在嘲讽吗？
bibliography,",bɪblɪ'ɑɡrəfi",n. 参考书目；文献目录,At the end of this chapter there is a select bibliography of useful books.,本章末尾附着有用书籍的精选书目。
dealer,'dilɚ,n. 经销商；商人,...an antique dealer.,…一位古董商。
circular,'sɝkjəlɚ,adj. 循环的；圆形的；间接的；n. 通知，传单,a circular table,圆桌
airport,'ɛr'pɔrt,n. 机场；航空站,The plane landed at Heathrow Airport.,飞机降落在希思罗机场。
periodical,",pɪrɪ'ɑdɪkl",adj. [数] 周期的；定期的；n. 期刊；杂志,She made periodical visits to her dentist.,她定期去看牙医。
brutal,'brutl,adj. 残忍的；野蛮的，不讲理的,a brutal man,一个凶残的男人
projector,prə'dʒɛktɚ,n. [仪] 投影仪；放映机；探照灯；设计者,...a slide projector.,…幻灯机。
sturdy,'stɝdi,adj. 坚定的；强健的；健全的；n. 羊晕倒病,a sturdy young man,健壮的小伙子
yawn,jɔn,n. 哈欠；裂口；v. 打哈欠；裂开,Rosanna stifled a huge yawn.,罗莎娜忍住了一个大哈欠。
ash,æʃ,n. 灰；灰烬,cigarette ash,香烟灰
plug,plʌɡ,n. 插头；塞子；栓；v. 塞住；用插头将与电源接通,the bath plug,浴缸塞子
picnic,'pɪknɪk,n. 野餐；v. 去野餐,We decided to have a picnic down by the lake.,我们决定在湖边野餐。
tomorrow,tə'mɔro,n. 明天；未来；adv. 明天；未来地（等于to-morrow）,I’ll see you at tomorrow’s meeting.,明天会上见。
ship,ʃɪp,v. 运送，乘船；以船运送；n. 船；舰；太空船,We'll ship your order to the address we print on your cheques.,我们将把你预订的货物送到我们印在你单据上的地址。
pail,pel,n. 桶，提桶,a milk pail,牛奶桶
stranger,'strendʒɚ,n. 陌生人；外地人；局外人,Children must not talk to strangers.,小孩子千万不要同陌生人说话。
qualitative,'kwɑlətetɪv,adj. 定性的；质的，性质上的,There are qualitative differences in the way children of different ages and adults think.,不同年龄的儿童和成人在思维方式上有着质的差异。
glamor,'glæmɚ,n. 魅力；魔法；迷人的美（等于glamour）；vt. 迷惑；使有魅力（等于glamour）,"But when it comes down to it, we cannot ignore a film franchise that has been successfully thrilling us with action and glamor for over 40 years.",但是说起这类影片的时候，我们就无法忽视一部电影的特殊魅力。 它成功地运用动作特技和魅力吸引了我们40多年。
spit,spɪt,v. 吐痰；吐口水；发出劈啪声；n. 唾液,Nick rolled down his window and spat.,尼克摇下窗子，啐了口唾沫。
evaporate,ɪ'væpəret,v. 使……蒸发；使……脱水；使……消失,Most of the water had evaporated.,大部分的水都蒸发了。
spin,spɪn,v. 旋转；纺纱；吐丝；晕眩；n. 旋转；疾驰,The plane’s propellers were spinning.,飞机的螺旋桨在快速旋转。
litter,'lɪtɚ,n. 垃圾；轿，担架；一窝（动物的幼崽）；凌乱；v. 乱丢；给…垫褥草；把…弄得乱七八糟,People who drop litter can be fined in some cities.,在有些城市，乱扔垃圾的人会被罚款。
fore,fɔr,adj. 以前的；在前部的；n. 前部；船头；adv. 在前面；在船头；prep. 在前；int. （打高尔夫球者的叫声）让开！,There had been no direct damage in the fore part of the ship.,没有对船的前部造成直接损坏。
hum,hʌm,v. 发低哼声；n. 嗡嗡声；哼声；杂声；int. 哼；嗯,He began to hum a tune.,他开始哼唱一支曲子。
spear,spɪr,n. 矛，枪；v. 用矛刺,I fended off his sword thrust with my spear.,他一刀砍来， 我拿枪架住。
hut,hʌt,n. 小屋；临时营房；vt. 使住在小屋中；驻扎；vi. 住在小屋中；驻扎,a wooden hut,小木屋
apt,æpt,adj. 恰当的；有…倾向的；灵敏的；n. (Apt)人名；(法、波、英)阿普特,‘Love at first sight’ is a very apt description of how he felt when he saw her.,用“一见钟情”来形容他见到她时的感觉再恰当不过。
mayor,'meɚ,n. 市长,the election of the London mayor,选举伦敦市长
frown,fraʊn,v. 皱眉；不同意；n. 皱眉，蹙额,She frowned as she read the letter.,她看着信皱起了眉头。
exquisite,ɪk'skwɪzɪt,adj. 精致的；细腻的；优美的，高雅的；异常的；剧烈的；n. 服饰过于讲究的男子,the most exquisite craftsmanship,最精美的工艺
scatter,'skætɚ,v. 分散，散开；散射；n. 分散；散播，撒播,The sound of gunfire made the crowd scatter in all directions.,枪声使人群四散奔逃。
outbreak,'aʊtbrek,n. （战争的）爆发；（疾病的）发作；vi. 爆发,a cholera outbreak,霍乱的爆发
blackboard,'blækbɔrd,n. 黑板,He chalked out a design on the blackboard.,他用粉笔在黑板上勾划出一个图样。
devise,dɪ'vaɪz,v. 设计；想出；发明；图谋；遗赠给；n. 遗赠,She devised a method for quicker communications between offices.,她想出一种加快办公室之间通信联络的方法。
noun,naʊn,n. 名词,An adjective must agree with  its noun in mumber and case.,形容词在数和格方面必须符合其所修饰的名词。
propel,prə'pɛl,v. 推进；驱使；激励；驱策,a boat propelled by a small motor,由小马达驱动的小船
persevere,",pɝsə'vɪr",v. 坚持；不屈不挠；固执己见（在辩论中）,"It can be tricky at first, but persevere.",一开始会有些棘手，不过要坚持。
bosom,'bʊzəm,n. 胸；胸怀；中间；胸襟；内心；乳房；内部；v. 怀抱；把…藏在心中；adj. 知心的；亲密的,She cradled the child to her bosom.,她把那孩子抱入怀中。
cigaret,,n. 香烟；纸烟（等于cigarette）,The busboy who alerted patrons of the fire at the Hills Super Club said that cigaret butts dumped into soiled tablelinen may have caused the fatal blaze.,向客人惊呼希尔斯高级俱乐部起火了的餐厅侍者说，这场损失惨重的大火很可能是由于把香烟蒂到在弄脏了的桌布里引起的。
pack,pæk,n. 包装；一群；背包；包裹；一副；v. 包装；压紧；捆扎；挑选；塞满,Send away for your free information pack today.,今天就来函索取免费资料包吧。
fool,ful,v. 欺骗；开玩笑；戏弄；n. 傻瓜；愚人；受骗者；adj. 傻的,Even art experts were fooled.,连艺术品专家也被骗了。
amplifier,'æmplɪfaɪɚ,n. [电子] 放大器，扩大器；扩音器,,
dismay,dɪs'me,n. 沮丧，灰心；惊慌；v. 使沮丧；使惊慌,The thought of leaving filled him with dismay .,想到要离开，他心里充满了忧伤。
contaminate,kən'tæmɪnet,v. 污染，弄脏,Drinking water supplies are believed to have been contaminated.,据信饮用水已受到污染。
shoe,ʃu,n. 鞋；蹄铁；外胎；v. 给……穿上鞋；穿……鞋,I sat down and took off my shoes and socks.,我坐下来脱掉鞋子和袜子。
awe,ɔ,v. 使敬畏；使畏怯；n. 敬畏,The girls were awed by the splendour of the cathedral.,女孩们对大教堂的宏伟气势大为惊叹。
millionaire,",mɪljə'nɛr",n. 百万富翁；大富豪；adj. 100万以上人口的,an American millionaire,一位美国百万富翁
pact,pækt,n. 协定；公约；条约；契约,the Warsaw pact,华沙条约
pathetic,pə'θɛtɪk,adj. 可怜的，悲哀的；感伤的；乏味的,The child looked a pathetic sight.,那个孩子看上去很可怜。
revenge,rɪ'vɛndʒ,n. 报复；复仇；v. 报复；替…报仇；洗雪,"The attackers were said to be taking revenge on the 14-year-old, claiming he was a school bully.",攻击者被称是在报复一名14岁男孩，称他是学校一霸。
yard,jɑrd,n. 院子；码（英制中丈量长度单位，1码=3英尺）；庭院；帆桁；vt. 把…关进或围在畜栏里,a hundred yards away,100码外
testimony,'tɛstə'moni,n. [法] 证词，证言；证据,Barker’s testimony is crucial to the prosecution’s case.,巴克的证词对控方的指控起到了关键作用。
excess,'ɛk'sɛs,n. 超过，超额；过度，过量；无节制；adj. 额外的，过量的；附加的,"After you apply the oil, wait 20 minutes before wiping off any excess.",涂上油以后，等20分钟再擦掉多余部分。
beneficial,",bɛnɪ'fɪʃl",adj. 有益的，有利的；可享利益的,a drug that has a beneficial effect on the immune system,有益于免疫系统的一种药物
fond,fɑnd,adj. 喜欢的；温柔的；宠爱的；n. (Fond)人名；(法)丰；(瑞典)丰德,"Joe’s quite fond of her, isn’t he?",乔很喜欢她，是不是？
scarcely,'skɛrsli,adv. 几乎不，简直不；简直没有,The city had scarcely changed in 20 years.,这座城市20年中几乎没有什么改变。
intrigue,'ɪn'triɡ,n. 阴谋；诡计；复杂的事；私通；v. 用诡计取得；激起的兴趣,It’s an exciting story of political intrigue and murder.,那是一个关于政治阴谋和谋杀的故事，扣人心弦。
intuition,",ɪntu'ɪʃən",n. 直觉；直觉力；直觉的知识,feminine intuition,女性的直觉
monument,'mɑnjumənt,n. 纪念碑；历史遗迹；不朽的作品；vt. 为…树碑,He erected a monument on the spot where his daughter was killed.,他在女儿遇难的地方立了块纪念碑。
maiden,'medn,adj. 未婚的，处女的；初次的；n. 少女；处女,"In 1912, the Titanic sank on her maiden voyage.",1912年，泰坦尼克号首次航行时沉没。
lock,lɑk,v. 锁，锁上；隐藏；n. 锁；水闸；刹车,Did you lock the car?,你把汽车锁好了吗？
denounce,dɪ'naʊns,v. 谴责；告发；公然抨击；通告废除,The group denounced the failure by the authorities to take action.,该团体谴责当局没有采取行动。
superficial,",supɚ'fɪʃl",adj. 表面的；肤浅的 ；表面文章的；外表的；（人）浅薄的,They only have the most superficial understanding of prison life.,他们对监狱生活只有最粗浅的了解。
menace,'mɛnəs,n. 威胁；恐吓；v. 恐吓；进行威胁,There was menace in his voice.,他的语气里带着威胁。
specification,'spɛsəfə'keʃən,n. 规格；说明书；详述,The bolts met all the engineering specifications .,这些螺栓符合所有的工程设计规格。
gauge,gedʒ,n. 计量器；标准尺寸；容量规格；v. 测量；估计；给…定规格,Retail sales are a gauge of consumer spending.,零售额是衡量消费支出的一个标准。
supersonic,",supɚ'sɑnɪk",adj. 超音速的；超声波的；n. 超音速；超声波,supersonic aircraft,超音速飞机
haul,hɔl,n. 拖，拉；用力拖拉；努力得到的结果；捕获物；一网捕获的鱼量；拖运距离；v. 拖运；拖拉,The gang escaped with a haul worth hundreds of pounds.,匪徒带着价值几百英镑的赃物逃跑了。
stocking,'stɑkɪŋ,n. 长袜,I want you stuffed in my stocking.,我只要你塞在我的袜子里。
shatter,'ʃætɚ,v. 粉碎；打碎；破坏；破掉；使散开；n. 碎片；乱七八糟的状态,The explosion shattered the building.,这次爆炸把大楼炸成一片废墟。
furnish,'fɝnɪʃ,v. 提供；供应；装备,Will these finds furnish more information on prehistoric man?,这些发现是否能提供更多有关史前人类的资料？
autonomy,ɔ'tɑnəmi,n. 自治，自治权,campaigners who want greater autonomy for Corsica,希望科西嘉有更多自治权的活动家
sprinkle,'sprɪŋkl,n. 撒，洒；少量；v. 洒；微雨；散置,,
trick,trɪk,n. 诡计；恶作剧；窍门；花招；骗局；欺诈；v. 欺骗；哄骗；装饰；打扮；adj. 特技的；欺诈的；有决窍的,Pretending he doesn’t remember is an old trick of his.,假装不记得是他的老花招了。
distinction,dɪ'stɪŋkʃən,n. 区别；差别；特性；荣誉、勋章,There are obvious distinctions between the two wine-making areas.,这两个酿酒区之间有明显的不同。
spaceship,'spesʃɪp,n. [航] 宇宙飞船,...an alien spaceship.,…一艘外星人的宇宙飞船。
comic,'kɑmɪk,adj. 喜剧的；滑稽的；有趣的；n. 连环漫画；喜剧演员；滑稽人物,a comic novel,滑稽小说
texture,'tɛkstʃɚ,n. 质地；纹理；结构；本质，实质,a designer who experiments with different colours and textures,尝试不同色彩和材质的设计师
differentiate,",dɪfə'rɛnʃɪet",v. 区分，区别,What differentiates these two periods of history?,这两个历史时期的差别在哪里？
rigid,'rɪdʒɪd,adj. 严格的；僵硬的，死板的；坚硬的；精确的,rigid and authoritarian methods of education,死板、专断的教育方法
deadly,'dɛdli,adj. 致命的；非常的；死一般的；adv. 非常；如死一般地,a deadly poison,致命的毒药
junction,'dʒʌŋkʃən,n. 连接，接合；交叉点；接合点,the junction of Abbot Road and Mill Street,阿伯特路与米尔街的交叉口
cheque,tʃɛk,n. 支票,You could write her a cheque .,你可以给她开张支票。
typist,'taɪpɪst,n. 打字员，打字者,I’m a slow typist.,我打字很慢。
naughty,'nɔti,adj. 顽皮的，淘气的；不听话的；没规矩的；不适当的；下流的,You’re a very naughty boy! Look what you’ve done!,你真是个淘气鬼！瞧你干了些什么！
secondary,'sɛkəndɛri,adj. 第二的；中等的；次要的；中级的；n. 副手；代理人,the novel’s secondary characters,这本小说中的次要人物
fantasy,'fæntəsi,n. 幻想；白日梦；幻觉；adj. 虚幻的；v. 空想；想像,I used to have fantasies about living in Paris with an artist.,我过去常幻想着在巴黎与一位艺术家同住。
suburb,'sʌbɝb,n. 郊区；边缘,a London suburb,一个伦敦郊区
conversation,",kɑnvɚ'seʃən",n. 交谈，会话；社交；交往，交际；会谈；（人与计算机的）人机对话,a telephone conversation,电话交谈
foundation,faʊn'deʃən,n. 基础；地基；基金会；根据；创立,It took the builders three weeks to lay the foundations .,建筑工人花了三星期的时间打地基。
trial,'traɪəl,n. 试验；审讯；努力；磨炼；adj. 试验的；审讯的,a new drug that is undergoing clinical trials,正在接受临床试验的一种新药
tragic,'trædʒɪk,adj. 悲剧的；悲痛的，不幸的,The parents were not to blame for the tragic death of their son.,儿子的惨死不是他父母的错。
sophisticated,sə'fɪstɪketɪd,adj. 复杂的；精致的；久经世故的；富有经验的；v. 使变得世故；使迷惑；篡改（sophisticate的过去分词形式）,sophisticated software,很先进的软件
ridiculous,rɪ'dɪkjələs,adj. 可笑的；荒谬的,That’s a ridiculous idea!,那主意很荒唐！
purple,'pɝpl,adj. 紫色的；帝王的；华而不实的；n. 紫色；紫袍；v. 变成紫色,His face turned purple with rage.,他气得脸色发紫。
tribe,traɪb,n. 部落；族；宗族；一伙,a tribe of Aborigines known as the Dolphin People,一个叫“海豚族”的澳大利亚土著部落
jazz,dʒæz,n. 爵士乐，爵士舞；喧闹；v. 奏爵士乐，跳爵士舞；游荡；adj. 爵士乐的；喧吵的,a jazz band,爵士乐队
hazard,'hæzɚd,v. 赌运气；冒…的危险，使遭受危险；n. 危险，冒险；冒险的事,"$50,000? I don’t know. I’m only hazarding a guess.",5万美元？我不知道，我只是瞎猜。
excel,ɪk'sɛl,v. 超过；擅长,Mary was a better rider than either of them and she excelled at outdoor sports.,玛丽比他们俩骑得都好，她擅长户外运动。
solar,'solɚ,adj. 太阳的；日光的；利用太阳光的；与太阳相关的；n. 日光浴室,a solar eclipse,日食
distill,dɪs'tɪl,v. 提取；蒸馏；使滴下,distilled water,蒸馏水
hinge,hɪndʒ,n. 铰链，折叶；关键，转折点；枢要，中枢；v. 用铰链连接；依…为转移；给…安装铰链；（门等）装有蝶铰,The top swung open on well-oiled hinges.,盖子在上好油的折叶上一下子弹开了。
guest,ɡɛst,n. 客人，宾客；顾客；v. 款待，招待；adj. 客人的；特邀的，客座的,a banquet for 250 distinguished guests,250位贵宾出席的宴会
bullet,'bʊlɪt,n. 子弹；只选某党全部候选人的投票；豆子；vi. 射出；迅速行进,He was killed by a single bullet.,他被一枪打死。
rehearsal,rɪ'hɝsl,n. 排演；预演；练习；训练；叙述,a wedding rehearsal,婚礼的预演
compact,'kɑmpækt,n. 合同，契约；小粉盒；adj. 紧凑的，紧密的；简洁的；v. 使简洁；使紧密结合,The bushes grew in a compact mass.,灌木长成茂密的一片。
rope,rop,n. 绳，绳索；v. 捆，绑,They tied a rope around my waist and pulled me up.,他们在我腰间系了一根粗绳子，把我拉了上去。
witch,wɪtʃ,n. 巫婆，女巫；v. 迷惑；施巫术,"She was swindled out of ￡ 1,000 by a witch.",她被一个女巫骗了一千英镑。
lorry,'lɔri,n. （英）卡车；[车辆] 货车；运料车,Now and then they heard the roar of a heavy lorry.,他们不时听见一辆重型卡车的轰响声。
execute,'ɛksɪkjut,v. 实行；执行；处死,13 people were summarily executed (= killed without any trial or legal process ) by the guerrillas.,有13人被游击队员就地处决。
fax,fæks,v. 传真；n. 传真,I faxed a copy of the agreement to each of the investors.,我给每位投资者都传真了一份协议副本。
pickup,'pɪkʌp,n. 收集，整理；小卡车；拾起；搭车者；偶然结识者,,
notable,'notəbl,adj. 值得注意的，显著的；著名的；n. 名人，显要人物,"Every country in the world signed the treaty, with one notable exception - the United States.",全世界每个国家都签署了那份条约，只有一个国家反其道而行之，就是美国。
yesterday,ˈjɛstədi,n. 昨天；往昔；adv. 昨天,yesterday’s meeting,昨天的会议
canvas,'kænvəs,n. 帆布；v. 用帆布覆盖，用帆布装备；adj. 帆布制的,a canvas bag,帆布包
label,ˈlebəl,v. 标注；贴标签于；n. 标签；商标；签条,Label the diagram clearly.,把图表标示清楚。
rural,'rʊrəl,adj. 农村的，乡下的；田园的，有乡村风味的,a rural setting,乡村环境
roof,ruf,n. 屋顶；最高处，顶部；最高限度；v. 给…盖屋顶，覆盖,They finally found the cat up on the roof.,他们最后在屋顶上找到了那只猫。
procession,prə'sɛʃən,n. 队伍，行列；一列，一排；列队行进；vi. 列队行进；vt. 沿著……行进,They marched in procession to the Capitol building.,他们列队向国会大厦行进。
leak,lik,n. 泄漏；漏洞，裂缝；v. 使渗漏，泄露,There is a leak in the ceiling.,天花板上有条裂缝。
tough,tʌf,adj. 艰苦的，困难的；坚强的，不屈不挠的；坚韧的，牢固的；强壮的，结实的；n. 恶棍；v. 坚持；忍受，忍耐；adv. 强硬地，顽强地,The men who work on the oil rigs are a tough bunch.,在石油钻塔上工作的都是吃苦耐劳的人。
curriculum,kə'rɪkjələm,n. 课程,Languages are an essential part of the school curriculum.,语言是学校课程中必不可少的部分。
leap,lip,v. 跳，跳跃；n. 飞跃；跳跃,My heart leaped when I saw Paul at the airport.,在机场看到保罗时，我的心猛地一跳。
sweater,'swɛtɚ,n. 毛线衣，运动衫；大量出汗的人，发汗剂,Somebody pinched my sweater.,有人偷了我的运动衫。
indoor,'ɪndɔr,adj. 室内的，户内的,an indoor swimming pool,室内游泳池
nap,næp,n. 小睡，打盹儿；细毛；孤注一掷；v. 使拉毛,an afternoon nap,午睡
indication,",ɪndɪ'keʃən",n. 指示，指出；迹象；象征,Could you give me some indication as to when I am likely to receive a reply?,你能给我透露一下什么时候我能收到回复吗？
occasion,ə'keʒn,n. 时机，机会；场合；理由；v. 引起，惹起,His remark was the occasion of a bitter quarrel.,他的话引起了一场激烈的争吵。
rational,'ræʃnəl,adj. 合理的；理性的；n. 有理数,Parents need to be fully informed so they can make a rational decision.,父母需要充分了解情况，这样才可以作出合理的决定。
circulate,'sɝkjəlet,v. 传播，流传；循环；流通,Swimming helps to get the blood circulating through the muscles.,游泳有助于肌肉的血液循环。
noticeable,'notɪsəbl,adj. 显而易见的，显著的；值得注意的,Alcohol has a noticeable effect on the body.,酒精对身体有明显的影响。
obsolete,ɑbsəˌlit,adj. 废弃的；老式的；n. 废词；陈腐的人；vt. 淘汰；废弃,obsolete weapons,已被淘汰的武器
layer,'leɪr,n. 层，层次；膜；[植]压条；放置者，计划者；v. 把…分层堆放；借助压条法；生根繁殖；将（头发）剪成不同层次,He pulled off layer upon layer of clothing (= many layers of clothing ).,他把衣服一件件地脱掉。
destiny,'dɛstəni,n. 命运，定数，天命,She always had a strong sense of destiny .,她向来很相信天意。
tremendous,trə'mɛndəs,adj. 极大的，巨大的；惊人的；极好的,"Suddenly, there was a tremendous bang, and the whole station shook.",突然一声巨响，整个车站都晃动了。
freeze,friz,v. 冻结；冷冻；僵硬；n. 冻结；凝固,The lake had frozen overnight.,湖上一夜之间就结了冰。
appal,ə'pɔl,v. 使惊骇；惊吓,The way we kill animals appals a lot of people.,我们屠杀动物的方式令许多人震惊。
maid,med,n. 女仆；少女；vt. 侍候；做新娘的女傧相；vi. 当女仆,a kitchen maid,厨房女佣人
dense,dɛns,adj. 稠密的；浓厚的；愚钝的,a dense rurally-based population,居住在乡村的密集人口
circus,'sɝkəs,n. 马戏；马戏团,My real ambition was to work in a circus.,我真正的理想是去马戏团工作。
deposit,dɪ'pɑzɪt,n. 存款；押金；订金；保证金；沉淀物；v. 使沉积；存放,fatty deposits on the heart,心脏上沉积的脂肪层
prescribe,prɪ'skraɪb,v. 规定；开药方,What punishment does the law prescribe for this crime?,法律规定这种罪行应受何处罚？
glow,ɡlo,v. 发热；洋溢；绚丽夺目；n. 灼热；色彩鲜艳；兴高采烈,,
honey,'hʌni,n. 蜂蜜；宝贝；甜蜜；adj. 甘美的；蜂蜜似的；v. 对…说甜言蜜语；加蜜使甜,"Hi, honey.",嗨，亲爱的。
ventilate,'vɛntɪlet,v. 使通风；给…装通风设备；宣布,Both patients are sedated and ventilated.,两位病人都用了镇静剂和呼吸机。
accelerate,əkˈsɛləˌret,v. 使……加快；使……增速,measures to accelerate the rate of economic growth,加快经济增长速度的措施
hill,hɪl,n. 小山；丘陵；斜坡；山冈,Their house is on a hill overlooking the sea.,他们的房子建在可以俯视大海的小山上。
forehead,'fɔr'hɛd,n. 额，前额,...the lines on her forehead.,…她前额上的皱纹。
dairy,'dɛri,n. 奶制品；乳牛；制酪场；乳品店；牛奶及乳品业；adj. 乳品的；牛奶的；牛奶制的；产乳的,"In my childhood, local dairies bought milk from local farmers.",在我小时候，本地的乳品公司向当地农场主收购牛奶。
mischief,'mɪstʃɪf,n. 恶作剧；伤害；顽皮；不和,"Now run along, and don’t get into mischief .",好了，走开，不要捣乱。
vacation,vəˈkeɪʃn; veɪ-,n. 假期；（房屋）搬出；v. 休假，度假,We’re planning a vacation in Europe.,我们正计划去欧洲度假。
session,'sɛʃən,n. 会议；（法庭的）开庭；（议会等的）开会；学期；讲习会,Board members met in closed session (= with nobody else present ) .,委员会成员举行了闭门会议。
silence,'saɪləns,n. 沉默；寂静；缄默；不谈；无声状态；v. 使沉默；使安静；压制；消除噪音；int. 安静！；别作声！,There was a brief silence before anyone answered.,沉默了片刻才有人回答。
needle,'nidl,n. 针；指针；刺激；针状物；v. 缝纫；做针线,She carried hypodermic needles and syringes in her bag.,她包里带着皮下注射针和针筒。
antique,æn'tik,adj. 古老的，年代久远的；过时的，古董的；古风的，古式的；n. 古董，古玩；古风，古希腊和古罗马艺术风格；v. 觅购古玩,an antique rosewood desk,古董红木书桌
reservoir,"'rɛzɚ,vɔr",n. 水库；蓄水池,All these earthquakes happened when the water level in Zipingpu reservoir was low.,所有这些地震都发生在紫坪铺水库水位很低的时候。
benign,bɪ'naɪn,adj. 良性的；和蔼的，亲切的；吉利的；n. (Benign)人名；(俄)贝尼根,He shook his head in benign amusement.,他被逗乐了，和蔼地摇了摇头。
volcano,vɑl'keno,n. 火山,Pompeii was destroyed when the volcano erupted in 79 AD.,庞贝城于公元79年在火山爆发中毁灭。
stereotype,'stɛrɪətaɪp,v. 使用铅版；套用老套，使一成不变；n. 陈腔滥调，老套；铅版,,
fiction,'fɪkʃən,n. 小说；虚构，编造；谎言,romantic fiction,爱情小说
rape,rep,n. 强奸，掠夺；[园艺] 油菜；葡萄渣；v. 强奸；掠夺，抢夺,Police are investigating a series of violent rapes in the town.,警察在调查镇上发生的一连串暴力强奸案。
movie,'muvi,n. 电影；电影院；电影业；adj. 电影的,It was like one of those old John Wayne movies.,这部电影有点像约翰•韦恩演的一部老片子。
nourish,'nɜrɪʃ,v. 滋养；怀有；使健壮,The cream contains vitamin A to nourish the skin.,这种护肤霜含有滋养肌肤的维生素A。
pollution,pə'luʃən,n. 污染,California’s tough anti-pollution laws,加利福尼亚州严厉的反污染法
prosperity,prɑ'spɛrəti,n. 繁荣，成功,a time of economic prosperity,经济繁荣时期
diploma,dɪ'plomə,n. 毕业证书，学位证书；公文，文书；奖状；vt. 发给…毕业文凭,I’m hoping to get my teaching diploma this year.,我希望今年能拿到教师证书。
cigar,sɪ'ɡɑr,n. 雪茄,He was smoking a big cigar.,他在抽一只大雪茄。
improvement,ɪm'prʊvmənt,n. 改进，改善；提高,Our results have shown some improvement this month.,我们的成绩这个月有所提高。
square,skwɛr,adj. 平方的；正方形的；直角的；正直的；v. 使成方形；与…一致；n. 平方；广场；正方形；adv. 成直角地,a large square room,一个正方形的大房间
hike,haɪk,v. 远足；徒步旅行；上升；n. 远足；徒步旅行；涨价,You could hike through the Fish River Canyon – it's entirely up to you.,你可以远足穿越菲什干河大峡谷–这全由你自己决定。
patch,pætʃ,n. 眼罩；斑点；碎片；小块土地；v. 修补；解决；掩饰,Look out for icy patches on the road.,小心路上结冰的地方。
midst,mɪdst,n. 当中，中间；prep. 在…中间（等于amidst）,I fear we have an enemy in our midst.,我担心我们中间有内奸。
physicist,'fɪzɪsɪst,n. 物理学家；唯物论者,...a nuclear physicist.,…一位核物理学家。
oriental,",orɪ'ɛntəl",adj. 东方的；东方人的；n. 东方人,a beautiful oriental rug,漂亮的东方地毯
envy,'ɛnvi,n. 嫉妒，妒忌；羡慕；v. 嫉妒，妒忌；羡慕,She could see that all the other girls were green with envy(= feeling a lot of envy ).,她看得出其他女孩都很眼红。
capsule,ˈkæpsul,n. 胶囊；[植] 蒴果；太空舱；小容器；adj. 压缩的；概要的；v. 压缩；简述,a space capsule orbiting the Earth,沿地球轨道飞行的太空舱
synthetic,sɪn'θɛtɪk,adj. 综合的；合成的，人造的；n. 合成物,synthetic chemicals,合成化学品
fable,'febl,n. 寓言；无稽之谈；vi. 编寓言；虚构；vt. 煞有介事地讲述；虚构,the fable of the fox and the crow,狐狸和乌鸦的寓言故事
correspondent,",kɔrə'spɑndənt",n. 通讯记者；客户；通信者；代理商行,Our correspondent in South Africa sent this report.,我们的驻南非记者发来这份报道。
pretext,'pritɛkst,n. 借口；托辞；vt. 以…为借口,He’ll phone on some pretext or other.,他会以这样或那样的理由打电话的。
gentle,'dʒɛntl,adj. 温和的；文雅的；v. 使温和，使驯服；n. 蛆，饵,"Arthur was a very gentle, caring person.",阿瑟是一个非常温柔体贴的人。
postpone,po'spon,v. 使…延期；把…放在次要地位；把…放在后面,The match had to be postponed until next week.,比赛不得不推迟到下周举行。
january,'dʒænjʊ'ɛri,n. 一月,We always have snow in January.,我们这里1月份总会下雪。
proceed,pro'sid,v. 开始；继续进行；发生；行进；n. 收入，获利,"Before proceeding further, we must define our terms.",我们必须先定义术语，然后再往下展开。
mutton,'mʌtn,n. 羊肉,...a leg of mutton.,…一条羊腿。
occupation,",ɑkju'peʃən",n. 职业；占有；消遣；占有期,"Please state your name, address and occupation.",请写明你的姓名、地址和职业。
momentum,mo'mɛntəm,n. 势头；[物] 动量；动力；冲力,incentives to maintain the momentum of European integration,保持欧洲一体化发展势头的激励措施
console,'kɑnsol,n. [计] 控制台；[电] 操纵台；v. 安慰；慰藉,No one could console her when Peter died.,彼得去世时没人能够安慰她。
apple,'æpl,n. 苹果，苹果树，苹果似的东西；[美俚]炸弹，手榴弹，（棒球的）球；[美俚]人，家伙。,apple pie,苹果馅饼
cathedral,kə'θidrəl,n. 大教堂,St Paul’s Cathedral,圣保罗大教堂
gently,'dʒɛntli,adv. 轻轻地；温柔地，温和地,"‘You go back to bed now,’ he said gently.",“你回去睡觉吧。”他温柔地说道。
drastic,'dræstɪk,adj. 激烈的；猛烈的；n. 烈性泻药,drastic cuts in government spending,政府开支的急剧削减
rainbow,'renbo,n. 彩虹；五彩缤纷的排列；幻想；adj. 五彩缤纷的；彩虹状的；vt. 使呈彩虹状；如彩虹般装饰；vi. 呈彩虹状,...silk and satin in every shade of the rainbow.,…如彩虹般五颜六色的丝绸与锦缎。
noon,nun,n. 中午；正午；全盛期,We met at 12 noon.,我们中午12点见了面。
circle,'sɝkl,n. 循环，周期；圆；圈子；圆形物；v. 盘旋，旋转；环行,Draw a circle 10cm in diameter.,画一个直径10厘米的圆形。
northeast,'nɔrθ'ist,adj. 东北的；向东北的；来自东北的；n. 东北；adv. 向东北；来自东北,...a climate like that of our northeast coast.,…同我们东北部沿海气候相似的一种气候。
silicon,'sɪlɪkən,n. [化学] 硅；硅元素,,
exceedingly,ɪk'sidɪŋli,adv. 非常；极其；极度地；极端,Thank you. You’ve been exceedingly kind.,谢谢，你真是太好了。
majesty,'mædʒəsti,n. 威严；最高权威，王权；雄伟；权威,,
spokesman,'spoksmən,n. 发言人；代言人,a White House spokesman,白宫发言人
hint,hɪnt,n. 暗示；线索；v. 暗示；示意,There have been hints that he may take up coaching.,他暗示过可能会出任教练。
bottle,'bɑtl,n. 瓶子；一瓶的容量；v. 控制；把…装入瓶中,an empty bottle,一个空瓶子
interface,'ɪntɚ'fes,n. 界面；<计>接口；交界面；v. （使通过界面或接口）接合，连接；[计算机]使联系,...the development of better user interfaces.,…更好用户界面的开发。
cereal,'sɪrɪəl,n. 谷类，谷物；谷类食品；谷类植物；adj. 谷类的；谷类制成的,a bowl of breakfast cereal,一碗早餐麦片
entertainment,'ɛntɚ'tenmənt,n. 娱乐；消遣；款待,The town provides a wide choice of entertainment.,该镇提供各式各样的娱乐活动。
schedule,'skɛdʒul; (canadian) ˈʃɛdʒʊl; ˈʃɛdjʊl,v. 安排，计划；编制目录；将……列入计划表；n. 时间表；计划表；一览表,We will not cancel your holiday less than eight weeks before the scheduled departure date .,离预定出发日期少于八周，度假行程将不能取消。
mainland,'menlænd,n. 大陆；本土；adj. 大陆的；本土的,flights between a Greek island and the mainland,希腊一海岛和本土之间的航班
rash,ræʃ,adj. 轻率的；鲁莽的；不顾后果的；n. [皮肤] 皮疹；突然大量出现的事物,"Please Jessie, don’t do anything rash.",求你了，杰西，不要草率行事。
identification,aɪˌdentɪfɪ'keʃn,n. 鉴定，识别；认同；身份证明,Do you have any identification?,你有什么身份证明文件吗？
tender,'tɛndɚ,adj. 温柔的；柔软的；脆弱的；幼稚的；难对付的；n. 偿付，清偿；看管人；小船；v. 提供，偿还；使…变嫩；使…变柔软,Continue cooking until the meat is tender.,把肉一直烧到松软为止。
clothe,kloð,v. 给…穿衣；覆盖；赋予,They could barely keep the family fed and clothed.,他们几乎无力为家人提供衣食。
velvet,'vɛlvɪt,n. 天鹅绒，丝绒；天鹅绒似的东西；adj. 天鹅绒的,green velvet drapes,绿色丝绒帷帘
overtime,",ovə'taɪm",n. [劳经] 加班时间；延长时间；加时赛；adj. 超时的；加班的；vt. 使超过时间；adv. 加班地,six hours’ overtime,六小时的加班
scar,skɑr,v. 伤害；给留下伤痕；n. 创伤；伤痕,His hands were badly scarred by the fire.,他的双手被那次大火烧得疤痕累累。
blunt,blʌnt,adj. 钝的，不锋利的；生硬的；直率的；v. 使迟钝；n. (Blunt)人名；(英)布伦特,Sharpen all your blunt knives.,把你所有的钝刀子都磨一磨。
temperature,'tɛmprətʃɚ,n. 温度；体温；气温；发烧,The temperature of the water was just right for swimming.,这水温游泳正好。
candle,'kændl,n. 蜡烛；烛光；烛形物；v. 对着光检查,When the candle was only half an inch high it flickered out and the room became dark.,蜡烛只有半英寸长时，烛光忽闪忽闪地熄灭了，于是房间一片漆黑。
bundle,'bʌndl,n. 束；捆；v. 捆,a small bundle containing mostly clothing,一个小包袱，里面主要是衣服
overtake,",ovɚ'tek",v. 赶上；压倒；突然来袭,He pulled out to overtake the van.,他把车驶出所在车道想超过那辆小货车。
chaos,'keɑs,n. 混沌，混乱,The country was plunged into economic chaos.,这个国家陷入了经济大混乱。
hysterical,hɪ'stɛrɪkl,adj. 歇斯底里的；异常兴奋的,Janet became hysterical and began screaming.,珍妮特歇斯底里起来，开始尖叫。
meditation,",mɛdɪ'teʃən",n. 冥想；沉思，深思,"Yoga involves breathing exercises, stretching, and meditation.",瑜伽包括呼吸训练、伸展和冥想。
accordance,ə'kɔrdns,n. 一致；和谐,"IT organizations working in an environment with compliance requirements must to be able to document that they have designed, implemented, and tested the application in accordance with these standards.",工作在有法规遵循要求的环境中的IT组织必须能够证明他们已经计划、执行，并测试了这个应用软件与这些标准是保持一致的。
corridor,'kɔrɪdɔr,n. 走廊,Go down here and the bathroom’s at the end of the corridor.,沿着这儿走，浴室就在走廊的尽头。
chase,,v. 追逐；追捕；试图赢得；雕镂；n. 追逐；追赶；追击,The dogs saw him running and chased him.,那些狗看到他在跑就追他。
restrain,rɪ'stren,v. 抑制，控制；约束；制止,Renwick restrained a feeling of annoyance.,伦威克忍住了不悦的情绪。
substance,'sʌbstəns,n. 物质；实质；资产；主旨,The leaves were covered with a strange sticky substance.,树叶上覆着一层黏糊糊的怪东西。
adventure,əd'vɛntʃɚ,n. 冒险；冒险精神；投机活动；v. 冒险；大胆说出,Come on – where’s your sense of adventure?,来吧——你的冒险精神哪里去了？
adverb,'ædvɝb,n. 副词；adj. 副词的,Will you please compare the adverb “well”?,请你说出副词“well”的原级、比较级和最高级好吗?
furnace,'fɝnɪs,n. 火炉，熔炉,It was hot summer and at the edge of the desert it was like a furnace.,那是一个炎热的夏天，在沙漠的边缘，天热得像火炉一样。
dubious,'dubɪəs,adj. 可疑的；暧昧的；无把握的；半信半疑的,The firm was accused of dubious accounting practices.,该公司被指控有不诚实的会计行为。
annoy,ə'nɔɪ,v. 骚扰；惹恼；打搅；n. 烦恼（等于annoyance）,He is not doing this to annoy you.,他做这件事并非是要惹你烦恼。
liable,'laɪəbl,adj. 有责任的，有义务的；应受罚的；有…倾向的；易…的,She will grow into a woman particularly liable to depression.,她将变成一个特别易于消沉的女人。
sticky,'stɪki,adj. 粘的；粘性的,There’s some sticky stuff in your hair.,你的头发上有什么黏糊糊的东西。
thirsty,'θɝsti,adj. 口渴的，口干的；渴望的，热望的,Can I have a glass of water? I’m really thirsty.,我能喝一杯水吗？ 我太渴了。
basket,'bæskɪt,n. 篮子；（篮球比赛的）得分；一篮之量；篮筐；vt. 装入篮,a shopping basket,购物篮
chart,tʃɑrt,n. 图表；海图；图纸；排行榜；v. 绘制…的图表；在海图上标出；详细计划；记录；记述；跟踪（进展或发展,a chart showing last year’s sales,显示去年销售情况的一份图表
nut,nʌt,n. 螺母，螺帽；坚果；难对付的人，难解的问题；v. 采坚果,a pine nut,松子
upstairs,",ʌp'stɛrz",adv. 在楼上，向楼上；上楼；往楼上；adj. 楼上的；n. 楼上,I went upstairs and had a shower.,我上楼冲了个澡。
garden,'ɡɑrdn,n. 花园；菜园；v. 栽培花木,He’s outside in the garden.,他在外面花园里。
mate,met,n. 助手，大副；配偶；同事；配对物；v. 使配对；使一致；结伴,He has found his ideal mate.,他已经找到了理想的配偶。
vertical,'vɝtɪkl,adj. 垂直的，直立的；[解剖] 头顶的，顶点的；n. 垂直线，垂直面,a vertical line ,垂直线
cemetery,'sɛmə'tɛri,n. 墓地；公墓,Her father was laid in a cemetery.,她父亲安葬在一处公墓。
fairy,'fɛri,n. 仙女，小精灵；漂亮姑娘；adj. 虚构的；仙女的,,
lantern,'læntɚn,n. 灯笼；提灯；灯笼式天窗,,
ignorant,'ɪɡnərənt,adj. 无知的；愚昧的,an ignorant and uneducated man,不学无术的人
glitter,'ɡlɪtɚ,v. 闪光；闪烁；n. 闪光；灿烂,The river glittered in the sunlight.,阳光下河面波光粼粼。
vest,vest,n. 背心；汗衫；v. 授予；使穿衣,a bulletproof vest,防弹背心
orange,'ɔrɪndʒ,adj. 橙色的；橘色的；n. 橙；橙色；桔子,orange juice,橙汁
persecute,'pɝsɪkjut,v. 迫害；困扰；同…捣乱,The Puritans left England to escape being persecuted.,清教徒离开了英国以躲避迫害。
veto,'vito,n. 否决权；v. 否决；禁止,The Senate had a sufficient majority to override the presidential veto (= not accept his refusal ).,参议院有足够的多数票可以推翻总统的否决。
agriculture,'æɡrɪkʌltʃɚ,n. 农业；农耕；农业生产；农艺，农学,More than 75% of the land is used for agriculture.,75%以上的土地用于农耕。
housewife,'haʊs'waɪf,n. 家庭主妇,"Married at nineteen, she was a traditional housewife and mother of four children.",她19岁就结婚了，是个传统的家庭主妇和4个孩子的母亲。
preliminary,prɪ'lɪmɪnɛri,n. 准备；预赛；初步措施；adj. 初步的；开始的；预备的,"After the usual preliminaries , the chairman made his announcement.",一段例行的开场白之后，主席发布了通告。
chalk,tʃɔk,v. 用粉笔写；用白垩粉擦；记录；规划；n. 粉笔；白垩；用粉笔划的记号；adj. 用粉笔写的,He chalked the message on the blackboard.,他用粉笔把这条消息写在黑板上。
ceiling,'silɪŋ,n. 天花板；上限,rooms with high ceilings,天花板很高的房间
navigation,'nævə'geʃən,n. 航行；航海,compasses and other instruments of navigation,罗盘及其他导航仪器
communism,'kɑmjʊ'nɪzəm,n. 共产主义,...the ultimate triumph of communism in the world.,…共产主义在全世界的最终胜利。
scarf,skɑrf,n. 围巾；嵌接，嵌接处；头巾领巾；v. 披嵌接；用围巾围,He reached up to loosen the scarf around his neck.,他伸出手松开围在脖子上的围巾。
scare,skɛr,v. 惊吓；把…吓跑；n. 恐慌；惊吓；惊恐；adj. （美）骇人的,"I don’t scare easily, you know.",你知道我不是那么容易给吓倒的！
engagement,ɪn'ɡedʒmənt,n. 婚约；约会；交战；诺言,Their engagement was announced in the paper.,他们订婚的消息在报上公布了。
uproar,'ʌprɔr,n. 骚动；喧嚣,The announcement caused uproar in the crowd.,公告在人群中引起了一阵骚动。
mouse,maʊs,n. 鼠标；老鼠；胆小羞怯的人；v. 探出,The cat laid a dead mouse at my feet.,猫把一只死老鼠放在我的脚边。
romance,ro'mæns,n. 传奇；浪漫史；风流韵事；冒险故事；v. 虚构；渲染；写传奇,Michelle married him after a whirlwind romance (= one that happens very suddenly and quickly ) .,经过一场旋风式的恋爱，米歇尔嫁给了他。
verb,vɝb,n. 动词；动词词性；动词性短语或从句；adj. 动词的；有动词性质的；起动词作用的,The German verb is postponed.,德语动词放在句末。
tutor,'tʊtɚ,v. 辅导；约束；n. 导师；家庭教师；助教,He was privately tutored.,他是由家庭教师教的。
sociable,'soʃəbl,adj. 社交的；好交际的；友善的；n. 联谊会,"a pleasant, sociable couple",一对和善且喜欢与人交往的夫妇
dirty,ˈdɝ​tɪ,adj. 下流的，卑鄙的；肮脏的；恶劣的；暗淡的；v. 弄脏,a stack of dirty dishes in the sink,洗涤槽里的一堆脏碟子
transparent,træns'pærənt,adj. 透明的；显然的；坦率的；易懂的,a transparent plastic container,透明的塑料容器
forecast,'fɔrkæst,v. 预报，预测；预示；n. 预测，预报；预想,Rain was forecast for the weekend.,预报周末有雨。
infrared,",ɪnfrə'rɛd",n. 红外线；adj. 红外线的,Both the model and the satellite sensor use infrared energy to measure clouds.,模型和卫星传感器都使用红外能量来进行云的估算。
mourn,mɔrn,v. 哀悼；忧伤；服丧,Hundreds of people gathered to mourn the slain president.,成百上千人聚集在一起悼念遇刺的总统。
chill,tʃɪl,n. 寒冷；寒意；寒心；adj. 寒冷的；冷漠的；扫兴的；v. 冷冻，冷藏；使寒心；使感到冷,There was a slight chill in the air .,空气中有些微的寒意。
myth,mɪθ,n. 神话；虚构的人，虚构的事,a book of Greek myths,一本关于希腊神话的图书
designate,'dɛzɪɡnet,v. 指定；指派；标出；把…定名为；adj. 指定的；选定的,Buildings are designated by red squares on the map.,在地图上建筑物用红色方块标明。
clarity,'klærəti,n. 清楚，明晰；透明,Letters may be edited for length and clarity.,信件可能要加以修改以求篇幅合适，意思明了。
whisky,'wɪski,n. 威士忌酒；adj. 威士忌酒的,We drink whisky mixed with beer.,我们喝掺有啤酒的威士忌。
pretend,prɪ'tɛnd,v. 假装，伪装，佯装；adj. 假装的,Let’s pretend we’re on the moon.,我们假装自己是在月球上吧。
scan,skæn,v. 扫描；浏览；细看；详细调查；标出格律；n. 扫描；浏览；审视；细看,"He scanned the horizon, but there was no sign of the ship.",他朝地平线处仔细眺望，但是找不到那艘船的踪影。
strife,straɪf,n. 冲突；争吵；不和,Money is a major cause of strife in many marriages.,钱在许多婚姻中是导致冲突的一个主要原因。
magnet,'mægnɪt,n. 磁铁；[电磁] 磁体；磁石,It's possible to hang a nail from a magnet and then use that nail to pick up another nail.,把一颗钉子挂在一个磁体上再用这颗钉子去吸起另一颗钉子是可能的。
graceful,'ɡresfl,adj. 优雅的；优美的,Her movements were graceful and elegant.,她举手投足优雅而高贵。
cashier,kæ'ʃɪr,n. 出纳员；司库；收银员；v. 解雇；抛弃,,
daylight,'delaɪt,n. 白天；日光；黎明；公开,The park is open to the public during daylight hours .,公园白天对公众开放。
litre,'li:tə,n. [计量] 公升（米制容量单位）,the Ford’s 2.8 litre engine,福特汽车2.8升排量的引擎
mortal,'mɔrtl,adj. 凡人的；致死的；终有一死的；不共戴天的；n. 人类，凡人,Her father’s death reminded her that she was mortal.,父亲的去世让她认识到终有一天她也会死去。
articulate,ɑr'tɪkjulet,v. 清晰地发（音）；明确有力地表达；用关节连接；使相互连贯；adj. 发音清晰的；口才好的；有关节的；n. 【动物学】有节体的动物,Many people are unable to articulate the unhappiness they feel.,许多人都表达不出内心的痛苦。
stare,stɛr,v. 凝视，盯着看；显眼；n. 凝视；注视,She sat there staring into space (= looking for a long time at nothing ) .,她坐在那里，出神地凝视前方。
vigorous,'vɪɡərəs,adj. 有力的；精力充沛的,Your dog needs at least 20 minutes of vigorous exercise every day.,你的狗每天需要进行至少20分钟的剧烈运动。
sacrifice,'sækrɪfaɪs,n. 牺牲；祭品；供奉；v. 牺牲；献祭；亏本出售,The minister stressed the need for economic sacrifice.,部长强调了在经济上作出牺牲的必要性。
milk,mɪlk,n. 牛奶；乳状物；v. 榨取；挤…的奶,a bottle of milk,一瓶奶
mild,maɪld,adj. 温和的；轻微的；淡味的；文雅的；不含有害物质的的；n. （英国的一种）淡味麦芽啤酒,We had an exceptionally mild winter last year.,去年冬天我们这里异常暖和。
continuous,kən'tɪnjʊəs,adj. 连续的，持续的；继续的；连绵不断的,continuous economic growth,持续的经济增长
overseas,",ovɚ'siz",adv. 在海外，海外；adj. 海外的，国外的,Chris is going to work overseas.,克里斯要去国外工作。
stride,straɪd,n. 大步；步幅；进展；v. 跨过；大踏步走过；跨坐在…,Paco reached the door in only three strides.,帕科三大步就走到了门口。
probable,'prɑbəbl,adj. 很可能的；可信的；n. 很可能的事；大有希望的候选者,The probable cause of the fire was faulty wiring.,起火的原因很可能是电路故障。
jungle,'dʒʌŋɡl,n. 丛林，密林；危险地带；adj. 丛林的；蛮荒的,the Amazon jungle,亚马孙丛林
conclusion,kən'kluʒn,n. 结论；结局；推论,These are the report’s main conclusions.,这些就是这篇报告的主要结论。
propaganda,'prɑpə'gændə,n. 宣传；传道总会,the spreading of political propaganda,政治宣传的开展
valley,'væli,n. 山谷；流域；溪谷,the San Fernando Valley,圣费尔南多山谷
foolish,'fulɪʃ,adj. 愚蠢的；傻的,I’ve never heard anything so foolish in all my life.,我这辈子从没听到过这么愚蠢的话。
delegate,"ˈdɛləgɪt; (for v.,) ˈdɛləˌgeɪt",v. 委派…为代表；n. 代表,Officials have now been delegated to start work on a draft settlement.,官员们现已被委派开始准备一份拟定协议。
irrigate,'ɪrəget,v. 灌溉；冲洗；使清新,The water in Lake Powell is used to irrigate the area.,包尔湖的水被用来灌溉该地区。
blanket,'blæŋkɪt,n. 毛毯，毯子；毯状物，覆盖层；adj. 总括的，全体的；没有限制的；v. 覆盖，掩盖；用毯覆盖,The mud disappeared under a blanket of snow.,泥地在一层白雪的覆盖下消失不见了。
genuine,'dʒɛnjʊɪn,adj. 真实的，真正的；诚恳的,‘Did he really?’ Her surprise seemed genuine.,“他真的这样？”她好像是真的惊讶。
district,'dɪstrɪkt,n. 区域；地方；行政区,a postal district,邮政区
assassinate,ə'sæsn'et,v. 暗杀；行刺,a plot to assassinate the President,刺杀总统的阴谋
mutter,'mʌtɚ,v. 咕哝；喃喃自语；n. 咕哝；喃喃低语,Elsie muttered something I couldn’t catch and walked off.,埃尔茜咕哝了一句什么，我也没有听懂，她就走掉了。
fortnight,'fɔrtnaɪt,n. 两星期,a fortnight’s holiday,十四天的假期
tackle,'tækl,n. 滑车；装备；用具；扭倒；v. 处理；抓住；固定；与…交涉,...fishing tackle.,…渔具。
blush,blʌʃ,v. 脸红；感到惭愧；n. 脸红；红色；羞愧,Wilson saw she was watching him and blushed.,威尔逊看到她在注视着自己，不由得脸红了。
missionary,'mɪʃənɛri,adj. 传教的；传教士的；n. 传教士,missionary work,传教工作
bloody,'blʌdi,adj. 血腥的；非常的；嗜杀的，残忍的；血色的；v. 使流血；adv. 很,It serves you bloody well right.,你实在是活该。
ego,'iɡo,n. 自我；自负；自我意识,That promotion really boosted her ego (= made her feel better about herself ).,那次晋升确实增强了她的自信心。
indicative,ɪn'dɪkətɪv,adj. 象征的；指示的；表示…的；n. 陈述语气；陈述语气的动词形式,His action is indicative of growing concern about the shortage of skilled labour.,他的行为显示对于熟练工人短缺现象的日益关注。
courage, 'kɝrɪdʒ,n. 勇气；胆量,Sue showed great courage throughout her illness.,休在生病期间表现出了极大的勇气。
beach,bitʃ,n. 海滩；湖滨；v. 将…拖上岸,a sandy beach,沙滩
egg,ɛɡ,n. 蛋；卵子；家伙；鸡蛋；v. 煽动；怂恿,Blackbirds lay their eggs in March.,乌鸫在3月产蛋。
skin,skɪn,n. 皮肤；外皮；v. 剥皮,She had thick black hair and smooth dark skin.,她一头浓密的黑发，皮肤黝黑光滑。
skim,skɪm,v. 略读；撇去…的浮物；从…表面飞掠而过；去除；（为逃税而）隐瞒（部分收入）；n. 撇；撇去的东西；表层物；瞒报所得的收入；adj. 脱脂的；撇去浮沫的；表层的,Julie skimmed the sports page.,朱莉浏览了体育版。
semiconductor,",sɛmɪkən'dʌktɚ",n. [电子][物] 半导体,In semiconductor receivers transistors take the place of vacuum tubes.,在半导体收音机中晶体管代替了真空管。
commute,kə'mjʊt,v. （搭乘车、船等）通勤；代偿；n. 通勤（口语）,Baldry’s 20-year prison sentence was commuted to three years.,鲍德里二十年的刑期被减至三年。
splendid,'splɛndɪd,adj. 辉煌的；灿烂的；极好的；杰出的,a splendid idea,很妙的主意
contradiction,",kɑntrə'dɪkʃən",n. 矛盾；否认；反驳,apparent contradictions in the defendant’s testimony,被告证词中的明显矛盾
temptation,tɛmp'teʃən,n. 引诱；诱惑物,Resist the temptation to buy the item until you’re certain you need it.,要抵挡住购买的诱惑，除非你确有需要。
coward,'kaʊɚd,n. 懦夫，懦弱的人；adj. 胆小的，懦怯的,Try it. Don’t be such a coward.,试一下，别那么胆小。
yell,yel,v. 大叫，叫喊；n. 喊声，叫声,‘Help me!’ she yelled hysterically.,“救救我！”她歇斯底里地大叫。
fountain,'faʊntn,n. 喷泉，泉水；源泉,He was a fountain of information on Asian affairs.,他是亚洲事务的信息源。
obstruction,"əb'strʌkʃən, ɔb-",n. 障碍；阻碍；妨碍,John was irritated by drivers parking near his house and causing an obstruction.,约翰被众司机在他房子附近停车而造成阻塞所激怒。
redundant,rɪ'dʌndənt,adj. 多余的，过剩的；被解雇的，失业的；冗长的，累赘的,Seventy factory workers were made redundant in the resulting cuts.,在继而发生的裁员中，70名工厂工人被解雇。
veil,vel,n. 面纱；面罩；遮蔽物；托词；v. 遮蔽；掩饰；以面纱遮掩；用帷幕分隔,She lifted her veil with both hands.,她用双手揭开面纱。
skeleton,'skɛlɪtn,n. 骨架，骨骼；纲要；骨瘦如柴的人；adj. 骨骼的；骨瘦如柴的；概略的,We agreed on a skeleton outline of the proposal.,我们给提案商定了一个基本框架。
quench,kwɛntʃ,v. 熄灭，[机] 淬火；解渴；结束；冷浸,We stopped at a small bar to quench our thirst.,我们在一家小酒吧停下来喝点东西解渴。
vein,ven,n. 血管；叶脉；[地质] 岩脉；纹理；翅脉；性情；v. 使成脉络；象脉络般分布于,the pulmonary vein,肺静脉
quota,'kwotə,n. 配额；定额；限额,The government has decided to scrap quotas on car imports.,政府决定取消汽车进口配额。
intelligible,ɪn'tɛlɪdʒəbl,adj. 可理解的；明了的；仅能用智力了解的,The language of Darwin was intelligible to experts and non-experts alike.,达尔文的语言对专家和平常人来说都容易理解。
blow,blo,n. 吹；打击；殴打；v. 风吹；喘气,"Joe resigned, which was a severe blow because we needed him desperately.",乔辞职了，这是一个巨大的打击，因为我们非常需要他。
flatter,'flætɚ,v. 奉承；谄媚；使高兴,Perry would always flatter Mrs. Mitchell by praising her cooking.,佩里常常奉承米切尔太太，称赞她的烹调手艺。
decimal,'dɛsɪml,adj. 小数的；十进位的；n. 小数,changing to a decimal system,改为十进制
diagnose,",daɪəɡ'nos",v. 诊断；断定,How did they diagnose you?,他们怎么给你的诊断的？
vinegar,'vɪnɪɡɚ,n. 醋,The  sugared  vinegar is  refined from the sugarcane and  pine.,加糖的醋是从甘蔗和松木中精炼出来的.
infect,ɪn'fɛkt,v. 感染，传染,"People with the virus may feel perfectly well, but they can still infect others.",带有这种病毒的人可能毫无症状，却仍可能传染他人。
costume,'kɑstum,n. 服装，装束；戏装，剧装；v. 给…穿上服装,the film’s lavish costumes and spectacular sets,影片中奢华的戏装和壮观的场景
thief,θif,n. 小偷，贼,"Thieves broke into the offices and stole $150,000’s worth of computer equipment.",小偷破门进入办公室，偷走了价值15万美元的电脑设备。
turkey,'tɝki,n. 火鸡；笨蛋；失败之作,roast turkey,烤火鸡
maneuver,mə'nʊvɚ; mə'njʊvɚ,n. [军] 机动；演习；策略；调遣；v. [军] 机动；演习；调遣；用计谋,,
mist,mɪst,n. 薄雾；视线模糊不清；模糊不清之物；v. 下雾；变模糊,We could just see the outline of the house through the mist.,薄雾中我们只能看到房子的轮廓。
arch,ɑrtʃ,n. 弓形，拱形；拱门；adj. 主要的；v. 使…弯成弓形；用拱连接,"When she passed under the arch leading out of the park, Mira whooped with delight.",从通向公园外的拱门下走过时，米拉高兴地喊叫起来。
shipment,'ʃɪpmənt,n. 装货；装载的货物,The goods are ready for shipment.,货物已经准备好装运。
bleak,blik,adj. 阴冷的；荒凉的，无遮蔽的；黯淡的，无希望的；冷酷的；单调的,a bleak January afternoon,一月里一个阴冷的下午
oven,'ʌvn,n. 炉，灶；烤炉，烤箱,Preheat the oven to 200 degrees C.,把烤箱预热至200摄氏度。
hypocrisy,hɪ'pɑkrəsi,n. 虚伪；伪善,"It would be sheer hypocrisy to pray for success, since I’ve never believed in God.",我从不相信上帝，因此为获成功而祈祷是纯粹的虚伪之举。
discharge,dɪs'tʃɑrdʒ,v. 解雇；卸下；放出；免除；n. 排放；卸货；解雇,Hospitals now tend to discharge patients earlier than in the past.,与过去相比，现在医院更趋向于让病人早些出院。
trifle,'traɪfl,n. 琐事；蛋糕；少量；v. 开玩笑；闲混；嘲弄,There’s no point in arguing over trifles.,为琐事争吵毫无意义。
circumference,sɚ'kʌmfərəns,n. 圆周；周长；胸围,...a scientist calculating the Earth's circumference.,…一位正在计算地球周长的科学家。
clone,klon,n. 克隆；无性系；无性繁殖；靠营养生殖而由母体分离繁殖的植物；v. 无性繁殖，复制,,
graze,ɡrez,v. 放牧；擦伤；n. 放牧；轻擦,"I fell on the gravel, severely grazing my knee.",我摔倒在砾石路上，膝盖擦伤得很严重。
basement,'besmənt,n. 地下室；地窖,They bought an old schoolhouse to live in and built a workshop in the basement.,他们买了座旧校舍居住，还在地下室建了个作坊。
comparable,'kɑmpərəbl,adj. 可比较的；比得上的,A car of comparable size would cost far more abroad.,同样大小的汽车在国外要贵得多。
february,'fɛbrʊ'ɛri,n. 二月,He joined the Army in February 1943.,他1943年2月参军。
voltage,'voltɪdʒ,n. [电] 电压,The systems are getting smaller and using lower voltages.,这些系统正变得更小而且使用更低的电压。
instrumental,",ɪnstrə'mɛntl",adj. 乐器的；有帮助的；仪器的，器械的；n. 器乐曲；工具字，工具格,...a CD of vocal and instrumental music.,…一张声乐和器乐光盘。
fist,fɪst,n. 拳，拳头；〈口〉笔迹；掌握；[印]指标参见号；vt. 紧握；握成拳；用拳打,She held the money tightly in her fist.,她把钱紧紧地攥在手中。
carrot,'kærət,n. 胡萝卜,grated carrots,磨碎的胡萝卜
screw,skru,v. 旋，拧；压榨；强迫；n. 螺旋；螺丝钉；吝啬鬼,"""Yes, I know that,"" Kelly said, screwing the silencer onto the pistol.",“是的，我知道那事。”凯利一边把消音器拧到手枪上一边说道。
thigh,θaɪ,n. 大腿，股,chicken thighs,鸡腿
horrible,ˈhɑːrəbl,adj. 可怕的；极讨厌的,The weather has been really horrible all week.,整个星期天气都很糟。
oil,ɔɪl,n. 油；石油；油画颜料；v. 加油；涂油；使融化,a rise in the price of oil,石油价格的上涨
missile,'mɪsl,n. 导弹；投射物；adj. 导弹的；可投掷的；用以发射导弹的,a nuclear missile,核导弹
refund,ˈrifʌnd,v. 退还；偿还，归还；n. 退款；偿还，偿还额,"I took the radio back, and they refunded my money .",我把收音机送回去，他们给我退了款。
wet,wɛt,adj. [气象][物] 潮湿的；有雨的；n. 雨天；湿气；v. 弄湿,I’ve washed your shirt but it’s still wet.,我把你的衬衫洗过了，不过现在还是湿的。
sane,sen,adj. 健全的；理智的；[临床] 神志正常的；n. (Sane)人名；(日)实(姓)；(日)实(名)；(芬、塞、冈、几比、塞内)萨内,He seems perfectly sane (= completely sane ) to me.,在我看来他神志完全正常。
sand,sænd,n. 沙；沙地；沙洲；沙滩；沙子；v. 撒沙于；以沙掩盖；用砂纸等擦平或磨光某物；使撒沙似地布满；给…掺沙子,a mixture of sand and cement,沙和水泥的混合物
stair,stɛr,n. 楼梯，阶梯；梯级,We walked up four flights of stairs (= sets of stairs ) .,我们往上走了四段楼梯。
vapour,'vepɚ,n. 蒸气（等于vapor）；水蒸气,water vapour,水蒸气
unify,'junɪfaɪ,v. 统一；使相同，使一致,Strong support for the war has unified the nation.,对战争的坚决支持使这个国家团结了起来。
inland,",ɪn'lænd",n. 内地；内陆；adj. 内陆的；内地的；国内的；adv. 在内地；向内地；向内陆；在内陆,"The next day, we drove inland.",第二天，我们乘车开往内陆。
hydrogen,'haɪdrədʒən,n. [化学] 氢,Water contains hydrogen and oxygen.,水含有氢和氧。
clever,'klɛvɚ,adj. 聪明的；机灵的；熟练的,a clever man,聪明的人
breed,brid,v. 繁殖；饲养；产生；n. [生物] 品种；种类，类型,Eagles breed during the cooler months of the year.,鹰在一年中较凉爽的季节交配繁殖。
invariably,ɪn'vɛrɪəbli,adv. 总是；不变地；一定地,It invariably rains when I go there.,我每次去那儿都下雨。
lecture,'lɛktʃɚ,n. 演讲；讲稿；教训；v. 演讲；训诫,...a series of lectures by Professor Eric Robinson.,…埃里克·鲁滨逊教授的系列讲座。
stall,stɔl,n. 货摊；畜栏；托辞；v. 停止，停转；拖延,a market stall,市场摊位
snowstorm,'snostɔrm,n. 暴风雪；雪暴,The snowstorm added to our difficulties.,暴风雪增加了我们的困难。
boundary,'baʊndri,n. 边界；范围；分界线,National boundaries are becoming increasingly meaningless in the global economy.,在全球经济中，国界已经变得越来越没有意义。
negro,'nigro,n. 黑人；adj. 黑人的,"Slavery was “an unqualified evil to the negro, the white man, and the State,” said Abraham Lincoln in the 1850s.",奴隶制，“对于黑人、白人与合众国来说都是一种彻底的邪恶，”1850年林肯如此说道。
pause,pɔz,n. 暂停；间歇；v. 暂停，停顿，中止；踌躇,There was a pause while Alice changed the tape.,艾丽斯换磁带的时候出现了短暂的停顿。
poll,pol,n. 投票；民意测验；投票数；投票所；v. 投票；剪短；对…进行民意测验；获得选票；adj. 无角的；剪过毛的；修过枝的,A recent poll found that 80% of Californians support the governor.,最近的一项民意调查发现80%的加利福尼亚人支持州长。
pole,pol,n. 杆；极点；电极；v. 用竿支撑,a telephone pole,电话线杆
troublesome,'trʌblsəm,adj. 麻烦的；讨厌的；使人苦恼的,a troublesome child,烦人的孩子
oval,'ovl,adj. 椭圆的；卵形的；n. 椭圆形；卵形,...the small oval framed picture of a little boy.,…一个小男孩的镶在椭圆形框架里的小幅照片。
sting,stɪŋ,n. 刺痛；讽刺，刺激；刺毛；v. 刺；驱使；使…苦恼；使…疼痛,She felt the sting of tears in her eyes.,她感觉泪水刺痛了眼睛。
handicap,'hændɪ'kæp,n. 障碍；不利条件，不利的因素；v. 妨碍，阻碍；使不利,Not speaking the language is a real handicap.,不会讲这种语言的确是一个障碍。
apology,ə'pɑlədʒi,n. 道歉；谢罪；辩护；勉强的替代物,"Edward can’t be here today, but he sends his apologies .",爱德华今天来不了，他向大家表示歉意。
portrait,'pɔrtrɪt,n. 肖像；描写；半身雕塑像,a family portrait,全家福
compress,kəm'prɛs,v. 受压缩小,"Light silk is best for parachutes, as it compresses well and then expands rapidly.",轻质丝绸最适合制作降落伞，因为这种面料便于压缩，而且展开迅速。
cough,kɔf,n. 咳嗽，咳嗽声；咳嗽病；v. 咳出,He’s got a bad cough.,他咳嗽得很厉害。
recede,rɪ'sid,v. 后退；减弱,"Just as I started to think that I was never going to get well, the illness began to recede.",就在我开始认为我将永远不会好起来的时候，我的病开始好转。
neat,nit,adj. 灵巧的；整洁的；优雅的；齐整的；未搀水的；平滑的,neat handwriting,工整的笔迹
stalk,stɔk,n. （植物的）茎，秆；（支持叶子、果实和花的）梗，柄；追踪；高视阔步；v. 追踪，潜近；高视阔步,celery stalks,芹菜茎
stale,stel,adj. 陈腐的；不新鲜的；v. 变陈旧；撒尿；变得不新鲜；n. 尿,French bread goes stale (= becomes stale ) very quickly.,法式面包极易变味。
salt,sɔlt,n. 盐；风趣，刺激性；adj. 咸水的；含盐的，咸味的；盐腌的；猥亵的；v. 用盐腌；给…加盐；将盐撒在道路上使冰或雪融化,This might need some salt and pepper.,这里面也许要加点盐和胡椒粉。
pound,paʊnd,n. 英镑；重击，重击声；兽栏；拘留所；v. 捣烂；敲打；监禁，拘留,They spent over a thousand pounds.,他们花了一千多英镑。
neck,nɛk,n. 脖子；衣领；海峡；v. 搂著脖子亲吻；变狭窄,Mike rubbed the back of his neck.,迈克揉了揉后颈。
throw,θro,v. 投；抛；掷；n. 投掷；冒险,The bus stopped suddenly and we were all thrown forwards.,公共汽车猛地停住，我们都往前栽。
pond,pɑnd,vt. 筑成池塘；vi. 筑成池塘；n. 池塘,The path descends to  the pond.,小路下斜通到池塘。
stamp,stæmp,n. 邮票；印记；标志；跺脚；v. 铭记；标出；盖章于…；贴邮票于…；用脚踩踏,a 29-cent stamp,一枚 29 美分的邮票
fraction,'frækʃən,n. 分数；部分；小部分；稍微,,
objection,əb'dʒɛkʃən,n. 异议，反对；缺陷，缺点；妨碍；拒绝的理由,Her objection was that he was too young.,她反对的理由是他太小。
desolate,'dɛsələt,adj. 荒凉的；无人烟的；v. 使荒凉；使孤寂,a desolate landscape,荒凉的景色
roast,rost,v. 烤，焙；烘，烘烤；暴露于某种热力下以得温暖；adj. 烘烤的；烤过的；n. 烤肉；烘烤,Are you going to roast the chicken?,这鸡你是准备烤的吗？
headquarters,'hɛdkwɔrtɚz,n. 总部；指挥部；司令部,the headquarters of the United Nations,联合国总部
arrival,ə'raɪvəl,n. 到来；到达；到达者,Only the timely arrival of the police prevented the situation from becoming worse.,警方及时赶到才阻止了事态恶化。
handkerchief,'hæŋkɚtʃɪf,n. 手帕；头巾，围巾,Before sweeping the house she bound up her hair in a large handkerchief.,打扫房屋前， 她把头发用一块大手帕扎起来。
stomach,'stʌmək,n. 胃；腹部；胃口；v. 忍受；吃下,I was so hungry my stomach hurt.,我饿得胃都痛了。
radioactive,'redɪo'æktɪv,adj. [核] 放射性的；有辐射的,the problem of how to dispose of radioactive waste,如何处理放射性废物的问题
sorrow,sɑro,n. 悲伤；懊悔；伤心事；v. 懊悔；遗憾；感到悲伤,the family’s joys and sorrows,这家人的喜与悲
tanker,'tæŋkɚ,n. 油轮；运油飞机；油槽车；坦克手,A Greek oil tanker has run aground.,一艘希腊油轮已经搁浅了。
rotate,'rotet,v. 旋转；循环；adj. [植] 辐状的,The Earth rotates on its axis once every 24 hours.,地球每24小时绕地轴自转一周。
curl,kɝl,v. 使…卷曲；使卷起来；n. 卷曲；卷发；螺旋状物,Her lip curled in contempt.,她轻蔑地撇撇嘴。
receipt,rɪ'sit,n. 收到；收据；收入；v. 收到,Keep your receipt in case you want to bring it back.,保留收据以备退货之需。
integral,'ɪntɪɡrəl,adj. 积分的；完整的，整体的；构成整体所必须的；n. 积分；部分；完整,"Rituals, celebrations, and festivals form an integral part of every human society.",仪式、庆典和节日是每个人类社会不可缺少的组成部分。
bread,brɛd,n. 面包；生计；v. 在…上洒面包屑,Would you like some bread with your soup?,你喝汤时要吃点面包吗？
import,'ɪmpɔt,n. 进口，进口货；输入；意思，含义；重要性；v. 输入，进口；含…的意思,,
synthesis,'sɪnθəsɪs,n. 综合，[化学] 合成；综合体,speech synthesis software,语音合成软件
cassette,kə'sɛt,n. 盒式磁带；暗盒；珠宝箱；片匣,His two albums released on cassette have sold 10 million copies.,他以磁带形式发行的两张专辑已售出1000万份。
knife,naɪf,n. 刀；匕首；v. 用刀切；（口）伤害,a knife and fork,一副刀叉
butterfly,'bʌtɚflaɪ,n. 蝴蝶；蝶泳；举止轻浮的人；追求享乐的人,Gwen’s a real social butterfly .,格温是个十足的交际花。
ring,rɪŋ,v. 按铃；敲钟；回响；成环形；n. 戒指；铃声，钟声；拳击场；环形物,He left Washington with the president’s praises ringing in his ears.,他离开了华盛顿，总统的赞扬还在他耳际回响。
welfare,'wɛl'fɛr,n. 福利；幸福；福利事业；安宁；adj. 福利的；接受社会救济的,Our only concern is the children’s welfare.,我们唯一关心的是孩子们的幸福。
destination,",dɛstɪ'neʃən",n. 目的地，终点,Ellis Island has become one of America's most popular tourist destinations.,埃利斯岛已经成为美国最受欢迎的游览地之一。
discount,dɪs'kaʊnt,n. 折扣；贴现率；v. 贴现；打折扣出售商品,They are often available at a discount.,它们经常可以以折扣价买到。
gas,ɡæs,n. 气体；[矿业] 瓦斯；汽油；毒气；v. 加油；毒（死）,hydrogen gas,氢气
gay,ɡe,adj. 快乐的；放荡的；艳丽的；n. 同性恋者,She felt excited and quite gay.,她感到兴奋而快活。
poster,'postɚ,n. 海报，广告；招贴,A team of volunteers were putting up posters .,一队志愿者正在张贴海报。
abundance,ə'bʌndəns,n. 充裕，丰富,This area of Mexico has an abundance of safe beaches and a pleasing climate.,墨西哥的这个地区有大量的安全沙滩与宜人的气候。
mosquito,məˈskiːtoʊ,n. 蚊子,The male mosquito never stings.,雄蚊不叮。
riot,'raɪət,n. 暴乱；放纵；蔓延；v. 骚乱；放荡,urban riots,城市骚乱
closet,'klɑzət,n. 壁橱；议事室，密室；小房间；adj. 秘密的，私下的；空谈的；v. 把…关在私室中,a closet full of beautiful clothes,满是漂亮衣服的壁橱
recover,rɪ'kʌvɚ,v. 恢复；弥补；重新获得；n. 还原至预备姿势,"After a few days of fever, she began to recover.",发烧几天之后，她开始恢复。
dizzy,'dɪzi,adj. 晕眩的；使人头晕的；昏乱的；心不在焉的；愚蠢的；v. 使头晕眼花；使混乱；使茫然；n. (Dizzy)人名；(英)迪齐,The heat and the champagne made him feel dizzy .,高温和香槟酒使他感到眩晕。
oak,ok,n. 橡树；橡木色；橡木家具；adj. 栎树的；栎木制的,an oak door,橡木门
consecutive,kən'sɛkjətɪv,adj. 连贯的；连续不断的,It had rained for four consecutive days.,雨接连下了四天。
rotary,'rotəri,adj. 旋转的，转动的；轮流的；n. 旋转式机器；[动力] 转缸式发动机,the rotary movement of the helicopter blades,直升机螺旋桨叶的转动
oar,ɔr,n. 桨；橹；桨手；vt. 划（船）；vi. 划行,We were getting along fine until you stuck your oar in.,在你掺和进来之前，我们一直好好的。
flight,flaɪt,n. 飞行；班机；逃走；v. 射击；使惊飞,He immediately booked a flight to Toulouse.,他当即就订了去图卢兹的航班。
kettle,'kɛtl,n. 壶；[化工] 釜；罐；鼓,She filled the kettle and switched it on.,她把水壶灌满，打开了开关。
proposal,prə'pozl,n. 提议，建议；求婚,The president is to put forward new proposals for resolving the country's constitutional crisis.,总统将提出解决国家宪法危机的新议案。
ripe,raɪp,adj. 熟的，成熟的；时机成熟的；vt. 搜查；调查；vi. 进行搜查；n. (Ripe)人名；(意、瑞典)里佩,Those tomatoes aren’t ripe yet.,那些番茄还没熟。
resemblance,rɪ'zɛmbləns,n. 相似；相似之处；相似物；肖像,There was a remarkable resemblance between him and Pete.,他和皮特有一个惊人的相似之处。
uncover,ʌn'kʌvɚ,v. 发现；揭开；揭露,Customs officials uncovered a plot to smuggle weapons into the country.,海关官员侦破了一个走私武器入境的阴谋。
illustration,",ɪlə'streʃən",n. 说明；插图；例证；图解,The book contains 62 pages of illustrations.,这本书有62页插图。
nursery,'nɝsəri,n. 苗圃；托儿所；温床,She puts her baby in this nursery and then goes back to work.,她把孩子送到这家托儿所然后回去上班。
niece,nis,n. 外甥女，侄女,"...his niece, the daughter of his eldest sister.",…他的外甥女，他大姐的女儿。
refuge,'rɛfjʊdʒ,n. 避难；避难所；庇护；vt. 给予…庇护；接纳…避难；vi. 避难；逃避,a wildlife refuge,野生动物保护区
buffet,bə'fe,n. 自助餐；小卖部；打击；猛烈冲击；v. 与…搏斗；连续猛击；adj. 自助的；自助餐的,a cold buffet,冷餐会
squeeze,skwiz,v. 挤；紧握；勒索；n. 压榨；紧握；拥挤；佣金,She smiled as he squeezed her hand.,他捏了捏她的手，她笑了。
envisage,ɪn'vɪzɪdʒ,v. 正视，面对；想像,He envisages the possibility of establishing direct diplomatic relations in the future.,他设想将来建立直接外交关系的可能性。
torture,'tɔrtʃɚ,v. 折磨；拷问；歪曲；n. 折磨；拷问；歪曲,Political opponents of the regime may be tortured.,这个政权的政治异己可能会遭受酷刑。
champion,'tʃæmpɪən,n. 冠军；拥护者；战士；v. 支持；拥护；adj. 优胜的；第一流的,the world heavyweight boxing champion,世界重量级拳击冠军
republic,rɪ'pʌblɪk,n. 共和国；共和政体,the former Federal Republic of Germany,前德意志联邦共和国
fling,flɪŋ,v. 掷，抛；嘲笑；使陷入；轻蔑地投射；猛动；n. 掷，抛；嘲弄；急冲,He flung his coat over the back of a chair.,他把外套扔在椅背上。
musical,'mjuzɪkl,adj. 音乐的；悦耳的；n. 音乐片,a musical version of the fairy tale ‘Cinderella’,童话故事《灰姑娘》的音乐剧版
dusk,dʌsk,n. 黄昏，薄暮；幽暗，昏暗；adj. 微暗的；v. 使变微暗,The street lights go on at dusk.,街灯在黄昏时亮起来。
bulletin,'bʊlətɪn,n. 公告，公报；v. 公布，公告,At 3:30 p.m. a bulletin was released announcing that the president was out of immediate danger.,下午3:30发布了公告，宣布总统暂时脱离了危险。
stiff,stɪf,adj. 呆板的；坚硬的；严厉的；拘谨的；adv. 僵硬地；彻底地；n. 死尸；令人讨厌者；流通票据；劳动者；v. 诈骗；失信,I never felt stiff after training until I was in my thirties.,三十岁之前，我训练后从不会感到身体发僵。
stack,stæk,n. 堆；堆叠；v. 使堆叠；把…堆积起来,stacks of dirty dishes,一摞摞脏盘子
cotton,'kɑtn,n. 棉花；棉布；棉线；v. 一致；理解；和谐；亲近；adj. 棉的；棉制的,a white cotton shirt,白色棉布衬衫
fixture,'fɪkstʃɚ,n. 设备；固定装置；固定于某处不大可能移动之物,light fixtures,照明设备
frog,frɔɡ,n. 青蛙；[铁路] 辙叉；饰扣；v. 捕蛙,The tadpole has become a frog.,这个蝌蚪已长成青蛙。
earnest,,adj. 认真的，热心的；重要的；n. 认真；定金；诚挚,a rather earnest young man,相当认真的一个年轻人
wax,waks,n. 蜡；蜡状物；v. 给…上蜡；adj. 蜡制的；似蜡的,wax crayons,蜡笔
symphony,'sɪmfəni,n. 交响乐；谐声，和声,Bruckner’s Fifth Symphony,布鲁克纳的《第五交响曲》
loudspeaker,",laʊd'spikɚ",n. 喇叭，扬声器；扩音器,The loudspeaker announced the arrival of the train.,广播说火车进站了。
naval,'nevl,adj. 海军的；军舰的；n. (Naval)人名；(西、德、印)纳瓦尔,a naval officer,海军军官
spacious,'speʃəs,adj. 宽敞的，广阔的；无边无际的,a spacious living area,宽敞的居住空间
mould,məuld,v. 发霉；n. 模具；霉,Clothes mould in wet weather.,天气潮湿时衣服会发霉。
linger,'lɪŋɡɚ,v. 徘徊；苟延残喘；磨蹭；n. (Linger)人名；(德、捷、瑞典)林格；(法)兰热,He surprised all the doctors by lingering on for several weeks.,他拖了几个星期才去世，让所有的医生都很惊讶。
retention,rɪ'tɛnʃən,n. 保留；扣留，滞留；记忆力；闭尿,Many people with heart problems suffer from fluid retention.,很多有心脏病的人都有体液潴留。
heave,hiv,v. 举起；使起伏；投掷；恶心；发出（叹息等）；n. 举起；起伏；投掷；一阵呕吐,Michael’s shoulders heaved with silent laughter.,迈克尔憋着不笑出声来，双肩直抖。
sophomore,'sɑfəmɔr,n. 大学二年级生；（美）有二年经验的人；adj. 二年级的；二年级学生的,"His daughter, Louise, is by now a college sophomore.",他的女儿，路易斯，现在是大学二年级学生。
driver,'draɪvɚ,n. 驾驶员；驱动程序；起子；传动器,a taxi driver,出租车司机
swarm,swɔrm,v. 挤满；成群浮游；云集；n. 蜂群；一大群,Within minutes the area was swarming with officers who began searching a nearby wood.,几分钟之内这个地方挤满了警官，他们开始搜查附近的一片树林。
poem,'poəm,n. 诗,...a book of love poems.,…一本爱情诗集。
playground,'ple'graʊnd,n. 运动场，操场；游乐场,children shouting and running in the playground,在操场上叫嚷奔跑的孩子们
avert,ə'vɝt,v. 避免，防止；转移,The tragedy could have been averted if the crew had followed safety procedures.,如果乘务人员按照安全规则操作，这场悲剧是可以避免的。
hover,'hʌvɚ,v. 盘旋，翱翔；徘徊；n. 徘徊；盘旋；犹豫,Her younger brother hovered in the background watching us.,她的弟弟在后面走来走去，观察着我们。
oath,oθ,n. 誓言，誓约；诅咒，咒骂,The president took the oath of office (= made the official public promises that every president makes when starting their job ) .,总统宣誓就职。
marxist,'mɑrksɪst,n. 马克思主义者；adj. 马克思主义的,...a 78-year-old former Marxist.,…一位78岁的前马克思主义者。
evacuate,ɪ'vækjuet,v. 疏散，撤退；排泄,Police evacuated the area.,警方将该地区人员全部疏散。
bleed,blid,v. 使出血；榨取,His ex-wife clearly intends to bleed him for every last penny.,他的前妻显然是想榨干他每一分钱。
wood,wʊd,n. 木材；木制品；树林；vi. 收集木材；vt. 植林于；给…添加木柴,Put some more wood on the fire.,往火上再添些木柴。
arrow,'æro,n. 箭，箭头；箭状物；箭头记号；vt. 以箭头指示；箭一般地飞向,Follow the arrows to the X-ray department.,顺着箭头指示的方向去X光科。
installation,'ɪnstə'leʃən,n. 安装，装置；就职,the installation and maintenance of alarm systems,警报系统的安装和维护
classify,'klæsɪfaɪ,v. 分类；分等,We’d classify Drabble’s novels under ‘Romance’.,我们把德拉布尔的小说归类为“言情小说”。
slipper,'slɪpɚ,n. 拖鞋；vt. 用拖鞋打,...a pair of old slippers.,…一双旧拖鞋。
intercourse,'ɪntɚkɔrs,n. 性交；交往；交流,social intercourse,社交
anticipate,æn'tɪsə'pet,v. 预期，期望；占先，抢先；提前使用,Sales are better than anticipated.,销量比预期要好。
juice,dʒus,n. （水果）汁，液；果汁,a carton of orange juice,一纸盒橙汁
wool,wʊl,n. 羊毛；毛线；绒线；毛织品；毛料衣物,a pure wool skirt,纯羊毛裙子
undermine,'ʌndɚ'maɪn,v. 破坏，渐渐破坏；挖掘地基,The continued fighting threatens to undermine efforts to negotiate an agreement.,持续的战斗有可能破坏通过谈判达成协议的努力。
kitchen,'kɪtʃɪn,n. 厨房；炊具；炊事人员,Sam went into the kitchen to make a pot of tea.,萨姆走进厨房去沏一壶茶。
astronomy,ə'strɑnəmi,n. 天文学,Do you know anything about astronomy?,你懂天文学吗?
declare,dɪ'klɛr,v. 宣布，声明；断言，宣称,A state of emergency has been declared.,已宣布进入紧急状态。
proceeding,prə'sidɪŋ,n. 进行；程序；诉讼；事项；v. 开始；继续做；行进（proceed的ing形式）,John is taking legal proceedings against his ex-partner.,约翰在对他的前合伙人提起法律诉讼。
prick,prɪk,v. 刺，戳；刺伤，刺痛；竖起；n. 刺，扎；刺痛，刺伤；阴茎；锥；adj. 竖起的,Prick the sausages before you grill them.,烤之前把香肠戳孔。
supper,'sʌpɚ,n. 晚餐，晚饭；夜宵,Why don’t you come over for supper on Friday?,周五为什么不过来吃晚饭呢？
owl,aʊl,n. 猫头鹰；枭；惯于晚上活动的人,,
warmth,wɔrmθ,n. 温暖；热情；激动,"She went further into the room, drawn by the warmth of the fire.",她被火的温暖吸引着，走进了房间。
latitude,'lætɪtud,n. 纬度；界限；活动范围,The birds breed in northern latitudes.,这些鸟在北纬地区繁殖。
multitude,"ˈmʌltɪˌtud, -ˌtjud",n. 群众；多数,I had never seen such a multitude of stars before.,我以前从未见过这么多的星星。
wheel,wil,n. 车轮；方向盘；转动；v. 转动；使变换方向；给…装轮子,Shall I take the wheel (= drive instead of someone else )?,我来开车好吗？
breakfast,'brɛkfəst,n. 早餐；早饭；v. 吃早餐,We had bacon and eggs for breakfast .,我们早餐吃了熏肉鸡蛋。
bucket,'bʌkɪt,n. 桶，水桶；铲斗；一桶的量；v. 倾盆而下；颠簸着行进,They were drinking beer by the bucket.,他们狂饮啤酒。
explosive,ɪk'splosɪv; ɪk'splozɪv,adj. 爆炸的；爆炸性的；爆发性的；n. 炸药；爆炸物,"Because the gas is highly explosive, it needs to be kept in high-pressure containers.",由于这种气体极易爆炸，因此需要保存在高压容器内。
digital,'dɪdʒɪtl,adj. 数字的；手指的；n. 数字；键,digital TV,数字电视
belly,'bɛli,n. 腹部；胃；食欲；v. 涨满；鼓起,She laid her hands on her swollen belly.,她把手放在隆起的肚子上。
prohibit,prə'hɪbɪt,v. 阻止，禁止,Smoking is strictly prohibited inside the factory.,厂区严禁吸烟。
lapse,læps,n. (一时的) 走神，判断错误,I had a little lapse of concentration in the middle of the race.,我在比赛中走了一下神。
festival,ˈfɛstəvəl,n. 节日；庆祝，纪念活动；欢乐；adj. 节日的，喜庆的；快乐的,Christmas is one of the main festivals in the Christian Calendar.,圣诞节是基督教历的重大节日之一。
appliance,ə'plaɪəns,n. 器具；器械；装置,"The device most often used to do this is a load balancer, which is an appliance that accepts requests from the outside world and hands them off to the next available application server.",进行这一操作最常用的设备是一个负载均衡器，这是一个从外部接收请求并将它们移交给下一个可用应用程序服务器的装置。
hail,hel,n. 冰雹；致敬；招呼；一阵；v. 致敬；招呼；向欢呼；猛发；使像下雹样落下（过去式hailed，过去分词hailed，现在分词hailing，第三人称单数hails）；int. 万岁；欢迎,heavy showers of rain and hail,夹着冰雹的阵阵大雨
angle,'æŋɡl,v. 钓鱼；谋取；n. 角度，角，方面,You didn’t measure the angle accurately.,你没有量准角度。
vulgar,'vʌlɡɚ,adj. 粗俗的；通俗的；本土的；n. 平民，百姓,vulgar behaviour,粗俗的行为
passenger,'pæsɪndʒɚ,n. 旅客；乘客；过路人；碍手碍脚的人,Neither the driver nor the passengers were hurt.,司机和乘客均未受伤。
intervene,",ɪntɚ'vin",v. 干涉；调停；插入,The army will have to intervene to prevent further fighting.,军队将不得不干预以阻止进一步的战斗。
locomotive,",lokə'motɪv",adj. 火车头的；运动的；移动的；n. 机车；火车头,an increase in locomotive power,运动力的增加
reclaim,rɪ'klem,v. 开拓；回收再利用；改造某人，使某人悔改；n. 改造，感化；再生胶,You may be entitled to reclaim some tax.,你也许可以享受一定额度的退税。
irony,'aɪrəni,n. 讽刺；反语；具有讽刺意味的事；adj. 铁的；似铁的,Life is full of little ironies.,生活中充满了小小的讽刺。
prompt,prɑmpt,adj. 敏捷的，迅速的；立刻的；v. 提示；促进；激起；（给演员）提白；n. 提示；付款期限；DOS命令：改变DOS系统提示符的风格；adv. 准时地,Prompt action must be taken.,必须立即采取行动。
queue,kju,n. 队列；长队；辫子；v. 排队；排队等候,You’ll have to join the queue.,你得排队。
breadth,brɛdθ,n. 宽度，幅度；宽宏,We need to provide more breadth in the college curriculum.,我们需要扩大学院课程的范围。
surrender,sə'rɛndɚ,v. 使投降；放弃；交出；听任；n. 投降；放弃；交出；屈服,"Germany surrendered on May 7th, 1945.",德国于 1945 年 5 月 7 日投降。
earthquake,'ɝθ'kwek,n. 地震；大动荡,An earthquake measuring 6.1 on the Richter scale struck southern California on June 28.,6月28日加州南部地区发生了里氏6.1级地震。
telegraph,'tɛlɪɡræf,n. [通信] 电报机，电报；v. 电汇；流露出；打电报给…,"Once he knew where we were, Lewis telegraphed every few hours.",一知道我们在哪里，刘易斯就每隔几小时发一份电报来。
transistor,træn'zɪstɚ,n. 晶体管（收音机）,Every transistor has at least three electrodes.,每个晶体管至少有三个电极。
hemisphere,'hɛmɪsfɪr,n. 半球,the Northern hemisphere,北半球
electricity,ɪ'lɛk'trɪsəti,n. 电力；电流；强烈的紧张情绪,"The farm was very isolated, but it had electricity.",那个农场非常偏远，但有电力供应。
pamphlet,ˈpæmflɪt,n. 小册子,a political pamphlet,政治宣传册
excursion,ɪk'skɝʒn,n. 偏移；远足；短程旅行；离题；游览，游览团,a shopping excursion,购物游
overnight,'ovənaɪt,adv. 通宵；突然；昨晚；adj. 晚上的；通宵的；前夜的；n. 头天晚上；一夜的逗留；vt. 连夜快递；vi. 过一夜,He became a millionaire overnight.,他一夜之间就成了百万富翁。
rotten,'rɑtn,adj. 腐烂的；堕落的；恶臭的；虚弱的；极坏的；adv. 非常；n. (Rotten)人名；(法、德)罗滕,the smell of rotten eggs,坏鸡蛋的气味
certainty,'sɝtnti,n. 必然；确实；确实的事情,The result is impossible to predict with any degree of certainty .,这一结果完全无法确切预测。
transient,ˈtrænʃnt; trænʃənt,adj. 短暂的；路过的；n. 瞬变现象；过往旅客；候鸟,transient fashions,短暂的时尚
coffee,'kɔfi,n. 咖啡；咖啡豆；咖啡色,Do you want a cup of coffee?,你要来杯咖啡吗？
wreath,riθ,n. 花冠；圈状物；v. 环绕（等于wreathe）,The prime minister laid a wreath at the war memorial.,首相向战争纪念碑献了花圈。
poison,'pɔɪzn,v. 污染；使中毒，放毒于；败坏；阻碍；n. 毒药，毒物；酒；有毒害的事物；[助剂] 抑制剂；adj. 有毒的,"She was accused in 1974 of poisoning her second husband, Charles.",1974 年她被控毒死了她的第二任丈夫查尔斯。
shiver,'ʃɪvɚ,n. 颤抖，战栗；碎片；v. 颤抖；哆嗦；打碎,A shiver ran through (= went through ) me.,我浑身一阵颤抖。
salesman,'selzmən,n. 推销员；售货员,...an insurance salesman.,…一位男保险推销员。
angel,'endʒl,n. 天使；守护神；善人；vt. 出钱支持,the angel Gabriel,天使加百列
christ,,n. 基督；救世主；int. 天啊！,,
shutter,'ʃʌtɚ,n. 快门；百叶窗；关闭物；遮板；v. 为…装百叶窗；以百叶窗遮闭,There are a few things you should check before pressing the shutter release.,在按快门之前，有几件事情你应该检查。
raid,red,n. 袭击；突袭；搜捕；抢劫；v. 对…进行突然袭击,a bombing raid,轰炸
weld,wɛld,v. 焊接；使结合；使成整体；n. 焊接；焊接点,The new handle will have to be welded on.,新的把手得焊上去。
dump,dʌmp,v. 倾倒；倾卸；丢下，卸下；摆脱，扔弃；倾销；n. 垃圾场；仓库；无秩序地累积,Merrill dumped her suitcase down in the hall.,梅里尔把手提箱扔在门厅里。
tube,tub,n. 管；电子管；隧道；电视机；v. 使成管状；把…装管；用管输送,a tube of toothpaste,一管牙膏
compass,'kʌmpəs,n. 指南针，罗盘；圆规；v. 包围,a map and compass,地图和指南针
shopkeeper,'ʃɑp'kipɚ,n. 店主，老板,The girl had only worked for the shopkeeper for three days when she packed him in.,这姑娘替那店主只干了三天， 就辞职不干了。
facility,fə'sɪləti,n. 设施；设备；容易；灵巧,What recreational facilities are now available?,什么娱乐设施现在是可用的？
definite,'dɛfɪnət,adj. 一定的；确切的,It’s impossible for me to give you a definite answer.,我不可能给你明确的答复。
dull,dʌl,adj. 钝的；迟钝的；无趣的；呆滞的；阴暗的；v. 使迟钝；使阴暗；缓和；n. (Dull)人名；(罗、匈)杜尔；(柬)杜；(英)达尔,Life is never dull when Elizabeth is here.,有伊丽莎白在这里生活绝不会无聊。
tuck,tʌk,v. 卷起；挤进；用某物舒适地裹住；使有褶裥；收拢；大口吃；使隐藏；n. 食物；船尾突出部；缝摺；抱膝式跳水；活力；鼓声,,
whistle,'wɪsl,n. 口哨；汽笛；呼啸声；v. 吹口哨；鸣汽笛,The lifeguard blew his whistle.,救生员吹响哨子。
notebook,'notbʊk,n. 笔记本，笔记簿；手册,He brought out a notebook and pen from his pocket.,他从口袋里掏出了一个笔记本和一支钢笔。
wolf,wʊlf,n. 狼；色狼；残忍贪婪之人；v. 大吃；狼吞虎咽地吃,a pack of wolves,一群狼
timely,'taɪmli,adj. 及时的；适时的；adv. 及时地；早,The fight ended only with the timely arrival of the police.,幸亏警察及时赶到，打斗总算停止。
harvest,'hɑrvɪst,n. 收获；产量；结果；v. 收割；得到,The company is now reaping the harvest of careful planning.,公司现在尝到了精心规划带来的甜头。
fry,fraɪ,n. 鱼苗；油炸食物；v. 油炸；油煎,"So when you fry, bake, grill, or roast potatoes you could be generating potentially harmful carcinogens.",因此当你油炸、烘烤、烧烤或者炒土豆时，有可能会产生有害的致癌物。
tension,'tɛnʃən,n. 张力，拉力；紧张，不安；电压；vt. 使紧张；使拉紧,Tension in the neck muscles can cause headaches.,颈部肌肉紧张会导致头痛。
quarterly,'kwɔrtɚli,adj. 季度的，按季度的；一年四次的；adv. 按季度，[农] 一季一次地；纵横四分地；n. 季刊,We publish a quarterly journal.,我们出版一份季刊。
flash,flæʃ,v. 使闪光；反射；n. 闪光，闪现；一瞬间；adj. 闪光的，火速的,Lightning flashed overhead.,头顶上电光闪闪。
marble,'mɑrbl,n. 大理石；大理石制品；弹珠；adj. 大理石的；冷酷无情的,The columns were of white marble.,柱子是白色的大理石。
angry,'æŋɡri,adj. 生气的；愤怒的；狂暴的；（伤口等）发炎的,I was angry because he hadn’t told me his plans.,我很生气，因为他没有告诉我他的计划。
distinct,dɪ'stɪŋkt,adj. 明显的；独特的；清楚的；有区别的,The outline of the ship became more distinct.,船的轮廓变得更加清晰了。
uneasy,ʌn'izi,adj. 不舒服的；心神不安的；不稳定的,She eventually fell into an uneasy sleep.,她终于睡着了，但睡得并不踏实。
opt,ɑpt,v. 选择,Depending on your circumstances you can opt for one method or the other.,根据自己的情况，你可以选择这种或那种方法。
satire,'sætaɪɚ,n. 讽刺；讽刺文学，讽刺作品,the characteristic use of satire in Jonson’s work,琼森作品中讽刺手法的独到运用
glad,ɡlæd,adj. 高兴的；乐意的；令人高兴的；灿烂美丽的；vt. 使高兴；n. (Glad)人名；(塞、瑞典)格拉德；(英)格莱德；(法、挪)格拉,We’re so glad you came.,你来了我们真高兴。
grass,ɡræs,n. 草；草地，草坪；v. 放牧；使……长满草；使……吃草,I walked across the grass.,我走在草地上。
locker,'lɑkɚ,n. 柜，箱；上锁的人；有锁的橱柜；锁扣装置；有锁的存物柜,a meat locker,肉类冷藏间
occasional,ə'keʒənl,adj. 偶然的；临时的；特殊场合的,I've had occasional mild headaches all my life.,我此生一直有偶尔的轻微头疼。
wholesome,'holsəm,adj. 健全的；有益健康的；合乎卫生的；审慎的,good wholesome fun,健康有益的娱乐
hunger,'hʌŋɡɚ,n. 饿，饥饿；渴望；v. 渴望；挨饿,Try to satisfy your hunger by eating some fruit.,吃些水果充充饥吧。
violate,'vaɪəlet,v. 违反；侵犯，妨碍；亵渎,34 protesters were arrested for violating criminal law.,34名抗议者因违反刑法而被逮捕。
recycle,",ri'saɪkl",v. 使再循环；使…重新利用；n. 再生；再循环；重复利用,The fashion world just keeps recycling old ideas.,时装界就是不停地翻新旧观念。
container,kən'tenɚ,n. 集装箱；容器,ice cream in plastic containers,塑料容器里的冰激凌
cube,kjʊb,n. 立方；立方体；骰子；v. 使成立方形；使自乘二次；量…的体积,a sugar cube,一块方糖
flare,flɛr,v. 使闪耀；使张开；用发光信号发出；使外倾；n. 加剧，恶化；底部展开；（鼻孔）张开的意思；闪光，闪耀；耀斑；爆发；照明弹,Tempers flared and harsh words were exchanged.,人们大动肝火，对骂起来。
ore,ɔr,n. 矿；矿石,iron ore,铁矿石
cargo,'kɑrɡo,n. 货物，船货,a cargo plane,货机
particle,'pɑrtɪkl,n. 颗粒；[物] 质点；极小量；小品词,dust particles,尘埃
cloth,klɔθ,n. 布；织物；桌布；adj. 布制的,Clean the surface with a damp cloth.,用一块湿布清洗表面。
feudal,'fjudl,adj. 封建制度的；领地的；世仇的,the feudal system,封建制度
velocity,vəˈlɑsəti,n. 【物】速度,the velocity of light,光速
simplify,'sɪmplɪfaɪ,v. 简化；使单纯；使简易,an attempt to simplify the tax system,简化税制的尝试
gigantic,dʒaɪ'ɡæntɪk,adj. 巨大的，庞大的,a gigantic skyscraper,摩天大楼
desert,(for v.) dɪˈzɝ​t; (for n.) 'dɛzɚt,v. 遗弃；放弃；逃跑；n. 沙漠；荒原；应得的赏罚；adj. 沙漠的；荒凉的；不毛的,Helen was deserted by her husband.,海伦被丈夫遗弃了。
miracle,'mɪrəkl,n. 奇迹，奇迹般的人或物；惊人的事例,It’s a miracle you weren’t killed!,你没有死真是奇迹！
progressive,prə'ɡrɛsɪv,adj. 进步的；先进的；n. 改革论者；进步分子,a progressive administration,进步的政府
crystal,'krɪstl,n. 结晶，晶体；水晶；水晶饰品；adj. 水晶的；透明的，清澈的,a set of six crystal glasses,六件套水晶玻璃杯
saint,sent,n. 圣人；圣徒；道德崇高的人；adj. 神圣的；v. 成为圣徒,Saint Patrick,圣帕特里克
secretary,'sɛkrətɛrɪ,n. 秘书；书记；部长；大臣,My secretary will fax you all the details.,我的秘书会把所有的细节发传真给你。
snake,snek,n. 蛇；阴险的人；v. 迂回前进,A snake slithered across our path.,一条蛇蜿蜒爬过我们的小路。
distract,dɪ'strækt,v. 转移；分心,Try not to distract the other students.,尽量不要让其他学生分心。
layman,'lemən,n. 外行；门外汉；俗人；一般信徒,To the layman (= laymen in general ) all these plants look pretty similar.,对外行的人来说，这些植物看起来都很相似。
preclude,prɪ'klud,v. 排除；妨碍；阻止,rules that preclude experimentation in teaching methods,禁止进行教学方法试验的规定
rack,ræk,n. [机] 齿条；架子；拷问台；v. 变形；随风飘；小步跑,a wine rack,酒架
twinkle,'twɪŋkl,v. 闪烁；发亮；n. 闪烁,stars twinkling in the sky,天空中闪烁的星星
silly,'sɪli,adj. 愚蠢的；不明事理的；没头脑的；n. 傻瓜,Stop asking silly questions.,别再问傻问题了。
misfortune,'mɪs'fɔrtʃən,n. 不幸；灾祸，灾难,It seems the banks always profit from farmers’ misfortunes.,银行似乎总是从农民的不幸中获益。
grand,ɡrænd,adj. 宏伟的；豪华的；极重要的；n. 大钢琴；一千美元,a grand country house,豪华的乡间大宅
duck,dʌk,n. 鸭子；鸭肉；（英）宝贝儿；零分；v. 闪避；没入水中,roast duck with orange sauce,烤鸭配橘子酱
flu,flu,n. 流感,Steven’s still in bed with flu .,史蒂文患了流感，仍卧病在床。
cattle,'kætl,n. 牛；牲畜（骂人的话）；家畜；无价值的人,herds of cattle,成群的牛
tune,tun,n. 曲调；和谐；心情；v. 调整；使一致；为…调音,That’s a nice tune.,那曲调很美。
centimetre,'sɛntɪmitɚ,n. 厘米；公分,"...a tiny fossil plant, only a few centimetres high.",…一块小小的植物化石，只有几厘米高。
clerk,klɝk,n. 职员，办事员；店员；书记；记账员；<古>牧师，教士；v. 当销售员，当店员；当职员,a clerk in a commercial firm,一家商行的文员
stitch,stɪtʃ,n. 针脚，线迹；一针；v. 缝，缝合,He had to have ten stitches in his head.,他头上不得不缝了十针。
zebra,'zɛbrə; 'zi-,n. [脊椎] 斑马；adj. 有斑纹的,The neck of the zebra was nipped by a lion.,狮子咬断了那头斑马的脖子。
campus,'kæmpəs,n. （大学）校园；大学，大学生活；校园内的草地,a beautiful campus in New England,新英格兰的一个美丽校园
clay,kle,n. [土壤] 粘土；泥土；肉体；似黏土的东西；vt. 用黏土处理,Bricks are made from clay.,砖是用黏土制成的。
ride,raɪd,v. 骑马；乘车；依靠；漂浮；n. 骑；乘坐；交通工具；可供骑行的路；（乘坐汽车等的）旅行；乘骑；（乘车或骑车的）短途旅程；供乘骑的游乐设施,She learned to ride when she was seven.,她七岁时学会了骑马。
intention,ɪn'tɛnʃən,n. 意图；目的；意向；愈合,They went into town with the intention of visiting the library.,他们进了城，打算参观图书馆。
alloy,'ælɔɪ,v. 使成合金；使减低成色；n. 合金,Brass is an alloy of copper and zinc.,黄铜是铜和锌的合金。
paralyze,"'pærə,laɪz",v. 使麻痹；使瘫痪,You can bet that would truly paralyze the flow of credit: Does anyone believe Washington can manage banks?,你可以打赌，这会使流动的信贷真正限于瘫痪：真有人相信华盛顿可以经营银行吗？
fix,fɪks,v. 使固定；修理；安装；准备；n. 困境；方位；贿赂,He’s outside fixing the brakes on the car.,他在外面修理汽车的刹车。
notify,'notə'fai,v. 通告，通知；公布,The skipper notified the coastguard of the tragedy.,船长通知了海岸警卫队这一灾难。
fine,faɪn,adj. 好的；优良的；细小的，精美的；健康的；晴朗的；n. 罚款；v. 罚款；澄清；adv. 很好地；精巧地,"‘How are you?’ ‘Fine, thanks, how are you?’",“你好吗？”“很好，谢谢，你呢？”
passion,'pæʃən,n. 激情；热情；酷爱；盛怒,The issue arouses strong passions .,那件事激起了人们强烈的情绪。
wheat,wit,n. 小麦；小麦色,a field of wheat,小麦地
rice,raɪs,n. 稻；米饭；v. 把…捣成米糊状,a tasty sauce served with rice or pasta,配米饭或意面的美味酱汁
savage,'sævɪdʒ,adj. 野蛮的；残酷的；狂怒的；荒凉的；n. 未开化的人；粗鲁的人；残暴成性的人；v. 乱咬；粗暴的对待,a savage dog,一条凶猛的狗
cinema,'sɪnəmə,n. 电影；电影院；电影业，电影制作术,It’s on at the local cinema.,此片正在当地影院上映。
millimeter,'mɪləˌmitə,n. [计量] 毫米,A micrometer is one thousandth of one millimeter.,一微米是一毫米的千分之一。
clap,klæp,v. 鼓掌，拍手；啪地关上；n. 鼓掌；拍手声,"One man began to clap, and others joined in.",一个人鼓起了掌，其他人也跟着鼓掌。
claw,klɔ,n. 爪；螯，钳；爪形器具；v. 用爪抓（或挖）,The cat dug his claws into my leg.,猫的爪子抓进了我的腿中。
portray,pɔr'tre,v. 描绘；扮演,His most famous painting portrayed the death of Nelson.,他最著名的画作描绘的是纳尔逊之死。
librarian,laɪ'brɛrɪən,n. 图书馆员；图书管理员,The new librarian is a friend of mine.,这位新来的图书管理员是我的朋友。
horn,hɔrn,n. 喇叭，号角；角；v. 装角于,He sounded the car horn.,他按响了汽车喇叭。
incorporate,,v. 包含，吸收；体现；把……合并；adj. 合并的；一体化的；组成公司的,The new cars will incorporate a number of major improvements.,这种新型汽车将包含许多重大的改进。
hose,hoz,n. 软管；长筒袜；男性穿的紧身裤；v. 用软管浇水；痛打,Water in the engine compartment is sucked away by a hose.,发动机舱里的水由一条软管吸走。
barn,bɑrn,n. 谷仓；畜棚；车库；靶（核反应截面单位）；vt. 把…贮存入仓,,
auxiliary,ɔːɡ'zɪlɪəri,n. 助动词；辅助者，辅助物；附属机构；adj. 辅助的；副的；附加的,a nursing auxiliary,护理辅助人员
spacecraft,'speskræft,n. [航] 宇宙飞船，航天器,...the world's largest and most expensive unmanned spacecraft.,…世界上最大、最贵的无人航天器。
bare,bɛr,adj. 空的；赤裸的，无遮蔽的；v. 露出，使赤裸；n. (Bare)人名；(英)贝尔,a ragged child with bare feet,一个衣衫褴褛、光着脚的小孩
condense,kən'dɛns,v. 浓缩；凝结,the mist which condensed on every cold surface,每个冰冷的表面上凝结的水汽
thunder,'θʌndɚ,n. 雷；轰隆声；恐吓；v. 打雷；怒喝,We were woken in the night by thunder.,晚上我们被雷声惊醒。
microphone,'maɪkrə'fon,n. 扩音器，麦克风,She spoke confidently into the microphone.,她自信地对着麦克风说话。
duplicate,'duplɪket,v. 复制；使加倍；n. 副本；复制品；adj. 复制的；二重的,New copies of the form can be duplicated from a master copy.,可以用原件来复制新的表格。
maths,mæθs,n. 数学（等于mathematics）,the new maths teacher,新来的数学老师
neutral,'nʊtrəl,adj. 中立的，中性的；中立国的；非彩色的；n. 中立国；中立者；非彩色；齿轮的空档,I always tried to remain neutral when they started arguing.,他们争论起来的时候我总是努力保持中立。
worship,'wɝʃɪp,n. 崇拜；礼拜；尊敬；v. 崇拜；尊敬；爱慕,...the worship of the ancient Roman gods.,…对古罗马众神的敬奉。
stationery,'steʃənɛri,n. 文具；信纸,a letter on hotel stationery,用酒店信纸写的信
divert,dɪˈvɚt,v. 转移；使…欢娱；使…转向；n. (Divert)人名；(法)迪韦尔,Remember to divert your phone when you are out of the office.,你不在办公室的时候要记得设定电话转移。
liner,'laɪnɚ,n. 班轮，班机；衬垫；画线者,a dustbin liner,垃圾袋
linen,'lɪnɪn,n. 亚麻布，亚麻线；亚麻制品；adj. 亚麻的；亚麻布制的,a linen jacket,亚麻布夹克
queer,kwɪr,adj. 奇怪的；同性恋的；不舒服的；心智不平衡的；v. 搞糟；使陷于不利地位；n. 同性恋者；怪人；伪造的货币,She gave a queer laugh.,她古怪地笑了笑。
practise,'præktɪs,v. 练习，实践；实施，实行；从事,They moved the furniture back to practise their dance routine.,他们把家具往后挪以便练习舞蹈动作。
butcher,ˈbʊtʃər,v. 屠杀；n. 屠夫,"Pigs were butchered, hams were hung to dry from the ceiling.",猪被宰杀了，火腿吊在屋顶下风干。
beware,bɪ'wɛr,v. 当心，小心,Police warned drivers to beware.,警方提醒司机小心行驶。
jargon,'dʒɑrɡən,n. 行话，术语；黄锆石,Keep it simple and avoid the use of jargon.,简单点，避免使用术语。
bath,,n. 沐浴；浴室；浴盆；v. 洗澡,"After a week of camping, I really needed a bath.",我露营了一个星期，实在得洗个澡了。
trousers,'traʊzɚz,n. 裤子，长裤,His trousers were slightly too short.,他的裤子有点短。
tilt,tɪlt,v. 倾斜；翘起；以言词或文字抨击；n. 倾斜,My mother tilted her head and smiled.,我妈妈歪着头笑了。
salvation,sæl'veʃən,n. 拯救；救助,The church's message of salvation has changed the lives of many.,这个教会的灵魂得救的训诫已经改变了很多人的一生。
nerve,nɝv,n. 神经；勇气；[植] 叶脉；v. 鼓起勇气,a condition which affects the nerves in the back,影响背部神经的疾病
edible,'ɛdəbl,adj. 可食用的；n. 食品；食物,"These berries are edible, but those are poisonous.",这些浆果可以吃，但那些有毒。
reproach,rɪ'protʃ,n. 责备；耻辱；v. 责备；申斥,He argued that the reproaches were unfair.,他争辩说这些批评不公正。
tile,taɪl,n. 瓷砖，瓦片；v. 铺以瓦；铺以瓷砖,bathroom tiles,浴室瓷砖
aunt,ænt,n. 阿姨；姑妈；伯母；舅妈,Aunt Mary,玛丽姑妈
gratitude,'ɡrætɪtud,n. 感谢（的心情）；感激,Tears of gratitude filled her eyes.,她眼里充满感激的泪水。
psychiatry,saɪ'kaɪətri,n. 精神病学；精神病治疗法,,
conviction,kən'vɪkʃən,n. 定罪；确信；证明有罪；确信，坚定的信仰,"It was a reasonable explanation, but his voice lacked conviction .",这解释合情合理，只是他的语气不坚定。
ditch,dɪtʃ,v. 在…上掘沟；把…开入沟里；丢弃；n. 沟渠；壕沟,The government has ditched plans to privatise the prison.,政府放弃了监狱私有化的计划。
qualify,ˈkwɑləˌfaɪ,v. 限制；使具有资格；证明…合格,Free school lunches are given to children who qualify.,符合条件的儿童可获得免费的学生午餐。
bounce,baʊns,n. 跳；弹力；活力；v. 弹跳；使弹起,Try to catch the ball on the second bounce.,尽量在球第二次弹起时接住。
cock,kɑk,n. 公鸡；龙头；雄鸟；头目；v. 使竖起；使耸立；使朝上,A cock crowed in the distance.,远处有只公鸡在打鸣。
kiss,kɪs,v. 吻；（风等）轻拂；n. 吻；轻拂,Maggie leaned forward and kissed her cheek.,玛吉俯身吻了她的脸颊。
band,bænd,n. 带，环；[物] 波段；(演奏流行音乐的) 乐队；v. 用带绑扎；给镶边,The band was playing old Beatles songs.,乐队正在演奏披头士的老歌。
terminal,ˈtɜːrmɪnl,n. 末端；终点；终端机；极限；adj. 末端的；终点的；晚期的,the airport’s passenger terminal,机场航站楼
diversion,dəˈvɝʒən; dəˈvɝʃən; daɪˈvɝʒən; daɪˈvɝʃən,n. 转移；消遣；分散注意力,Two prisoners created a diversion to give the men time to escape.,两名囚犯想办法分散了大家的注意力，使那些人有时间逃跑。
scramble,'skræmbl,v. 攀登；使混杂，仓促凑成；扰乱；n. 抢夺，争夺；混乱，混乱的一团；爬行，攀登,Our conversation will be electronically scrambled.,我们的对话将被加以电子扰频。
specimen,'spɛsəmən,n. 样品，样本；标本,a blood specimen,血样
friendship,'frɛndʃɪp,n. 友谊；友爱；友善,her close friendship with her aunt,她与姑母的亲密友谊
invasion,ɪn'veʒn,n. 入侵，侵略；侵袭；侵犯,the annual invasion of teenagers for the Glastonbury Festival,每年前来参加格拉斯顿伯里音乐节的青少年的涌入
parasite,'pærəsaɪt,n. 寄生虫；食客,Kangaroos harbour a vast range of parasites.,袋鼠身上有各种各样的寄生虫。
bang,bæŋ,n. 刘海；重击；突然巨响；adv. 直接地；砰然地；突然巨响地；v. 重击；发巨响,a bang on the head,头上一记猛烈的撞击
seemingly,'simɪŋli,adv. 看来似乎；表面上看来,There is seemingly nothing we can do to stop the plans going ahead.,看样子我们无法阻止这些计划的实施。
vital,'vaɪtl,adj. 至关重要的；生死攸关的；有活力的；n. (Vital)人名；(法、德、意、俄、葡)维塔尔；(西)比塔尔,Rodgers and Hart’s music sounds as fresh and vital as the day it was written.,罗杰斯与哈特的音乐现在听来还有刚写成时的那份清新和活力。
textbook,'tɛkstbʊk,n. 教科书，课本,a biology textbook,一本生物教科书
cream,krim,n. 奶油，乳脂；精华；面霜；乳酪,fresh cream,鲜奶油
orbit,'ɔrbɪt,n. 轨道；眼眶；势力范围；生活常规；v. 盘旋；绕轨道运行,Mars and Earth have orbits which change with time.,火星和地球的轨道随着时间而发生改变。
tame,teɪm,adj. 驯服的；平淡的；乏味的；顺从的；v. 驯养；使变得平淡；制服；n. (Tame)人名；(捷)塔梅,Most of the criticism has been pretty tame.,评论的大部分内容很乏味。
accustomed,ə'kʌstəmd,adj. 习惯的；通常的；独有的；v. 使习惯于（accustom的过去分词）,The pans were in their accustomed places.,那些锅在老地方。
van,væn,n. 先锋；厢式货车；增值网；vt. 用车搬运,a delivery van,运货车
concise,kən'saɪs,adj. 简明的，简洁的,Your summary should be as clear and concise as possible.,你的总结应该尽可能地明白简洁。
emperor,'ɛmpərɚ,n. 皇帝，君主,They  bowed before the emperor as he entered the court.,皇帝进入朝廷时他们都向他鞠躬致敬。
powder,'paʊdɚ,n. 粉；粉末；[化工][军] 火药；尘土；v. 使成粉末；撒粉；搽粉于,curry powder,咖喱粉
fare,fɛr,v. 经营；进展；遭遇；过活；n. 票价；费用；旅客；食物,It is unlikely that the marine industry will fare any better in September.,海运业不大可能在9月份有所好转。
blaze,blez,v. 在树皮上刻路标；公开宣布；n. 火焰，烈火；光辉；情感爆发,an innovative young company that has blazed a trail for others to follow,一家勇于创新的年轻公司，开辟了一条可供效法的新路径
flock,flɑk,n. 群；棉束（等于floc）；v. 用棉束填满,They kept a small flock of sheep.,他们养了一小群绵羊。
lad,læd,n. 少年，小伙子；家伙,a young lad,小伙子
shepherd,'ʃɛpɚd,v. 牧羊；带领；指导；看管；n. 牧羊人；牧师；指导者,,
ally,'ælaɪ,n. 同盟国；伙伴；同盟者；助手；v. 使联盟；使联合,a meeting of the European allies,欧洲盟国会议
ache,ek,v. 疼痛；渴望；n. 疼痛,His feet were aching from standing so long.,他站了那么久，双脚隐隐作痛。
tale,tel,n. 故事；传说；叙述；流言蜚语,a book of old Japanese folk tales,日本古老民间故事书
predominant,prɪ'dɑmənənt,adj. 主要的；卓越的；支配的；有力的；有影响的,Mandy's predominant emotion was confusion.,曼迪的主导情绪是困惑。
lap,læp,n. 一圈；膝盖；下摆；山坳；v. 使重叠；拍打；包围,Rubens Barrichello finished a lap ahead of his team-mate.,鲁本斯·巴里切罗领先队友一圈跑完全程。
offset,",ɔf'sɛt",n. 抵消，补偿；平版印刷；支管；v. 抵消；弥补；用平版印刷术印刷,Cuts in food prices will be offset by direct payments to farmers.,食品降价将通过直接付款给农民的方式进行补偿。
tall,tɔl,adj. 高的；长的；过分的；夸大的；adv. 夸大地；n. (Tall)人名；(马里、阿拉伯)塔勒；(芬、罗、瑞典)塔尔；(英)托尔；(土)塔勒,He was young and tall.,他年轻，身材高大。
coat,kot,n. 外套；v. 覆盖…的表面,"Billy! Put your coat on , it’s cold outside!",比利！穿上外套，外面很冷！
calendar,'kæləndɚ,n. 日历；[天] 历法；日程表；v. 将…列入表中；将…排入日程表,"There was a calendar on the wall above, with large squares around the dates.",墙的上方曾有一本日历，日期框在大方格里。
dazzle,'dæzl,n. 耀眼的光；灿烂；v. 使……目眩；使……眼花,"And, though the gleams blind and dazzle, yet do they convey a hint of beauty and serenity greater than we have known or imagined.",虽然这光芒令人眼花缭乱，但它确实给予我们一种不曾经历和无法想象的美感和静谧的启示。
anniversary,",ænɪ'vɝsəri",n. 周年纪念日,Jack and Kim celebrated their twentieth wedding anniversary in January.,1月，杰克和金庆祝了他们的结婚20周年纪念日。
cable,'kebl,n. 缆绳；电缆；海底电报；v. 打电报,cables and switches for computers,电脑的缆线和开关
kite,kaɪt,n. 风筝；v. 使用空头支票；像风筝一样飞；轻快地移动,She has a blue and green kite.,她有一只蓝色和绿色的风筝。
disrupt,dɪs'rʌpt,v. 破坏；使瓦解；使分裂；使中断；使陷于混乱；adj. 分裂的，中断的；分散的,Traffic was disrupted by a hoax bomb.,有人虚报有炸弹，造成了交通混乱。
acid,'æsɪd,n. 酸；<俚>迷幻药；adj. 酸的；讽刺的；刻薄的,sulphuric acid,硫酸
retrieve,rɪ'triv,v. [计] 检索；恢复；重新得到；n. [计] 检索；恢复，取回,The new version of the software automatically retrieves digital information.,新版软件会自动检索数字信息。
vitamin,'vaɪtəmɪn,n. [生化] 维生素；[生化] 维他命,Try to eat foods that are rich in vitamins and minerals.,尽量吃富含维生素和矿物质的食物。
fruitful,'frutfl,adj. 富有成效的；多产的；果实结得多的,Today’s meeting proved more fruitful than last week’s.,事实证明今天的会议比上星期的更有成效。
peanut,'pinʌt,n. 花生,a packet of roasted peanuts,一袋烤花生
thermal,'θɝml,adj. 热的；热量的；保热的；n. 上升的热气流,thermal energy,热能
shuttle,'ʃʌtl,n. 航天飞机；穿梭；梭子；穿梭班机、公共汽车等；v. 使穿梭般来回移动；短程穿梭般运送,He took the Washington - New York shuttle.,他乘坐华盛顿－纽约的往返班机。
cue,kju,n. 提示，暗示；线索；v. 给…暗示,She stood nervously in the wings waiting for her cue.,她紧张地站在台侧等待出场的提示。
historic,hɪ'stɔrɪk,adj. 有历史意义的；历史上著名的,a historic meeting of world leaders,具有历史意义的世界领导人会议
hatred,'hetrɪd,n. 憎恨；怨恨；敌意,A look of pure hatred flashed across her face.,她脸上闪过十足的仇恨表情。
stroke,strok,n. （游泳或划船的）划；中风；（打、击等的）一下；冲程；（成功的）举动；尝试；轻抚；v. （用笔等）画；轻抚；轻挪；敲击；划尾桨；划掉；（打字时）击打键盘,She died following a massive stroke.,她重度中风后去世了。
torment,'tɔrmɛnt,v. 折磨，使痛苦；纠缠，作弄；n. 痛苦，苦恼；痛苦的根源,Seth was tormented by feelings of guilt.,塞思被负罪感折磨着。
numerous,'numərəs,adj. 许多的，很多的,Numerous attempts have been made to hide the truth.,为掩盖事实作了很多尝试。
burglar,'bɝɡlɚ,n. 夜贼，窃贼,Burglars broke into their home.,窃贼闯进了他们家。
privacy,'praɪvəsi,n. 隐私；秘密；隐居；隐居处,each individual’s right to privacy,每个人的隐私权
strawberry,'strɔbɛri,n. 草莓；草莓色,...strawberries and cream.,…奶油草莓。
antenna,æn'tɛnə,n. [电讯] 天线；[动] 触角，[昆] 触须,television antennas,电视机天线
recorder,rɪ'kɔrdɚ,n. 录音机；记录器；记录员；八孔直笛,Rodney put the recorder on the desk top and pushed the play button.,罗德尼把录音机放在桌面上，按下了播放键。
creep,krip,v. 爬行；蔓延；慢慢地移动；起鸡皮疙瘩；n. 爬行；毛骨悚然的感觉；谄媚者,"He crept back up the stairs, trying to avoid the ones that creaked.",他蹑手蹑脚地回楼上，尽量避开那些嘎吱作响的梯级。
inflation,ɪn'fleʃən,n. 膨胀；通货膨胀；夸张；自命不凡,Inflation is now at over 16%.,通货膨胀率现已超过16%。
compartment,kəm'pɑrtmənt,n. [建] 隔间；区划；卧车上的小客房；vt. 分隔；划分,a first-class compartment,头等舱
incident,'ɪnsɪdənt,n. 事件，事变；插曲；adj. [光] 入射的；附带的；易发生的，伴随而来的,Am I at risk because of some incident in my sexual past?,我过去性生活中的某件事会使我处于危险境地吗？
shore,ʃɔr,v. 支撑，使稳住；用支柱撑住；n. 海滨；支柱,We could see a boat about a mile from shore.,我们看见离岸边大约一英里的地方有一艘船。
pardon,'pɑrdn,n. 原谅；赦免；宽恕；v. 原谅；赦免；宽恕,Walter begged her pardon for all the pain he had caused her.,沃尔特请求她原谅自己给她造成那么多痛苦。
empire,'ɛmpaɪr,n. 帝国；帝王统治，君权,the Roman empire,罗马帝国
ministry,'mɪnɪstri,n. （政府的）部门,...the Ministry of Justice.,…司法部。
tape,tep,n. 胶带；磁带；带子；卷尺；v. 录音；用带子捆扎；用胶布把…封住,a photo stuck to the wall with tape,用胶布贴在墙上的照片
holy,'holi,adj. 圣洁的，神圣的；至善的；n. 神圣的东西,the holy city of Varanasi,圣城瓦拉纳西
fiber,'faɪbɚ,n. 纤维；光纤（等于fibre）,And remember nuts like almonds with their skins on have more fiber than those without.,记住，向杏仁那样有皮的坚果比那些没有皮的更富含纤维素。
quiz,kwɪz,n. 考查；恶作剧；课堂测验；v. 挖苦；张望；对…进行测验,a biology quiz,生物测验
melody,'mɛlədi,n. 旋律；歌曲；美妙的音乐,They played some lovely melodies.,他们演奏了一些动听的曲子。
fertile,ˈfɝtəl; (canadian) ˈfɝˌtaɪl,adj. 富饶的，肥沃的；能生育的,800 acres of fertile cropland,800英亩的肥沃耕地
portion,'pɔrʃən,n. 部分；一份；命运；v. 分配；给…嫁妆,Do you have any children’s portions?,你们有儿童餐吗？
manuscript,'mænjuskrɪpt,n. [图情] 手稿；原稿；adj. 手写的,"Unfortunately, parts of the original manuscript have been lost.",遗憾的是，部分原始手稿丢失了。
green,ɡrin,adj. 绿色的；青春的；n. 绿色；青春；v. 使…变绿色,beautiful green eyes,漂亮的碧眼
greet,ɡrit,v. 欢迎，迎接；致敬，致意；映入眼帘；n. (Greet)人名；(英)格里特,Belinda greeted her warmly.,贝琳达热情地招呼她。
famine,'fæmɪn,n. 饥荒；饥饿，奇缺,the great potato famine in Ireland,爱尔兰严重的土豆荒
hollow,'hɑlo,adj. 空的；中空的，空腹的；凹的；虚伪的；n. 洞；山谷；窟窿；v. 使成为空洞；adv. 彻底地；无用地,a hollow tree,空心树
narrative,'nærətɪv,n. 叙述；故事；讲述；adj. 叙事的，叙述的；叙事体的,At several points in the narrative the two stories cross.,叙述中两条故事线多次交织在一起。
nylon,'naɪlɑn,n. 尼龙，[纺] 聚酰胺纤维；尼龙袜,nylon fabric,尼龙织物
snap,snæp,v. 突然折断，拉断；猛咬；啪地关上；n. 猛咬；劈啪声；突然折断；adj. 突然的,A twig snapped under my feet.,一根细枝在我脚下嚓一声断开了。
defect,‘dɪfɛkt,n. 缺点，缺陷；不足之处；v. 变节；叛变,All the cars are tested for defects before they leave the factory.,所有汽车在出厂前都经过品质检验。
dragon,'dræɡən,n. 龙；凶暴的人，凶恶的人；严厉而有警觉性的女人,,
acre,'ekɚ,n. 土地，地产；英亩,They own 200 acres of farmland.,他们拥有200英亩农田。
honest,'ɑnɪst,adj. 诚实的，实在的；可靠的；坦率的,"He was a hard-working, honest man.",他勤奋老实。
postage,'postɪdʒ,n. 邮资，邮费,How much is the postage for a postcard?,寄一张明信片的邮资是多少？
revolt,rɪ'volt,v. 反抗；反叛；反感，厌恶；n. 反抗；叛乱；反感,He was revolted by the smell.,那气味让他恶心。
preposition,",prɛpə'zɪʃən",n. 介词；前置词,There is nothing in the rules of grammar to suggest that ending a sentence with a preposition is wrong.,在语法规则中没有哪一条表明以介词结束一个句子是错误的。
flood,flʌd,v. 淹没；充满；溢出；n. 洪水；泛滥；一大批,Towns and cities all over the country have been flooded.,全国各地的城镇都被淹没了。
aircraft,'ɛr'kræft,n. 飞机，航空器,The return flight of the aircraft was delayed.,飞机的返回航程被推迟了。
liver,'lɪvɚ,n. 肝脏；生活者，居民,"Three weeks ago, it was discovered the cancer had spread to his liver.",三周前，发现癌已扩散到了他的肝脏。
invade,ɪn'ved,v. 侵略；侵袭；侵扰；涌入,"The Romans invaded Britain 2,000 years ago.","2,000年前古罗马人入侵了英国。"
necklace,'nɛkləs,n. 项链,...a diamond necklace and matching earrings.,…一条钻石项链和与之相配的耳环。
rabbit,'ræbɪt,n. 兔子，野兔；v. 让…见鬼去吧,The rabbit disappeared in the bushes.,那只兔子消失在树丛中。
commonwealth,'kɑmən'wɛlθ,n. 联邦；共和国；国民整体,"...the Asian, Caribbean and African members of the commonwealth.",…英联邦在亚洲、加勒比海和非洲的成员国。
defeat,dɪ'fit,v. 击败，战胜；挫败；使…失败；n. 失败的事实；击败的行为,They hoped to defeat the enemy at sea.,他们希望在海上击败敌人。
giggle,'ɡɪɡl,v. 傻笑；咯咯地笑；n. 吃吃的笑,If you can’t stop giggling you’ll have to leave the room.,如果你再咯咯地笑个不停，就给我离开屋子。
remnant,'rɛmnənt,n. 剩余；adj. 剩余的,Beneath the present church were remnants of Roman flooring.,在目前的这座教堂下面还有残余的古罗马地板。
sparkle,'spɑrkl,n. 闪耀；火花；活力；v. 使闪耀；使发光,the sparkle of the diamonds,钻石的光芒
resolution,",rɛzə'luʃən",n. [物] 分辨率；决议；解决；决心,a resolution calling for a ban on dumping nuclear waste,要求禁止倾倒核废物的决议
shove,ʃʌv,v. 挤；强使；撞；猛推；n. 推；挤,He shoved her towards the car.,他推着她走向汽车。
reassure,",riə'ʃʊr",v. 使…安心，使消除疑虑,Teachers reassured anxious parents.,老师们安慰焦急的父母。
seal,sil,n. 密封；印章；海豹；封条；标志；v. 密封；盖章,Check seals on fridges and freezers regularly.,定期检查冰箱和冰柜的密封装置。
seam,sim,n. 缝；接缝；v. 缝合；接合；使留下伤痕,"She was repairing Billy’s trousers, where the seam had come undone.",她在补比利裤子的开线处。
leaflet,'liflət,n. 小叶；传单,Campaigners handed out leaflets on passive smoking.,发起人分发了关于被动吸烟的传单。
vocabulary,və'kæbjəlɛri,n. 词汇；词表；词汇量,Teachers were impressed by his vocabulary.,他的词汇量给老师们留下了深刻的印象。
provision,prə'vɪʒn,n. 规定；条款；准备；[经] 供应品；v. 供给…食物及必需品,The agreement includes a provision for each side to check the other side’s weapons.,协议有项规定，允许双方互查武器。
notwithstanding,",nɑtwɪθ'stændɪŋ",adv. 尽管，仍然；prep. 尽管，虽然；conj. 虽然,"His relations with colleagues, differences of opinion notwithstanding, were unfailingly friendly.",他与同事们尽管有意见分歧，但关系一直很融洽。
motel,mo'tɛl,n. 汽车旅馆,The gas station just neighbours to the motel.,加油站就在汽车旅馆的附近。
convenient,kən'vinɪənt,adj. 方便的；[废语]适当的；[口语]近便的；实用的,Mail-order catalogs are a convenient way to shop.,使用邮购目录是一种方便的购物方式。
wife,wʌɪf,n. 妻子，已婚妇女；夫人,Have you met my wife?,你见过我的妻子吗？
locality,lo'kæləti,n. 所在；位置；地点,weather reports from several different localities,来自几个不同地区的天气报告
meditate,'mɛdɪtet,v. 考虑；计划；企图,Silently she meditated revenge.,她默默地计划着复仇。
blueprint,'blʊ'prɪnt,v. 计划；制成蓝图；n. 蓝图，设计图；计划,"By changing the tomato’s genetic blueprint , scientists can alter the rate at which it ripens.",科学家可以通过改变番茄的基因蓝图来改变它的成熟速度。
shout,ʃaʊt,v. 呼喊；喊叫；大声说；n. 呼喊；呼叫,There’s no need to shout! I can hear you!,用不着大声喊叫！我听得见！
dynasty,'daɪnəsti,n. 王朝，朝代,The Habsburg dynasty ruled in Austria from 1278 to 1918.,哈布斯堡王朝在1278至1918年间统治奥地利。
horsepower,'hɔrs'paʊɚ,n. 马力（功率单位）,a two-hundred horsepower engine,两百马力的发动机
yellow,'jeloʊ,adj. 黄色的；黄皮肤的；n. 黄色；黄种人；黄色颜料；v. 使变黄或发黄,yellow flowers,黄花
garbage,'ɡɑrbɪdʒ,n. 垃圾；废物,Can you take out the garbage when you go?,你走的时候把垃圾带出去好吗？
sunshine,'sʌnʃaɪn,n. 阳光；愉快；晴天；快活,We had three days of spring sunshine.,我们享受了三天的春日阳光。
fourteen,",fɔr'tin",num. 十四；十四个；第十四；n. 十四的记号；十四岁；十四点钟；十五世纪,He used to work fourteen hours a day.,他过去一天工作14个小时。
bureau,'bjʊro,n. 局，处；衣柜；办公桌,the Federal Bureau of Investigation,联邦调查局
certify,'sɝtə'fai,v. 证明；保证,The accounts were certified by an auditor.,这些账目经审计员核实过。
static,'stætɪk,adj. 静态的；静电的；静力的；n. 静电；静电干扰,The number of young people obtaining qualifications has remained static or decreased.,获得各种资格证书的年轻人的数量一直保持不变或者已经减少。
panda,'pændə,n. 熊猫；猫熊,The caged panda chafed against the bars.,笼子里的大熊猫贴在栅栏上蹭它的身体。
log,lɔɡ,v. 伐木；n. 记录；航行日志；原木,They log for a living.,他们以伐木为生。
tangle,'tæŋɡl,n. 纠纷；混乱状态；v. 使纠缠；处于混乱状态,My hair tangles easily.,我的头发很容易打结。
magnificent,mæg'nɪfəsnt,adj. 高尚的；壮丽的；华丽的；宏伟的,a magnificent performance,气势恢宏的演出
marvelous,'mɑrvələs,adj. 了不起的；非凡的；令人惊异的；不平常的,,
swear,swɛr,v. 发誓；咒骂；n. 宣誓；诅咒,Don’t swear in front of the children.,不要在孩子们面前说粗话。
blade,bled,n. 叶片；刀片，刀锋；剑,a razor blade,剃刀刀片
magnetic,mæg'nɛtɪk,adj. 地磁的；有磁性的；有吸引力的,magnetic forces,磁力
sniff,snɪf,v. 嗅；嗤之以鼻；n. 吸，闻；嗤之以鼻；气味；以鼻吸气；吸气声,He opened the milk and sniffed it.,他打开牛奶闻了闻。
sweat,swɛt,v. 使出汗；流出；使干苦活；剥削；藉出汗减轻；焦急地期待；n. 汗；水珠；焦急；苦差使,I was sweating a lot despite the air conditioning.,尽管开着空调，我仍是满头大汗。
ugly,'ʌɡli,adj. 丑陋的；邪恶的；令人厌恶的,a very ugly man,非常丑陋的男子
graphic,'græfɪk,adj. 形象的；图表的；绘画似的,a graphic artist,平面造型艺术家
territory,'tɛrətɔri,n. 领土，领域；范围；地域；版图,Hong Kong is a Chinese territory.,香港是中国的领土。
drunk,drʌŋk,v. 喝酒（drink的过去分词）；adj. 喝醉了的,He must be either mad or drunk.,他要么是疯了，要么是喝醉了。
captain,ˈkæptən,n. 队长，首领；船长；上尉；海军上校；v. 指挥；率领,The captain and crew welcome you aboard.,机长和全体机组人员欢迎各位乘坐本次航班。
vicinity,və'sɪnəti,n. 邻近，附近；近处,The stolen car was found in the vicinity of the station.,被盗汽车在车站附近被发现。
puppet,'pʌpɪt,n. 木偶；傀儡；受他人操纵的人,When the invasion occurred he seized power and ruled the country as a puppet of the occupiers.,他趁入侵之时夺取了政权，作为占领者的傀儡统治着这个国家。
offspring,'ɔfsprɪŋ,n. 后代，子孙；产物,a young mother trying to control her offspring,一个想管住自己孩子的年轻妈妈
landlord,'lændlɔrd,n. 房东，老板；地主,His landlord doubled the rent.,他的房东把房租提高了一倍。
stagger,'stægɚ,v. 蹒跚；使交错；使犹豫；n. 蹒跚；交错安排；adj. 交错的；错开的,He managed to stagger home.,他好不容易才蹒跚着走回家。
nineteen,",naɪn'tin",num. 十九,It was nineteen minutes past seven.,当时是7点19分。
seed,sid,n. 种子；根据；精液；萌芽；子孙；原由；v. 播种；结实；成熟；去…籽,He’s been top seed for the past two years.,他在过去两年中一直是头号种子选手。
cosmic,'kɑzmɪk,adj. 宇宙的（等于cosmical）,...the cosmic laws governing our world.,…主宰我们世界的宇宙法则。
plentiful,'plɛntɪfəl,adj. 丰富的；许多的；丰饶的；众多的,a plentiful supply of food,食物的大量供应
comb,kom,n. 梳子；蜂巢；鸡冠；v. 梳头发；梳毛,Your hair needs a good comb.,你的头发需要好好梳理一下。
singular,'sɪŋɡjəlɚ,adj. 单数的；单一的；非凡的；异常的；n. 单数,the singular form of the noun,该名词的单数形式
handful,"'hænd,fʊl",n. 少数；一把；棘手事,There were only a handful of people there.,那里只有几个人。
oxide,'ɑksaɪd,n. [化学] 氧化物,iron oxide,氧化铁
kindergarten,'kɪndɚɡɑrtn,n. 幼儿园；幼稚园,To my kindergarten.,去我的幼儿园。
actress,'æktrɪs,n. 女演员,She's not only a great dramatic actress but she's also very funny.,她不仅是一位伟大的女戏剧演员，而且也很幽默。
fisherman,'fɪʃɚmən,n. 渔夫；渔人,"But there was a price below which they dared not go, for it had happened that a fisherman in despair had given his pearls to the church.",但是有一个价格底线，他们不敢低于这个价格了，因为曾有渔夫因为价格太低而绝望得宁愿把珍珠募捐给教堂。
adore,ə'dɔr,v. 崇拜；爱慕；喜爱；极喜欢；n. (Adore)人名；(法)阿多尔,Betty adores her grandchildren.,贝蒂非常宠爱孙辈。
turbine,'tɝbaɪn,n. [动力] 涡轮；[动力] 涡轮机,The new ship will be powered by two gas turbines and four diesel engines.,那艘新轮船将由2台燃气涡轮机和4台柴油机驱动。
cop,kɑp,v. 抓住；n. 巡警，警官,"Cop hold of the other end, will you?",你拿着另一头，好不好？
cow,kaʊ,n. 奶牛，母牛；母兽；v. 威胁，恐吓,a herd of cows,一群牛
meantime,'min'taɪm,n. 其时，其间；adv. 同时；其间,"The doctor will be here soon. In the meantime, try and relax.",医生很快就来，现在尽量放松一下。
frontier,frʌn'tɪr,n. 前沿；边界；国境；adj. 边界的；开拓的,a novel about a family’s struggle on the American frontier,描写一家人在美国边远地区奋斗的小说
cylinder,'sɪlɪndɚ,n. 圆筒；汽缸；[数] 柱面；圆柱状物,The gases are stored in cylinders.,气体储存在圆筒内。
sweep,swip,v. 扫除；猛拉；掸去；n. 打扫，扫除；范围；全胜,I swept the papers quickly into the drawer.,我迅速把那些文件扫进抽屉里。
december,dɪ'sɛmbɚ,n. 十二月,,
cosy,ˈkozi,adj. 舒适的；惬意的；n. 保温罩,The living room was warm and cosy .,客厅暖和又舒适。
hound,haʊnd,v. 追猎；烦扰；激励；n. 猎犬；卑劣的人,"After the court case, Lee was hounded relentlessly by the press.",案件审结后，李不断受到新闻界的骚扰。
hurricane,hʌrɪˌken,n. 飓风，暴风,The hurricane devastated a large section of the coast.,飓风毁坏了沿海地区的大部分。
corn,kɔrn,n. （美）玉米；（英）谷物；[皮肤] 鸡眼；v. 腌；使成颗粒,fields of corn,一片片麦田
traitor,'tretɚ,n. 叛徒；卖国贼；背信弃义的人,Some say he's a traitor to the peace movement.,一些人说他是和平运动的背叛者。
federation,'fɛdə'reʃən,n. 联合；联邦；联盟；联邦政府,the National Federation of Women’s Institutes,〔英国及英联邦国家〕妇女协会全国联合会
pirate,'paɪrət,n. 海盗；盗版；侵犯专利权者；v. 掠夺；翻印；剽窃,Computer game pirates cost the industry twenty million pounds a year.,电脑游戏盗版者每年要给该行业带来两千万英镑的损失。
profile,'profaɪl,n. 侧面；轮廓；外形；剖面；简况；v. 描…的轮廓；扼要描述,Dani has a lovely profile.,达尼的侧面轮廓很好看。
thrust,θrʌst,n. [力] 推力；刺；v. 插；插入；推挤,He jumped back to avoid another thrust of the knife.,他往后一闪，躲避再次捅来的一刀。
camera,'kæmərə,n. 照相机；摄影机,Her grandmother lent her a camera for a school trip to Venice and Egypt.,她的祖母借给她一部相机，让她在学校组织的到威尼斯和埃及的旅行中使用。
fluent,'fluənt,adj. 流畅的，流利的；液态的；畅流的,He spoke in fluent Italian.,他用流利的意大利语讲话。
cabinet,'kæbɪnət,n. 内阁；橱柜；展览艺术品的小陈列室；adj. 内阁的；私下的，秘密的,a cabinet meeting,内阁会议
harassment,hə'ræsmənt,n. 骚扰；烦恼,African-Americans have been complaining about police harassment for years.,美国黑人多年来一直抱怨受到警察的骚扰。
sacred,'sekrɪd,adj. 神的；神圣的；宗教的；庄严的,a sacred vow,神圣的誓言
threshold,'θrɛʃhold,n. 入口；门槛；开始；极限；临界值,She opened the door and stepped across the threshold.,她打开门，跨过门槛。
owing,'oɪŋ,adj. 未付的；欠着的；v. 欠；把…归功于（owe的ing形式）,"You need to pay the amount owing, plus the interest.",你需要付清欠款，外加利息。
unit,'junɪt,n. 单位，单元；装置；[军] 部队；部件,The man is in the hospital’s intensive care unit.,那名男子在医院的重症监护室。
nationality,",næʃə'næləti",n. 国籍，国家；民族；部落,people of the same nationality,同国籍的人
usage,'jusɪdʒ,n. 使用；用法；惯例,a book on modern English usage,关于现代英语用法的书
potato,pə'teto,n. [作物] 土豆，[作物] 马铃薯,"Marie stood at the sink, peeling potatoes (= cutting off the skin ) .",玛丽站在洗涤槽边削土豆皮。
cord,kɔrd,n. 绳索；束缚；v. 用绳子捆绑,The robe was held at the waist by a cord.,在袍子腰处束了根细绳。
deficit,'dɛfəsɪt,n. 赤字；不足额,the country’s widening budget deficit,这个国家日益严重的预算赤字
fracture,'fræktʃɚ,n. 破裂，断裂；[外科] 骨折；v. 破裂；折断,a stress fracture in his left knee,他左膝上的应力性骨折
bandage,'bændɪdʒ,n. 绷带；v. 用绷带包扎,We put some ointment and a bandage on his knee.,我们在他的膝盖上涂了些药膏，还缠了一条绷带。
downward,'daʊnwɚd,adj. 向下的，下降的；adv. 向下,a gentle downward slope,缓坡
platform,'plæt'fɔrm,n. 平台；月台，站台；坛；讲台,The Edinburgh train will depart from platform six.,开往爱丁堡的火车将从六号站台发车。
tidy,'taɪdi,adj. 整齐的；相当大的；v. 整理；收拾；弄整齐；n. 椅子的背罩,a tidy desk,整洁的书桌
goat,ɡot,n. 山羊；替罪羊（美俚）；色鬼（美俚）,,
greedy,'gridi,adj. 贪婪的；贪吃的；渴望的,a greedy and selfish society,一个贪婪自私的社会
slender,'slɛndɚ,adj. 细长的；苗条的；微薄的,She is slender and stylish.,她身材修长，穿着时髦。
migrate,'maɪɡret,v. 移动；随季节而移居；移往,People migrate to cities like Jakarta in search of work.,人们移居到雅加达这样的城市找工作。
cushion,'kʊʃən,n. 垫子；起缓解作用之物；（猪等的）臀肉；银行储蓄；v. 给…安上垫子；把…安置在垫子上；缓和…的冲击,a velvet cushion,天鹅绒垫子
scrap,skræp,n. 碎片；残余物；打架；少量；v. 废弃；使解体；拆毁；adj. 废弃的；零碎的,He’s always getting into scraps with other dogs.,它老是和别的狗打起来。
operational,'ɑpə'reʃənl,adj. 操作的；运作的,The boat should be operational by this afternoon.,今天下午这艘船应该可以使用了。
curtain,'kɝtn,n. 幕；窗帘；v. 遮蔽；装上门帘,red velvet curtains,红色的丝绒窗帘
wretched,'rɛtʃɪd,adj. 可怜的；卑鄙的；令人苦恼或难受的,Where is that wretched boy?,那个可恶的男孩在哪里？
funeral,'fjunərəl,n. 葬礼；麻烦事；adj. 丧葬的，出殡的,The funeral will be held at St. Martin’s Church.,葬礼将在圣马丁教堂举行。
jolly,'dʒɑli,adj. 愉快的；欢乐的；宜人的；adv. 很；非常；v. （口）用好话劝某人做…；（口）用好话使高兴；n. (Jolly)人名；(法)若利；(英、印)乔利；(德)约利,Everybody was in a very relaxed and jolly mood.,大家的心情都非常轻松愉快。
glove,ɡlʌv,n. 手套；vt. 给…戴手套,a pair of gloves,一副手套
utilize,'juːtəlaɪz,v. 利用,We must consider how best to utilize what resources we have.,我们必须考虑怎样充分利用现有的资源。
suffice,sə'faɪs,v. 使满足；足够…用；合格,A light lunch will suffice .,简单的午餐就够了。
port,pɔrt,n. 港口，口岸；（计算机的）端口；左舷；舱门；v. 转向左舷,Britain’s largest port,英国最大的港口城市
bake,bek,v. 烤，烘焙；n. 烤；烘烤食品,I’m baking some bread.,我在烤一些面包。
apartment,ə'pɑrtmənt,n. 公寓；房间,She lives in a small apartment.,她住在一套小公寓里。
mirror,'mɪrɚ,n. 镜子；真实的写照；榜样；v. 反射；反映,He spends hours in front of the mirror !,他老是照镜子！
surroundings,sə'raʊndɪŋz,n. 环境；周围的事物,I need to work in pleasant surroundings.,我需要在舒适的环境下工作。
remarkable,rɪ'mɑrkəbl,adj. 卓越的；非凡的；值得注意的,She has made remarkable progress.,她取得了显著的进步。
tide,taɪd,n. 趋势，潮流；潮汐；v. 随潮漂流,Is the tide going out or coming in ?,现在是退潮还是涨潮？
lunar,'lunɚ,adj. 月亮的，月球的；阴历的；银的；微亮的；n. (Lunar)人名；(西)卢纳尔,studies of the lunar surface,对月球表面的研究
roundabout,'raʊndəbaʊt,adj. 迂回的，绕道的；圆滚滚的；n. 迂回路线；环状交叉路口,The bus took a very long and roundabout route .,公共汽车路线很长，绕着圈子走。
prospective,prə'spɛktɪv,adj. 未来的；预期的；n. 预期；展望,The story should act as a warning to other prospective buyers.,这篇报道应该可以对其他可能的购买者起到警告作用。
aloud,ə'laʊd,adv. 大声地；出声地,"When we were children, our father read aloud to us.",当我们是孩子时，我们的父亲大声地朗读给我们听。
module,'mɑdʒul,n. [计] 模块；组件；模数,Switch from one module to another.,从一个模块转换到另一个模块。
badminton,'bædmɪntən,n. 羽毛球,Can I try you new badminton racket?,我可以试用你的羽毛球拍吗？
bald,bɔld,adj. 秃顶的；光秃的；单调的；无装饰的；v. 变秃；n. (Bald)人名；(英)鲍尔德；(德、法、波)巴尔德,a bald man,一名秃顶男子
framework,'fremwɝk,n. 框架，骨架；结构，构架,We have to act within the existing legal framework.,我们必须在现行的法律框架下行事。
tick,tɪk,v. 标记号于；滴答地记录；n. 滴答声；扁虱；记号；赊欠,The company produces chemicals that destroy ticks and mites.,该公司生产消灭壁虱和螨虫的化学品。
leg,lɛɡ,n. 腿；支柱,a young boy with skinny legs,双腿干瘦的小男孩
storey,'stɔri,n. [建] 楼层；叠架的一层,A staircase leads to the upper storey .,有一段楼梯通往上面一层。
nickel,'nɪkl,n. 镍；镍币；五分镍币；v. 镀镍于,"...a large glass jar filled with pennies, nickels, dimes, and quarters.",…一个装满1分、5分、10分和25分硬币的大玻璃罐。
undo,ʌn'du,v. 取消；解开；破坏；扰乱,The screws can be undone by hand.,这些螺丝可以用手拧开。
radar,'redɑr,n. [雷达] 雷达，无线电探测器,The coastline can now be monitored by radar.,现在能用雷达监测海岸线了。
drawer,drɔr,n. 抽屉；开票人；出票人；起草者；酒馆侍,She took a file from her desk drawer .,她从书桌的抽屉里拿出了一个文件夹。
explode,ɪk'splod,v. 爆炸，爆发；激增,The device was thrown at an army patrol but failed to explode.,炸弹投向了陆军巡逻队，但没有爆炸。
skull,skʌl,n. 头盖骨，脑壳,Her husband was later treated for a fractured skull.,她丈夫后来因颅骨碎裂而接受治疗。
swell,swɛl,v. 膨胀；肿胀；隆起；n. 肿胀；隆起；adj. 漂亮的；一流的,Her ankle was already starting to swell.,她的脚踝已经开始肿起来了。
nurse,nɝs,v. 看护，护理；照顾；培养；给…喂奶；n. 护士；奶妈，保姆,"Shaw has been nursing an injury, and will not play on Sunday.",肖一直在养伤，星期天将不参加比赛。
ignite,ɪɡ'naɪt,v. 点燃；使燃烧；使激动,The petrol tank suddenly ignited.,油箱突然着火了。
commonplace,'kɑmən'ples,n. 老生常谈；司空见惯的事；普通的东西；adj. 平凡的；陈腐的,Women’s groups have become a commonplace.,妇女团体已经成了常见事物。
deceive,dɪ'siv,v. 欺骗；行骗,He had been deceived by a young man claiming to be the son of a millionaire.,他被一个自称是百万富翁之子的年轻人骗了。
carriage,'kærɪdʒ,n. 运输；运费；四轮马车；举止；客车厢,Canals were originally built for the carriage of coal.,运河原先是为运煤而修建的。
greeting,'ɡritɪŋ,n. 问候，招呼；祝贺；v. 致敬，欢迎（greet的现在分词）,"I smiled a polite greeting, but the woman hardly acknowledged me.",我客气地笑着打了个招呼，可是那女人没有答理我。
tram,træm,n. 电车轨道；煤车；v. 用煤车运载,You can get to the beach easily from the centre of town by tram.,你可以很容易地在市中心坐有轨电车到达海滩。
howl,haʊl,v. 咆哮；怒吼；狂吠；n. 嗥叫；怒号；嚎哭,"Upstairs, one of the twins began to howl (= cry ) .",楼上，双胞胎中的一个开始大哭起来。
plunge,plʌndʒ,n. 投入；跳进；v. 突然地下降；投入；陷入；跳进,...a plunge into cold water.,…向着冰冷的水中的纵身一跳。
biography,baɪ'ɑɡrəfi,n. 传记；档案；个人简介,...recent biographies of Stalin.,…近年的斯大林传记。
statue,'stætʃu,n. 雕像，塑像；vt. 以雕像装饰,Churchill’s statue stands outside the parliament building.,丘吉尔的塑像矗立在议会大厦外。
barren,'bærən,adj. 贫瘠的；不生育的；无益的；沉闷无趣的；空洞的；n. 荒地,Thousands of years ago the surface was barren desert.,很久很久以前，地面还是一片荒漠。
coke,kok,n. 焦炭；可卡因；可口可乐（Coca-Cola）；v. 焦化,...a coke-burning stove.,…一个烧焦炭的炉子。
tray,tre,n. 托盘；文件盒；隔底匣；（无线电的）发射箱,The waiter brought drinks on a tray.,服务员用托盘端来饮料。
pork,pɔrk,n. 猪肉；vt. 与女子性交,pork chops,猪排
barrel,'bærəl,v. 把……装入桶内；n. 桶；枪管，炮管,The wine is aged in oak barrels.,这种葡萄酒是用橡木酒桶放陈的。
mosaic,mo'zeɪk,adj. 摩西的；拼成的；嵌花式的；n. 马赛克；镶嵌；镶嵌细工,rooms decorated with wall paintings and mosaics,用壁画和马赛克装饰的房间
blast,blæst,n. 爆炸；冲击波；一阵；v. 猛攻,I had the gas fire going full blast .,我把煤气取暖器开到最大。
seaside,'sisaɪd,n. 海边；海滨；adj. 海边的；海滨的,a trip to the seaside,去海滨的旅行
smog,smɑːɡ,n. 烟雾,"Cars cause pollution, both smog and acid rain.",汽车引起污染，既有烟雾又有酸雨。
lip,lɪp,n. 嘴唇；边缘；vt. 以嘴唇碰；adj. 口头上的；vi. 用嘴唇,She had big eyes and full lips (= large and round lips ).,她眼睛大大的，嘴唇很丰满。
merchant,'mɝtʃənt,n. 商人，批发商；店主；adj. 商业的，商人的,the son of a wealthy merchant,一名富商的儿子
excerpt,'ɛksɝpt,n. 摘录，引用；v. 引用，摘录,...an excerpt from Tchaikovsky's Nutcracker.,…柴可夫斯基的《胡桃夹子》选段。
coin,kɔɪn,v. 铸造（货币）；杜撰，创造；n. 硬币，钱币,The word ‘aromatherapy’ was coined in the 1920s. aromatherapy,（芳香疗法）这个词是在20世纪20年代创造出来的。
aerial,'ɛrɪəl,adj. 空中的，航空的；空气的；空想的；n. [电讯] 天线,Weeks of aerial bombardment had destroyed factories and motorways.,数周的空袭已经摧毁了各工厂和公路。
metaphor,'mɛtəfɚ,n. 暗喻，隐喻；比喻说法,She uses some wonderful images and metaphors in her writing.,她在作品中用了一些绝妙的比喻和暗喻。
lid,lɪd,n. 盖子；眼睑；限制；vt. 给…盖盖子,keeping the lid on inflation,控制通货膨胀
municipal,mju'nɪsɪpl,adj. 市政的，市的；地方自治的,the municipal waste dump,城市垃圾场
coil,kɔɪl,v. 盘绕，把…卷成圈；n. 线圈；卷,The snake coiled around the branches of the tree.,这条蛇盘在树枝上。
pope,pop,n. 教皇，罗马教皇；权威，大师,The highlight of the pope's visit will be his message to the people.,教皇访问的亮点是，他将给人们传达训诫。
ebb,ɛb,n. 衰退；退潮；衰落；v. 衰退；减少；衰落；潮退,His confidence is at a low ebb.,他的信心很低落。
lawn,lɔn,n. 草地；草坪,I spent all morning mowing the lawn (= cutting the grass ).,我整个上午都在修剪草坪。
merchandise,'mɝtʃəndaɪs,n. 商品；货物；v. 买卖；推销,A range of official Disney merchandise was on sale.,一系列正版的迪士尼商品在出售。
revelation,'rɛvə'leʃən,n. 启示；揭露；出乎意料的事；被揭露的真相,...the seemingly everlasting revelations about his private life.,…有关他私生活的似乎永无休止的披露。
contemplate,'kɑntəmplet,v. 沉思；注视；思忖；预期,He contemplated her with a faint smile.,他微微含笑注视着她。
symposium,sɪm'pozɪəm,n. 讨论会，座谈会；专题论文集；酒宴，宴会,He had been taking part in an international symposium on population.,他那时在参加一个有关人口的国际研讨会。
militant,'mɪlɪtənt,adj. 好战的；n. 富有战斗性的人；好斗者；激进分子,militant political activists,激进的政治活动家
thread,θrɛd,n. 线；螺纹；思路；衣服；线状物；玻璃纤维；路线；v. 穿过；穿线于；使交织,I’m looking for a needle and thread.,我在找针线。
spider,'spaɪdɚ,n. 蜘蛛；设圈套者；三脚架,,
torch,tɔrtʃ,n. 火把，火炬；手电筒；启发之物；v. 像火炬一样燃烧,We shone our torches around the cavern.,我们用手电筒照着山洞。
choke,tʃok,v. 呛；使窒息；阻塞；抑制；扑灭；n. 窒息；噎；[动力] 阻气门,"I felt as if there was a weight on my chest, choking me.",我感觉好像有重物压在胸口，让我喘不过气来。
refreshment,ri'frɛʃmənt,n. 点心；起提神作用的东西；精力恢复,Refreshments will be served after the meeting.,会后有茶点招待。
overwhelm,",ovɚ'wɛlm",v. 淹没；压倒；受打击；覆盖；压垮,,
amid,ə'mɪd,prep. 在其中，在其间；n. (Amid)人名；(法、阿拉伯)阿米德,The dollar has fallen in value amid rumors of weakness in the US economy.,在一片美国经济疲软的传言中，美元贬值了。
ear,ɪr,n. 耳朵；穗；听觉；倾听；vi. （美俚）听见；抽穗,She tucked her hair behind her ears.,她把头发拢到耳朵背后。
ratio,'reʃɪo,n. 比率，比例,"From the database snapshot, note the counters in Listing 3 and monitor the ratio among these counters.",在数据库快照中，注意清单 3 中的计数器并监控这些计数器之间的比例。
sneeze,sniz,v. 打喷嚏；n. 喷嚏,She started coughing and sneezing.,她开始咳嗽、打喷嚏。
sympathize,'sɪmpə'θaɪz,v. 同情，怜悯；支持,"I sympathize, but I don’t know how to help.",我很同情，但不知道如何帮忙。
wrist,rɪst,n. 手腕；腕关节；vt. 用腕力移动,He broke his wrist climbing rocks for a cigarette ad.,他为了一个香烟广告攀岩折断了手腕。
petroleum,pə'trolɪəm,n. 石油,petroleum-based products,石油产品
imagination,"ɪ,mædʒɪ'neʃən",n. [心理] 想象力；空想；幻想物,a storyteller with an incredible imagination,想象力极丰富的讲故事者
petty,'pɛti,adj. 琐碎的；小气的；小规模的；n. (Petty)人名；(英、法)佩蒂,petty squabbles,小口角
endow,ɪn'daʊ,v. 赋予；捐赠；天生具有,"You are endowed with wealth, good health and a lively intellect.",你天生赋有财富、健康，和敏锐的智力。
cloudy,'klaʊdi,adj. 多云的；阴天的；愁容满面的,a cloudy night with some light rain,伴有些许小雨的多云的夜晚
disastrous,dɪ'zæstrəs,adj. 灾难性的；损失惨重的；悲伤的,a disastrous first marriage,以失败告终的第一次婚姻
evening,'ivnɪŋ,n. 晚上；傍晚；（联欢性的）晚会；后期；adj. 在晚上的；为晚上的；晚上用的；int. 晚上好（等于good evening）,I do most of my studying in the evening.,我学习大都在晚上。
mat,mæt,n. 垫；垫子；衬边；v. 缠结；铺席于……上；adj. 无光泽的,Wipe your feet on the mat.,在地垫上蹭蹭你的鞋底。
commemorate,kə'mɛməret,v. 庆祝，纪念；成为…的纪念,a parade to commemorate the town’s bicentenary,庆祝该镇建立200周年的游行
unanimous,jʊ'nænəməs,adj. 全体一致的；意见一致的；无异议的,It was decided by a unanimous vote that the school should close.,关闭学校是大家一致通过的决定。
kilometre,kɪ'lɔmɪtɚ,n. [计量] 公里；[计量] 千米,...only one kilometre from the border.,…距离边境只有1公里。
equator,ɪ'kwetɚ,n. 赤道,The United States is north of the equator.,美国位于赤道以北。
chemistry,'kɛmɪstri,n. 化学；化学过程,a person’s body chemistry,人体的化学组成
civilization,",sɪvələ'zeʃən",n. 文明；文化,modern American civilization,现代美国文明
volume,'vɑljum,n. 量；体积；卷；音量；大量；册；adj. 大量的；vi. 成团卷起；vt. 把…收集成卷,the volume of trade,贸易量
pear,pɛr,n. [园艺] 梨树；梨子,I took this apple for a pear until I tasted it.,我误将这个苹果当作梨子，直到我尝了才知道。
successor,sək'sɛsɚ,n. 继承者；后续的事物,He set out several principles that he hopes will guide his successors.,"他制定出了几条原则,希望能指导其继任者。"
pasture,'pæstʃɚ,n. 草地；牧场；牧草；v. 放牧；吃草,large areas of rough upland pasture,大片起伏的山地牧场
hostess,'hostəs,n. 女主人，女老板；女服务员；舞女；女房东,The hostess introduced them.,女主人介绍了他们。
collide,kə'laɪd,v. 碰撞；抵触，冲突,A car and a van collided on the motorway.,一辆汽车和一辆小型货车在高速公路上相撞了。
cement,sə'mɛnt,v. 巩固，加强；用水泥涂；接合；n. 水泥；接合剂,Nothing cements a friendship between countries so much as trade.,没有任何东西能比贸易更能巩固国家间的友谊了。
slum,slʌm,v. （为猎奇或救济等）去贫民窟；n. 贫民窟；陋巷；脏乱的地方,The slum must be inside you.,贫民窟一定是在你内心.
outlook,'aʊtlʊk,n. 展望；观点；景色；vt. 比……好看；用目光压倒；vi. 朝外看,Exercise will improve your looks and your outlook.,运动将会改善你的外在形象和人生态度。
thursday,ˈθɝzde; ˈθɝzdɪ,n. 星期四,On Thursday Barrett invited me for a drink.,星期四巴雷特请我喝了一杯。
saucer,'sɔsɚ,n. 茶托，浅碟；浅碟形物；眼睛,a china cup and saucer,一套瓷茶杯和杯托
umbrella,ʌm'brɛlə,n. 雨伞；保护伞；庇护；伞形结构,"It started to rain, so Tricia stopped to put up her umbrella.",开始下雨了，所以特里西娅停下来撑起雨伞。
burst,bɝst,v. 爆发，突发；爆炸；n. 爆发，突发；爆炸,The pipes had burst and the house was under two feet of water.,水管爆裂，房子被水淹了两英尺。
breakdown,'brek'daʊn,n. 故障；崩溃；分解；分类；衰弱；跺脚曳步舞,I was worried he might have a breakdown if he carried on working so hard.,我担心他这样辛苦地做下去，精神会崩溃的。
zigzag,'zɪɡzæɡ,adj. 曲折的；锯齿形的；之字形的；v. 使成之字形；使曲折行进；n. 之字形；Z字形；adv. 曲折地；之字形地；Z字形地,"Some species weave designs into their webs, creating zigzag patterns that can either attract prey, like bees, in bright sunlight, or camouflage the net in the shade.",一些种类的蜘蛛能设计织网，设计出可以在明媚的阳光下吸引猎物，如蜜蜂，或在阴暗处能掩饰蜘蛛网的之字形图案。
accountant,ə'kaʊntənt,n. 会计师；会计人员,The boss dropped an accountant from the payroll.,老板把一名会计师从在职人员名单中除了名。
starve,stɑrv,v. 饿死；挨饿；渴望,Thousands of people will starve if food doesn’t reach the city.,如果食品不能运到那座城市，成千上万的人就要饿死。
lease,lis,n. 租约；租期；租赁物；租赁权；v. 出租；租得,The landlord refused to renew his lease.,房东拒绝和他续签租约。
staircase,'stɛrkes,n. 楼梯,They walked down the staircase together.,他们一起沿楼梯通道往下走。
dread,drɛd,n. 恐惧；可怕的人（或物）；v. 惧怕；担心；adj. 可怕的,The prospect of flying filled me with dread .,想到要乘飞机我充满了恐惧。
mobile,ˈmobəl; ˈmoˌbaɪl; ˈmoˌbil,adj. 可移动的；机动的；易变的；非固定的；n. 运动物体,mobile air-conditioners,移动式空调器
youngster,'jʌŋstɚ,n. 年轻人；少年,Other youngsters are not so lucky.,其他的年轻人没有这么幸运。
clothing,'kloðɪŋ,n. （总称）[服装] 服装；帆装；v. 覆盖（clothe的ing形式）；给…穿衣,basic necessities such as food and clothing,食物和衣服这类基本的生活必需品
island,'aɪlənd,n. 岛；岛屿；安全岛；岛状物；adj. 岛的；vt. 孤立；使成岛状,The Cayman Islands,开曼群岛
nitrogen,'naɪtrədʒən,n. [化学] 氮,"Well, we know nitrogen has what?",对于氮气我们知道什么？
sister,'sɪstɚ,n. 姐妹；（称志同道合者）姐妹；修女；护士；adj. 姐妹般的；同类型的,Janet and Abby are sisters.,珍妮特和阿比是两姐妹。
capitalism,'kæpɪtəlɪzəm,n. 资本主义,"...the two fundamentally opposed social systems, capitalism and socialism.",…两种根本对立的社会制度，资本主义与社会主义。
pronunciation,"prə,nʌnsɪ'eʃən",n. 发音；读法,She gave the word its French pronunciation.,她给出了这个单词的法语发音。
swim,swɪm,v. 游泳；漂浮；浸；眩晕；n. 游泳；漂浮；眩晕；adj. 游泳时穿戴的,Let’s go swimming this afternoon.,今天下午我们游泳去吧。
lofty,'lɔfti,adj. 高的；崇高的；高级的；高傲的；n. (Lofty)人名；(英)洛夫蒂,"He stayed at the Four Seasons Hotel, from whose lofty heights he could see across New York.",他住在四季酒店，从酒店高处可以看到纽约的全景。
trip,trɪp,v. 绊倒；远足；犯错误；轻快地走；n. 旅行；绊倒；差错,He tripped and fell .,他绊了一下，摔倒了。
trim,trɪm,v. 修剪；整理；装点；n. 修剪；整齐；情形；adj. 整齐的,Pete was trimming the lawn around the roses.,皮特在修剪玫瑰丛周围的草坪。
sketch,skɛtʃ,n. 素描；略图；梗概；v. 画素描或速写,...thumbnail sketches of heads of state and political figures.,…国家首脑和政治要员们的简要陈述。
diameter,daɪ'æmɪtɚ,n. 直径,...a tube less than a fifth of the diameter of a human hair.,…一根直径不到头发五分之一的微管。
glory,'ɡlɔri,n. 光荣，荣誉；赞颂；v. 自豪，骄傲；狂喜,She dreamt of future glory as an Olympic champion.,她梦想着将来能得到奥运冠军的荣誉。
ounce,aʊns,n. 盎司；少量；雪豹,One ounce of almonds contains nearly half the recommended daily amount.,一盎司杏仁大约包含每日需求量的一半。
abdomen,'æbdəmən,n. 腹部；下腹；腹腔,He went into the hospital to undergo tests for a pain in his abdomen.,他去了医院接受对他的腹部疼痛进行的各项检查。
discriminate,dɪ'skrɪmɪnet,v. 歧视；区别；辨别,He is incapable of discriminating between a good idea and a terrible one.,他没能力在一个好主意和一个坏主意之间进行区分。
elbow,'ɛlbo,n. 肘部；弯头；扶手；v. 推挤；用手肘推开,"He slipped and fell, badly bruising an elbow.",他滑倒了，严重挫伤了一只胳膊肘。
dye,daɪ,n. 染料；染色；v. 染；把…染上颜色,hair dye,染发剂
socialism,'soʃəlɪzəm,n. 社会主义,They declared for socialism.,他们表示拥护社会主义。
spiritual,'spɪrɪtʃʊəl,n. 圣歌（尤指美国南部黑人的）；adj. 精神的，心灵的,Painting helps fill a spiritual need for beauty.,绘画可以满足对美的精神需求。
repay,ri'pɛi,v. 偿还；报答；报复,I’d like to buy them something to repay all their kindness.,我想给他们买点东西来报答他们的好意。
laser,'lezɚ,n. 激光,laser surgery,激光(外科)手术
pleasant,'plɛznt,adj. 令人愉快的，舒适的；讨人喜欢的，和蔼可亲的；n. (Pleasant)人名；(英)普莱曾特,It had been a pleasant evening.,那是个愉快的夜晚。
whip,wɪp,v. 抽打；煽动；搅打（蛋，奶油）；彻底击败；n. 鞭子；抽打；车夫；[机] 搅拌器,He whipped the horse into a canter.,他抽了一下鞭子，马儿就小跑起来。
enroll,ɪn'rol,v. 登记；使加入；把记入名册；使入伍,,
monthly,'mʌnθli,adj. 每月的，每月一次的；有效期为一个月的；n. 月刊；adv. 每月，每月一次,The mortgage is payable in monthly instalments.,抵押贷款每月分期偿还。
composite,kɑm'pɑzɪt,n. 复合材料；合成物；菊科；adj. 复合的；合成的；菊科的；vt. 使合成；使混合,Cuba is a composite of diverse traditions and people.,古巴是一个不同传统和民族的融合体。
geometry,dʒɪ'ɑmətri,n. 几何学,...the very ordered way in which mathematics and geometry describe nature.,…数学和几何学描述自然的条理性。
impetus,'ɪmpɪtəs,n. 动力；促进；冲力,The discovery gave fresh impetus to the research.,这个发现为研究带来新动力。
flee,fli,v. 逃走；消失，消散,His attackers turned and fled.,袭击他的人转身逃走了。
county,'kaʊnti,n. 郡，县,"Fairfax County, Virginia",弗吉尼亚州费尔法克斯县
porcelain,ˈpɔrsələn,n. 瓷；瓷器；adj. 瓷制的；精美的,a porcelain vase,瓷花瓶
semester,səˈmɛstɚ,n. 学期；半年,the fall semester,秋季学期
breeze,briz,n. 微风；轻而易举的事；煤屑；焦炭渣；小风波；v. 吹微风；逃走,flowers waving in the breeze,在微风中摇曳的花儿
hardware,'hɑrdwɛr,n. 计算机硬件；五金器具,...a shop from which an uncle had sold hardware and timber.,…一家叔叔曾经在那里卖五金器具和木材的店铺。
interval,'ɪntɚvl,n. 间隔；间距；幕间休息,"He left the room, returning after a short interval with a message.",他离开房间，过了一会儿就带回来一条消息。
numb,nʌm,v. 使麻木；使发愣；使失去感觉；adj. 麻木的；发愣的,The cold had numbed her fingers.,她的手指冻僵了。
wound,wund,n. 创伤，伤口；v. 使受伤,A nurse cleaned and bandaged the wound.,护士把伤口清洗包扎好。
chicken,ˈtʃɪkən,n. 鸡肉；小鸡；胆小鬼，懦夫；adj. 鸡肉的；胆怯的；幼小的,roast chicken,烤鸡
streamline,'strimlaɪn,v. 把…做成流线型；使现代化；组织；使合理化；使简单化；n. 流线；流线型；adj. 流线型的,efforts to streamline the production process,简化生产过程的努力
harmony,'hɑrməni,n. 协调；和睦；融洽；调和,the gorgeous vocal harmonies on ‘Mexicali Rose’,《墨西哥玫瑰》的精彩和声演唱
henceforth,",hɛns'fɔrθ",adv. 今后；自此以后,multiple sclerosis (henceforth referred to as MS),多发性硬化（以下称为MS）
banner,'bænɚ,n. 横幅图片的广告模式,"The onlookers were shouting, cheering, and waving banners.",观众挥动着横幅，又是叫喊又是欢呼。
lion,'laɪən,n. 狮子；名人；勇猛的人；社交场合的名流,,
champagne,ʃæm'pen,n. 香槟酒；香槟酒色,,
classification,",klæsɪfɪ'keʃən",n. 分类；类别，等级,the classification of wines according to quality,葡萄酒按品质的分类
insert,'ɪnsɝt,v. 插入；嵌入；n. 插入物；管芯；镶块；[机械]刀片,He took a small key from his pocket and slowly inserted it into the lock.,他从衣袋里掏出一把小钥匙，然后缓缓地将其插入锁孔里。
detective,dɪ'tɛktɪv,adj. 侦探的；n. 侦探,...Arthur Conan Doyle's classic detective novel.,…阿瑟·柯南·道尔的经典侦探小说。
atom,'ætəm,n. 原子,carbon atoms,碳原子
terror,'tɛrɚ,n. 恐怖；恐怖行动；恐怖时期；可怕的人,There was a look of sheer terror (= complete terror ) on his face.,他脸上的表情异常惊恐。
carpet,'kɑrpɪt,v. 在…上铺地毯，把地毯铺在…上；斥责；n. 地毯；地毯状覆盖物,The building has been carpeted throughout.,大楼里上上下下都铺了地毯。
despatch,di'spætʃ,v. 派遣；发送；匆匆吃下；n. 派遣；发送（等于dispatch）,,
fraud,frɔd,n. 欺骗；骗子；诡计,"{""COLLOINEXA"":[""electoral fraud""]}",选举欺诈
fever,'fivɚ,n. 发烧，发热；狂热；vt. 使发烧；使狂热；使患热病；vi. 发烧；狂热；患热病,Andy has a fever and won’t be coming into work today.,安迪发烧了，今天不来上班。
gulf,ɡʌlf,n. 海湾；深渊；分歧；漩涡；vt. 吞没,the Gulf of Mexico,墨西哥湾
lash,læʃ,v. 鞭打；冲击；摆动；扎捆；煽动；讽刺；n. 鞭打；睫毛；鞭子；责骂；讽刺,Giant waves lashed the sea wall.,巨浪拍打着海堤。
pavement,'pevmənt,n. 人行道,A small group of journalists waited on the pavement outside her house.,有一小群记者守候在她家外面的人行道上。
germ,dʒɝm,n. [植] 胚芽，萌芽；细菌；vi. 萌芽,Put disinfectant down the toilet to kill any germs.,在抽水马桶里投放消毒剂杀菌。
flat,flæt,adj. 平的；单调的；不景气的；干脆的；平坦的；扁平的；浅的；adv. （尤指贴着另一表面）平直地；断然地；水平地；直接地，完全地；n. 平地；公寓；平面；vt. 使变平；[音乐]使（音调）下降，尤指降半音；vi. 逐渐变平；[音乐]以降调唱（或奏）,houses with flat roofs,平顶房
spill,spɪl,v. 使溢出，使流出；使摔下；n. 溢出，溅出；溢出量；摔下；小塞子,Katie almost spilled her milk.,凯蒂差点把牛奶洒出来。
flap,flæp,n. 拍打，拍打声；神经紧张；[航] 襟翼；v. 拍动；神经紧张；鼓翼而飞；（帽边等）垂下,the flap of the sails,船帆的拍动
balloon,bə'lun,v. 激增；膨胀如气球；n. 气球；adj. 像气球般鼓起的,The company’s debt has ballooned in the past year.,在过去一年里，公司的债务激增。
flag,flæg,v. 标记；衰退；枯萎；n. 标志；旗子,His enthusiasm was in no way flagging.,他的热情丝毫没有减退。
liquid,'lɪkwɪd,adj. 液体的；清澈的；明亮的；易变的；n. 液体，流体；流音,Children take antibiotics in liquid form.,儿童服用液态抗生素。
tub,tʌb,n. 浴盆；桶；vt. 把…装入桶；为…洗盆浴；vi. 洗盆浴；（衣服等）被放在桶里洗,I had a long soak in the tub.,我在浴缸里泡了很久。
eastern,'istɚn,adj. 东方的；朝东的；东洋的；n. 东方人；（美国）东部地区的人,Eastern religions,东方宗教
virtue,'vɝtʃʊ,n. 美德；优点；贞操；功效,Women have often been used as symbols of virtue.,女性常被用作美德的象征。
tug,tʌɡ,n. 拖船；拖曳；苦干；v. 用力拉；竞争；努力做,"...a 76,000-ton barge pulled by five tug boats.",…被5艘拖船拖拉着的一艘76000吨的驳船。
highway,'haɪwe,n. 公路，大路；捷径,Interstate Highway 75,75号州际公路
copper,'kɑpɚ,n. 铜；铜币；警察；adj. 铜制的；v. 镀铜,He offered to do the job for a few coppers.,他说他来做这份工作，给他几个铜板就行。
volunteer,",vɑlən'tɪr",n. 志愿者；志愿兵；adj. 志愿的；v. 自愿,Most of the relief work was done by volunteers.,大部分救援工作都由志愿人员完成。
elephant,'ɛlɪfənt,n. 象；大号图画纸,"Tom: No.Although 75% of its raw materials is elephant dung, it is light delicate fragrance instead of stink. This is due to its special fabrication technology.",不，尽管这种纸里75％的原料都是大象的粪便，但它不但不臭，反而有一种淡淡的清香，这是源于它的特殊的制造工艺。
beauty,'bjuti,n. 美；美丽；美人；美好的东西,her beauty and grace,她的美貌和优雅风姿
eccentric,ɪk'sɛntrɪk,adj. 古怪的，反常的；n. 古怪的人,His eccentric behaviour lost him his job.,他古怪的行为使他丢了工作。
mineral,'mɪnərəl,n. 矿物；（英）矿泉水；无机物；苏打水（常用复数表示）；adj. 矿物的；矿质的,The area is very rich in minerals .,该地区矿产非常丰富。
illness,'ɪlnəs,n. 病；疾病,She had all the normal childhood illnesses.,儿童的常见病她小时候都得过。
customary,'kʌstə'mɛri,adj. 习惯的；通常的；n. 习惯法汇编,Barbara answered with her customary enthusiasm.,芭芭拉以惯有的热情作了回答。
peel,pil,v. 剥，剥落；削；n. 皮,Peel and dice the potatoes.,把马铃薯去皮并切成丁。
fright,fraɪt,n. 惊吓；惊骇；v. 使惊恐,You gave me such a fright creeping up on me like that!,你这样不声不响地过来，吓了我一跳！
spine,spaɪn,n. 脊柱，脊椎；刺；书脊,cactus spines,仙人掌的刺
peep,pip,n. 偷看；隐约看见，瞥见；v. 窥视；慢慢露出，出现；吱吱叫,"""Fourteen minutes,"" Chris said, taking a peep at his watch.",“十四分钟，”克里斯瞥了一眼手表说道。
easter,istəʳ,n. 复活节,"""Happy Easter,"" he yelled.",“复活节快乐，”他喊道。
briefcase,'brifkes,n. 公文包,He popped a letter out of his briefcase.,他从公文包里突然掏出一封信。
hurl,hɝl,v. 丢下；用力投掷；愤慨地说出；n. 用力的投掷,Demonstrators were hurling bricks through the windows.,示威者在向窗里掷砖块。
impart,ɪm'pɑrt,v. 给予（尤指抽象事物），传授；告知，透露,She had information that she couldn’t wait to impart.,她得到了消息，迫不及待地想告诉别人。
summary,'sʌməri,adj. 简易的；扼要的；n. 概要，摘要，总结,a summary execution,立即处决
eighteen,",e'tin",n. 十八，十八个；adj. 十八个的，十八的；num. 十八,At least eighteen bullets were fired.,至少射出了18颗子弹。
assistant,ə'sɪstənt,n. 助手，助理，助教；adj. 辅助的，助理的；有帮助的,a clerical assistant,文书助理
humor,'hjʊmɚ,n. 幽默，诙谐；心情；v. 迎合，迁就；顺应,,
cordial,'kɔrdʒəl,adj. 热忱的，诚恳的；兴奋的；n. 补品；兴奋剂；甜香酒，甘露酒,The talks were conducted in a cordial atmosphere.,会谈在友好的气氛中进行。
signature,'sɪgnətʃɚ,n. 署名；签名；信号,Her signature is totally illegible (= cannot be read ) .,她的签字完全无法辨认。
mob,mɑb,n. 暴民，暴徒；民众；乌合之众；v. 大举包围，围攻；蜂拥进入,They were immediately surrounded by the mob.,他们立刻被那帮暴民包围了。
catalog,'kætəlɔg,n. [图情][计] 目录；登记；v. 登记；为…编目录,"I looked over the catalog you gave me this morning, and I'd like to discuss prices on your computer speakers.",今天早上我已经详细看过你给我的目录了。 我想讨论有关你们计算机扬声器的价格。
pedal,'pɛdl,v. 踩踏板；骑车；n. 踏板；脚蹬子；adj. 脚的；脚踏的,She was pedalling furiously (= very fast ) .,她飞快地踩着踏板。
metric,'mɛtrɪk,adj. 公制的；米制的；公尺的；n. 度量标准,a metric tonne,一公吨
chorus,'kɔrəs,n. 合唱队；齐声；歌舞队；v. 合唱；异口同声地说,I sing with the university chorus.,我在大学合唱队里唱歌。
brilliant,'brɪljənt,adj. 灿烂的，闪耀的；杰出的；有才气的；精彩的，绝妙的,She closed her eyes against the brilliant light .,强烈的光线下，她闭起了眼睛。
elastic,ɪ'læstɪk,adj. 有弹性的；灵活的；易伸缩的；n. 松紧带；橡皮圈,the horny elastic pad in a horse’s hoof,马蹄上粗硬而有弹性的肉掌
shrewd,ʃrud,adj. 精明的；狡猾的；机灵的；n. 精明（的人）；机灵（的人）,Malcolm is a shrewd businessman.,马尔科姆是个精明的商人。
sideways,'saɪdwez,adv. 向侧面地；向一旁；adj. 向侧面的；一旁的,A strong gust of wind blew the car sideways into the ditch.,一阵狂风把汽车横着掀进了沟里。
assurance,ə'ʃʊrəns,n. 保证，担保；（人寿）保险；确信；断言；厚脸皮，无耻,"Despite my repeated assurances, Rob still looked very nervous.",尽管我再三保证，罗布看起来还是很紧张。
footstep,'fʊtstɛp,n. 脚步；脚步声；足迹,He heard someone’s footsteps in the hall.,他听见门厅里有脚步声。
widow,'wɪdo,v. 使成寡妇；n. 寡妇；孀妇,The sorrowful widow begged for mercy.,伤心的寡妇乞怜。
shady,'ʃedi,adj. 成荫的；阴暗的；名声不好的；n. (Shady)人名；(阿拉伯)沙迪,a shady street,背阴的街道
intersection,",ɪntɚ'sɛkʃən",n. 交叉；十字路口；交集；交叉点,We crossed at a busy intersection.,我们穿过了一个繁忙的道路交叉口。
spiral,'spaɪrəl,n. 螺旋；旋涡；螺旋形之物；adj. 螺旋形的；盘旋的；v. 使成螺旋形；使作螺旋形上升,The maze is actually two interlocking spirals.,这个迷宫实际上是两个连锁的螺旋体。
grocer,ɡrosɚ,n. 杂货店；食品商,The cook and the grocer haggled over the price of eggs.,厨师和杂货商为蛋价计较个没完。
shaft,ʃæft,n. 拍杆；[机] 轴；箭杆；杆状物；v. 利用；在……上装杆,a drive shaft,驱动轴
slap,slæp,v. 拍击；侮辱；掌击；掴…的耳光；n. 掴；侮辱；掌击；拍打声；adv. 直接地；猛然地；恰好,Sarah slapped Aaron across the face.,萨拉在阿龙的脸上掴了一巴掌。
dash,dæʃ,n. 破折号；冲撞；v. 使…破灭；猛撞；泼溅,...a 160-mile dash to the hospital.,…飞奔160英里赶向医院。
inventory,'ɪnvəntɔri,n. 存货，存货清单；详细目录；财产清册,...one inventory of twelve sails for each yacht.,…为每艘游艇配备12张帆的存货。
trench,trɛntʃ,n. 沟，沟渠；战壕；堑壕；v. 掘沟,Workers dug a trench for gas lines.,工人们挖了一条沟来铺设煤气管道。
slam,slæm,v. 砰地关上；猛力抨击；n. 猛击；砰然声,We heard a car door slam.,我们听到有车门砰的一声关上了。
kick,kɪk,v. 踢；反冲，朝后座；n. 踢；反冲，后座力,He kicked the door hard.,他用力踢门。
portable,'pɔrtəbl,adj. 手提的，便携式的；轻便的；n. 手提式打字机,a portable radio,便携式收音机
plantation,plæn'teʃən,n. 栽植；殖民；大农场；adj. 适用于种植园或热带、亚热带国家的,a rubber plantation,橡胶园
mug,mʌɡ,n. 杯子；脸；苦读者；v. 扮鬼脸，做怪相,Something scared him. Probably your ugly mug !,什么东西吓着他了，很可能是你这张丑八怪的脸！
questionnaire,ˌkwɛstʃənˈɛr,n. 问卷；调查表,Teachers will be asked to fill in a questionnaire.,教师们将被要求填写一份调查问卷。
mud,mʌd,v. 弄脏；用泥涂；n. 泥；诽谤的话；无价值的东西,They daubed mud all over themselves.,他们用泥涂满全身。
shorthand,'ʃɔrthænd,n. 速记；速记法；adj. 速记法的,a secretary who takes shorthand (= writes in shorthand ),会速记的秘书
browse,braʊz,v. 浏览；吃草；n. 浏览；吃草,a feature that allows you to browse your hard drive and choose the graphic you want to display,让你可以浏览硬盘驱动器选择自己想要显示的图像的一个功能
swallow,'swɑlo,v. 忍受；吞没；n. 燕子；一次吞咽的量,You are asked to swallow a capsule containing vitamin B.,你被要求吞下一颗含维生素B的胶囊。
inlet,ɪnˌlɛt,n. 入口，进口；插入物；水湾；v. 引进; 嵌入; 插入;,There are several sheltered inlets along the coast.,沿着海岸线有几处有天然屏障的水湾。
cocaine,ko'ken,n. [药] 可卡因,The police report said she was doing cocaine.,警方报告说她正在吸可卡因。
width,wɪdθ,n. 宽度；广度,a covered terrace extending the full width of the house,和房子同宽的有顶露台
lake,lek,n. 湖；深红色颜料；胭脂红；vt. （使）血球溶解；vi. （使）血球溶解,Lake Michigan,密歇根湖
architect,'ɑrkɪtɛkt,n. 建筑师,But I am an architect.,但是我是一名建筑师。
plumber,'plʌmɚ,n. 水管工；堵漏人员,"Even without a high-school diploma, a black man can probably find a job if he looks. And some manual jobs, such as plumber or cable technician, pay quite well.",即便没有高中文凭，一个黑人只要有求职意愿，他仍可能找到工作，并且水管工和电缆维修员这类体力活，薪酬还挺不错。
clumsy,'klʌmzi,adj. 笨拙的,A clumsy waiter spilled wine all over her new skirt.,一名笨手笨脚的服务员把葡萄酒洒得她新裙子上到处都是。
liquor,'lɪkɚ,n. 酒，含酒精饮料；溶液；液体；烈酒；vi. 喝酒，灌酒；vt. 使喝醉,The room was filled with cases of liquor.,房间里满是一箱箱的烈性酒。
paddle,'pædl,n. 划桨；明轮翼；v. 拌；搅；用桨划,We might be able to push ourselves across with the paddle.,我们或许可以自己划桨过去。
toe,to,n. 脚趾；足尖；v. 用脚尖走；以趾踏触,He stubbed his toe (= hurt it by kicking it against something ) on a rock.,他的脚趾踢到一块石头上受了伤。
weight,wet,n. 重量，重力；负担；砝码；重要性；v. 加重量于，使变重,The average weight of a baby at birth is just over seven pounds.,婴儿的平均出生体重是七磅多一点。
density,'dɛnsəti,n. 密度,areas of high population density,人口密度高的地区
withhold,wɪð'hold,v. 保留，不给；隐瞒；抑制,I withheld payment until they had completed the work.,我扣着钱，直到他们完工。
lane,len,n. 小巷；[航][水运] 航线；车道；罚球区,a quiet country lane,一条宁静的乡间小路
toy,tɔɪ,n. 玩具；小装饰品；不值钱的东西；v. 玩弄；调情；随随便便地对待；adj. 作为玩具的；玩物似的,some toys for the baby,宝宝玩的一些玩具
pedestrian,pə'dɛstrɪən,adj. 徒步的；缺乏想像力的；n. 行人；步行者,a painting that is pedestrian and unimaginative,乏味又缺乏想象力的画作
tow,to,n. 拖；麻的粗纤维；拖曳所用之绳；v. 拖；牵引；曳,Can you give us a tow to the garage?,你能帮我们把车拖到修车厂吗？
compatible,kəm'pætəbl,adj. 兼容的；能共处的；可并立的,The new software is IBM compatible (= can be used with IBM computers ) .,这个新软件与IBM的计算机兼容。
fellowship,'fɛloʃɪp,n. 团体；友谊；奖学金；研究员职位,Regular outings contribute to a sense of fellowship among co-workers.,经常外出游玩可以增进同事之间的友谊。
lamb,læm,n. 羔羊，小羊；羔羊肉；v. 生小羊，产羔羊,roast lamb,烤羊肉
humid,'hjumɪd,adj. 潮湿的；湿润的；多湿气的,Tokyo is extremely humid in mid-summer.,仲夏的东京十分潮湿。
lame,lem,adj. 跛足的；僵痛的；不完全的；无说服力的；差劲的，蹩脚的；v. 变跛,a lame attempt to deflect criticism,转移批评的一个无力的尝试
snatch,snætʃ,n. 抢夺；抓举；小量；v. 夺得；抽空做；及时救助,reports of a bag snatch,抢夺手提包的报道
flour,'flaʊɚ,n. 面粉；粉状物质；v. 撒粉于；把…磨成粉,Roll the pastry out on a lightly floured board.,把面团放在撒有少许面粉的案板上擀平。
cohesive,ko'hisɪv,adj. 凝聚的；有结合力的；紧密结合的；有粘着力的,a cohesive community,团结的社区
lamp,læmp,n. 灯；照射器；vt. 照亮；vi. 发亮,She switched on the bedside lamp.,她打开了床头灯。
serial,'sɪrɪəl,adj. 连续的；连载的；分期偿还的；n. 电视连续剧；[图情] 期刊；连载小说,Keep the questions in the same serial order .,让这些问题保持原来的顺序。
equip,ɪ'kwɪp,v. 装备，配备,They try to equip their vehicles with gadgets to deal with every possible contingency.,他们尽量给他们的车辆配备各种小装置以应付任何可能的突发状况。
garlic,'ɡɑrlɪk,n. 大蒜；蒜头,Add a crushed clove of garlic (= single section of it ).,加一瓣压碎的大蒜。
poultry,'poltri,n. 家禽,...a poultry farm.,…一个家禽饲养场。
shake,ʃek,v. 动摇；摇动；震动；握手；n. 摇动；哆嗦,She shook him to wake him up.,她摇摇他，想把他叫醒。
tempo,'tɛmpo,n. 速度，发展速度；拍子,the easy tempo of island life,岛上生活的轻松节奏
shine,ʃaɪn,v. 发出光；反射光，闪耀；出类拔萃，表现突出；露出；照耀；显露；出众；n. 光亮，光泽；好天气；擦亮；晴天；擦皮鞋；鬼把戏或诡计,The sun was shining .,阳光照耀。
tin,tɪn,n. 锡；罐头，罐；马口铁；adj. 锡制的；v. 涂锡于；给…包马口铁,an old tin bath,旧的锡浴缸
obstruct,əb'strʌkt,v. 妨碍；阻塞；遮断,A small aircraft was obstructing the runway.,一架小型飞机堵住了跑道。
chancellor,'tʃænsəlɚ,n. 总理（德、奥等的）；（英）大臣；校长（美国某些大学的）；（英）大法官；（美）首席法官,"Helmut Kohl, the former German Chancellor",赫尔穆特•科尔，德国前总理
slim,slɪm,adj. 苗条的；修长的；微小的；差的；v. 使…体重减轻；使…苗条；n. (Slim)人名；(阿拉伯)萨利姆；(英、西)斯利姆,a slim young woman,身材苗条的年轻女子
vacant,'vekənt,adj. 空虚的；空的；空缺的；空闲的；茫然的；n. (Vacant)人名；(法)瓦康,Only a few apartments were still vacant.,只有几套公寓仍然空着。
damp,dæmp,v. 使潮湿；使阻尼；使沮丧，抑制；n. 潮湿，湿气；adj. 潮湿的,Damp had stained the walls.,墙上留下了潮湿的痕迹。
burden,'bɝdn,n. 负担；责任；船的载货量；v. 使负担；烦扰；装货于,His family responsibilities had started to become a burden.,家庭责任已开始成为他的负担。
undergo,",ʌndɚ'ɡo",v. 经历，经受；忍受,The country has undergone massive changes recently.,这个国家最近经历了巨大的变化。
soluble,'sɑljəbl,adj. [化学] 可溶的，可溶解的；可解决的,soluble aspirin,可溶性阿司匹林
experimental,ɛk'spɛrɪ'mɛntəl,adj. 实验的；根据实验的；试验性的,experimental animals,用于实验的动物
imaginative,ɪ'mædʒɪnətɪv,adj. 富于想象的；有创造力的,an imaginative use of computer technology,计算机技术的妙用
ambitious,æm'bɪʃəs,adj. 野心勃勃的；有雄心的；热望的；炫耀的,"Alfred was intensely ambitious, obsessed with the idea of becoming rich.",艾尔弗雷德雄心勃勃，一心想着发财。
fence,fɛns,n. 栅栏；围墙；剑术；v. 防护；用篱笆围住；练习剑术,Villagers say the fence would restrict public access to the hills.,村民们说栅栏将限制公众进入山区。
obedient,oˈbidiənt,adj. 顺从的，服从的；孝顺的,an obedient child,听话的孩子
overwhelming,",ovɚ'wɛlmɪŋ",adj. 压倒性的；势不可挡的；v. 压倒；淹没（overwhelm的ing形式）；制服,There is overwhelming evidence that smoking damages your health.,有难以辩驳的证据表明吸烟有损健康。
ascend,ə'sɛnd,v. 上升；登高；追溯,The plane ascended rapidly.,飞机迅速爬升。
hesitate,'hɛzɪtet,v. 踌躇，犹豫；不愿,Some parents hesitate to take these steps because they suspect that their child is exaggerating.,一些家长迟迟不肯采取这些措施，因为他们怀疑自己的孩子在夸大其词。
diary,'daɪəri,n. 日志，日记；日记簿,Inge kept a diary (= wrote in a diary ) during the war years.,英奇在战争年代里一直写日记。
hospitality,",hɑspɪ'tæləti",n. 好客；殷勤,Thanks for your hospitality over the past few weeks.,感谢你几周来的热情款待。
dew,du,n. 珠，滴；露水；清新；vt. （露水等）弄湿；vi. 结露水,The dew gathered on the leaves.,露水在叶片上聚集。
escalate,'ɛskəlet,v. 逐步增强；逐步升高,The costs were escalating alarmingly.,成本在以惊人的速度增长。
king,kɪŋ,n. 国王；最有势力者；王棋；vi. 统治；做国王；vt. 立…为王；adj. 主要的，最重要的，最大的,On 2 December Henry VI was crowned king (= made the king at an official ceremony ).,12月2日，亨利六世加冕为王。
refine,rɪ'faɪn,v. 精炼，提纯；改善；使…文雅,Car makers are constantly refining their designs.,汽车制造商在不断完善他们的设计。
rectangle,'rɛktæŋɡl,n. 矩形；长方形,Suppose the width of a rectangle is x metres.,设长方形的宽是 x 米。
downtown,'daʊn'taʊn,adv. 往闹市区；在市区；adj. 市中心的；n. 市中心区；三分线以外,By day he worked downtown for American Standard.,白天，他在市中心为美国标准公司工作。
expire,ɪk'spaɪɚ,v. 期满；终止；死亡；呼气,The chairman’s term of office has already expired.,主席任期已满。
spray,spreɪ,n. 喷雾；喷雾器；水沫；v. 喷射,a new hair styling spray,一种新的定型喷发剂
brim,brɪm,n. 边；边缘；v. 满溢；溢出,an old straw hat with a broad brim,一顶旧的宽边草帽
reconcile,'rɛkənsaɪl,v. 使一致；使和解；调停，调解；使顺从,The possibility remains that the two theories may be reconciled.,这两种理论仍是有可能协调的。
dictionary,'dɪkʃə'nɛri,n. 字典；词典,a German-English dictionary,一本德英词典
slit,slɪt,v. 撕裂；使有狭缝；n. 裂缝；投币口,Guy slit open the envelope.,盖伊拆开信封。
thermometer,θɚ'mɑmɪtɚ,n. 温度计；体温计,The thermometer registered over 100˚C.,温度计显示高于100摄氏度。
princess,prɪnˌsɛs,n. 公主；王妃；女巨头,Princess Anne,安妮公主
spirit,'spɪrɪt,n. 精神；心灵；情绪；志气；烈酒；v. 鼓励；鼓舞；诱拐,His spirits were so low (= he was so sad ) that he refused to answer his phone.,他情绪非常低落，连电话也不愿接。
charity,'tʃærəti,n. 慈善；施舍；慈善团体；宽容；施舍物,Several charities sent aid to the flood victims.,有几家慈善机构已向洪灾灾民送去了救援物资。
tea,ti,n. 茶叶；茶树；茶点；vt. 给…沏茶；vi. 喝茶；进茶点,Would you like a cup of tea or coffee?,你想来一杯茶还是咖啡？
spectacle,'spɛktəkl,n. 景象；场面；奇观；壮观；公开展示；表相，假相 n（复）眼镜,a multimedia dance and opera spectacle,盛大的多媒体舞蹈戏剧表演
cannon,'kænən,n. 大炮；加农炮；榴弹炮；机关炮；v. 炮轰；开炮,"The cannons boom, the band plays.",炮声隆隆，鼓乐齐鸣。
fragrant,'fregrənt,adj. 芳香的；愉快的,fragrant flowers,芳香的花朵
gear,ɡɪr,n. 齿轮；装置，工具；传动装置；v. 适合；搭上齿轮；开始工作；adj. 好极了,He’s crazy about photography – he’s got all the gear.,他对摄影很着迷——所有的器材他都有。
layoff,"'le,ɔf",n. 活动停止期间；临时解雇；操作停止；失业期,"It will close more than 200 stores nationwide resulting in the layoffs of an estimated 2,000 employees.",在全国范围内将关闭二百多家商店，造成约两千人失业。
shirt,ʃɝt,n. 衬衫；汗衫，内衣,I have to wear a shirt and tie to work.,我上班要穿衬衫打领带。
lace,les,n. 花边；鞋带；饰带；少量烈酒；v. 饰以花边；结带子,a handkerchief trimmed with lace,饰有蕾丝花边的手绢
breathe,brið,v. 呼吸；低语；松口气；（风）轻拂,"The room filled with smoke, and it was becoming difficult to breathe.",房间里全是烟，呼吸越来越困难。
symbol,'sɪmbl,n. 象征；符号；标志,The symbol on the packet is a guarantee that the food has been produced organically.,包装盒上的这个标识保证这种食物是有机生产的。
eyebrow,'aɪbraʊ,n. 眉毛；v. 为…描眉；用皱眉蹙额迫使,thick bushy eyebrows,浓密的眉毛
obedience,ə'bidjəns,n. 顺从；服从；遵守,obedience classes for dogs and their owners,为狗和主人安排的服从训练课
await,ə'wet,v. 等候，等待；期待,Several men are awaiting trial for robbery.,几个人因抢劫正在候审。
kilo,'kilo,n. 千克,This kind of chocolate is retailed at one pound a kilo.,这种巧克力糖零售每公斤一英镑。
pest,pɛst,n. 害虫；有害之物；讨厌的人,a chemical used in pest control,用于防治虫害的一种化学品
subjective,səb'dʒɛktɪv,adj. 主观的；个人的；自觉的,"As a critic, he is far too subjective.",作为评论家，他过于主观。
monetary,'mʌnɪtɛri,adj. 货币的；财政的,the government’s tight monetary policy,政府从紧的货币政策
invaluable,ɪn'væljʊəbl,adj. 无价的；非常贵重的,I was able to gain invaluable experience over that year.,在那一年里我获得了十分宝贵的经验。
miniature,ˈmɪniətʃɚ; ˈmɪnɪtʃɚ,adj. 微型的，小规模的；n. 缩图；微型画；微型图画绘画术；vt. 是…的缩影,miniature roses,微型玫瑰
dip,dɪp,v. 浸，泡，蘸；舀取；把伸入；n. 下沉，下降；倾斜；浸渍，蘸湿,Dip each apple in the syrup until thickly coated.,把每个苹果在糖浆里蘸一下，直到被厚厚地裹上糖浆。
parameter,pə'ræmɪtɚ,n. 参数；系数；参量,...some of the parameters that determine the taste of a wine.,…一些决定葡萄酒味道的参数。
weekday,'wikde,n. 平日，普通日；工作日,"If you want to avoid the crowds, it's best to come on a weekday.",如果你想避开人流，最好在工作日来。
dig,dɪɡ,v. 挖，掘；探究；n. 戳，刺；挖苦,freshly dug carrots,刚挖出来的胡萝卜
balcony,'bælkəni,n. 阳台；包厢；戏院楼厅,Has your flat got a balcony?,你的公寓有阳台吗？
enemy,'ɛnəmi,n. 敌人，仇敌；敌军；adj. 敌人的，敌方的,She’s a dangerous enemy to have.,与她为敌很危险。
tumour,,n. [肿瘤] 瘤；肿瘤；肿块,a brain tumour,脑瘤
descendant,dɪ'sɛndənt,adj. 下降的；祖传的；n. 后裔；子孙,"If you must use descendant selectors, prefer child selectors, which at least only require evaluation of one additional node, not all the intermediate nodes up to an ancestor.",如果您必须使用后代选择器，尽量使用子代选择器，这最少只需评估一个额外的节点，而非中间直至祖先的所有节点。
epoch,'ɛpək,n. [地质] 世；新纪元；新时代；时间上的一点,the Victorian epoch,维多利亚时代
gymnasium,dʒɪm'nezɪəm,n. 体育馆；健身房,I have found a new gymnasium.,我找到一个新的健身房。
preside,prɪ'zaɪd,v. 主持，担任会议主席,I shall be pleased to preside at your meetings.,我很高兴主持你们的会议。
bronze,brɑnz,n. 青铜；古铜色；青铜制品；adj. 青铜色的；青铜制的；v. 镀青铜于,a bell cast in bronze,青铜浇铸的一口钟
classroom,'klæs'rʊm; 'klæs'rʊm,n. 教室,The boy bounced out of the classroom.,那男孩突然从教室里奔出去。
sway,swe,v. 影响；统治；使摇动；n. 影响；摇摆；统治,Don’t allow yourself to be swayed by his promises.,你可不要听了他的许诺就改变主意呀。
petrol,'pɛtrəl,n. （英）汽油,unleaded petrol,无铅汽油
swan,swɑn,n. 天鹅；天鹅星座；v. 游荡，闲荡,"Toads pursuit of swans, swan disdain said: If I as long as you die!",癞蛤蟆追求天鹅，天鹅不屑地说：我要是长成你这样早去死了！
cluster,'klʌstɚ,n. 群；簇；丛；串；v. 群聚；丛生,a diamond cluster ring,群镶钻戒
lady,'ledi,n. 女士，夫人；小姐；妻子,Lady Spencer,斯宾塞夫人
